,MUNCOD,2007,2008,2009,2010,2011,2012,2013,2014,2015,2016,2017,2018,2019,2020
0,110001,0,0,2,2,3,0,0,0,0,0,0,0,0,0
1,110037,0,0,0,0,0,0,0,1,0,0,0,0,0,2
2,110034,0,0,0,0,0,0,0,1,0,0,1,0,1,0
3,110002,0,0,0,0,0,0,0,0,0,0,0,0,0,1
4,110004,0,0,0,0,0,1,0,0,0,1,1,0,2,1
5,110070,0,0,0,0,0,0,0,0,0,0,0,1,0,0
6,110012,0,0,0,0,0,0,0,1,0,0,0,1,0,0
7,110013,0,0,0,1,0,0,0,0,0,0,0,0,0,0
8,110120,0,0,0,0,0,0,0,0,0,0,0,0,1,0
9,110014,0,0,0,8,6,5,1,0,0,0,1,2,1,3
10,110018,0,0,0,1,0,0,0,0,0,0,0,1,0,0
11,110020,0,0,0,1,0,0,0,0,0,1,0,0,0,1
12,110025,0,0,0,0,0,2,0,0,0,0,0,0,0,0
13,110028,0,0,0,2,1,2,0,0,0,0,0,1,1,2
14,110149,0,0,0,0,0,0,0,0,0,1,1,2,1,0
15,110032,0,0,0,0,0,2,0,0,0,3,0,8,3,0
16,110150,0,0,0,0,0,1,2,4,0,0,2,0,1,3
17,110030,0,2,0,0,0,0,0,0,0,0,0,0,1,1
18,120020,0,0,1,1,1,0,0,0,0,0,1,0,0,0
19,130170,0,0,0,0,0,0,0,0,0,1,0,0,0,0
20,130240,0,0,0,0,0,0,0,0,0,0,0,1,0,0
21,130250,0,0,0,0,0,0,0,0,0,0,2,0,0,0
22,130260,0,1,5,1,0,0,0,0,1,0,0,0,0,0
23,130390,0,0,0,0,0,0,0,0,0,0,0,0,1,0
24,150010,0,0,0,0,0,1,0,0,0,0,0,0,0,0
25,150040,0,0,1,0,0,0,0,0,0,0,0,0,0,0
26,150060,0,1,0,0,0,0,0,0,0,0,0,0,0,0
27,150080,0,1,0,0,0,0,0,0,0,0,0,0,2,0
28,150130,0,0,0,0,0,0,0,0,0,1,0,0,0,0
29,150140,0,0,0,0,0,0,0,0,0,0,0,0,1,0
30,150180,0,0,0,0,0,0,0,2,0,0,0,0,0,0
31,150370,0,0,0,0,0,0,0,0,0,0,0,1,0,0
32,150460,0,0,0,0,1,0,0,0,0,0,0,0,0,0
33,150503,0,0,0,0,0,0,0,0,0,0,0,0,1,0
34,150580,0,0,0,0,0,0,0,0,0,1,0,0,0,0
35,150747,0,0,0,1,0,0,0,0,0,0,0,0,0,0
36,170210,0,0,0,0,0,1,0,0,0,0,0,0,0,0
37,170255,0,0,0,1,0,1,0,0,0,0,0,0,0,0
38,210080,0,0,0,0,0,0,0,0,0,0,0,1,0,0
39,210090,0,0,2,1,0,0,0,0,0,0,0,0,0,0
40,210120,0,0,1,0,0,0,0,0,0,0,0,0,0,0
41,210207,0,0,0,0,0,0,0,0,0,0,0,0,1,0
42,210610,0,0,0,0,0,0,0,0,0,0,0,0,0,1
43,210620,0,0,0,0,0,0,0,0,1,0,0,0,0,0
44,210630,0,0,1,0,0,0,0,0,0,0,0,0,0,0
45,210632,0,0,0,0,0,0,0,0,0,0,0,1,0,0
46,210650,0,0,0,0,0,0,0,0,0,1,0,0,0,0
47,210750,0,0,0,0,0,0,0,1,0,0,0,0,0,0
48,210760,0,0,0,0,0,0,0,0,0,0,0,1,0,0
49,210927,0,0,0,0,0,0,0,0,0,1,0,0,0,0
50,211020,0,0,0,0,0,0,0,0,0,0,0,1,0,0
51,211130,0,1,0,0,0,0,0,0,1,2,1,4,0,0
52,211250,0,0,0,1,0,0,0,0,0,0,0,0,0,0
53,211270,0,0,0,0,0,0,0,0,0,0,0,1,0,0
54,211280,0,0,0,0,0,0,0,1,0,0,0,0,0,0
55,220040,1,0,0,1,0,2,2,0,1,0,1,0,0,0
56,220090,0,0,0,0,0,0,0,1,0,0,0,1,1,0
57,220120,0,0,0,0,0,0,0,0,0,0,0,0,2,0
58,220150,0,0,0,0,0,0,0,0,0,0,0,0,1,0
59,220160,0,0,0,0,0,0,0,0,0,0,0,0,0,1
60,220190,0,0,0,0,0,0,0,0,0,0,0,1,0,0
61,220191,0,0,0,0,0,0,0,1,0,0,0,0,0,0
62,220200,0,0,0,0,0,0,0,0,0,0,1,0,0,0
63,220205,0,0,0,1,0,0,0,0,0,0,0,0,0,0
64,220220,0,0,1,0,0,0,0,0,0,1,0,0,0,0
65,220253,0,0,0,0,0,0,0,0,0,0,0,1,0,0
66,220265,0,0,0,0,0,0,0,0,0,0,1,0,0,0
67,220277,0,0,0,0,0,0,0,0,0,1,0,0,1,0
68,220290,0,0,0,0,0,0,0,0,0,0,1,1,0,0
69,220330,0,0,0,0,1,0,0,0,0,0,0,1,1,0
70,220350,0,0,0,0,0,0,0,0,1,0,0,0,0,0
71,220370,0,0,0,1,0,0,0,1,0,0,0,3,0,0
72,220390,0,0,1,0,0,0,1,0,0,0,0,0,0,0
73,220400,0,0,0,0,0,0,0,0,0,0,0,0,1,0
74,220420,0,0,0,0,0,0,0,1,0,0,0,0,0,0
75,220470,0,0,0,0,1,0,0,0,0,0,1,1,1,0
76,220527,0,0,0,0,0,0,0,0,0,0,0,0,1,0
77,220540,0,0,0,0,0,1,0,0,0,0,0,0,0,0
78,220550,0,1,1,0,0,0,0,2,0,0,0,0,0,0
79,220559,0,0,0,0,0,0,0,0,0,0,0,1,0,0
80,220570,0,0,0,0,0,0,0,0,1,0,1,0,0,0
81,220585,0,0,0,0,0,0,0,0,0,0,0,0,1,0
82,220610,0,0,0,0,0,0,0,0,0,0,0,0,1,0
83,220620,0,0,0,0,0,0,0,0,0,0,0,1,0,0
84,220640,0,0,0,0,0,0,0,0,0,0,1,0,0,0
85,220650,0,0,0,0,0,0,0,0,0,1,0,0,0,0
86,220669,0,0,0,1,0,1,0,0,1,0,0,2,0,0
87,220700,0,0,0,0,0,0,0,0,1,0,0,1,2,0
88,220770,0,2,5,3,2,5,0,3,2,2,3,2,3,0
89,220800,0,0,0,0,0,0,0,1,0,0,0,0,0,0
90,220810,0,0,0,0,0,0,0,0,0,0,1,0,2,0
91,220840,0,0,0,0,0,0,0,0,0,1,0,0,0,0
92,220880,0,0,0,1,0,0,0,0,1,0,0,0,0,0
93,221020,0,0,0,0,0,0,0,0,0,1,0,1,0,0
94,221040,0,0,1,0,0,0,0,0,0,0,0,1,0,0
95,221100,1,4,3,16,7,10,11,4,17,8,21,17,17,0
96,221110,0,0,0,0,0,1,1,0,0,1,0,0,0,0
97,221120,0,1,0,0,0,0,0,0,0,0,0,0,0,0
98,221130,0,0,0,0,0,0,0,0,0,1,0,5,1,0
99,230015,0,0,0,0,1,0,0,0,0,0,0,0,0,0
100,230100,0,0,0,0,0,0,1,0,0,1,0,0,0,0
101,230110,0,0,0,0,0,0,1,0,0,0,0,0,0,0
102,230130,0,0,0,0,0,0,1,0,0,0,0,0,0,0
103,230190,0,0,0,0,0,0,0,0,1,0,0,0,2,0
104,230200,0,0,0,0,0,0,0,0,0,0,0,0,1,1
105,230260,0,0,0,0,0,0,0,0,0,1,0,0,0,0
106,230280,0,0,0,0,0,0,0,0,0,0,0,0,1,0
107,230300,0,0,0,1,0,0,0,0,0,0,0,0,0,0
108,230320,0,0,0,0,0,0,0,1,0,0,0,0,1,0
109,230370,0,0,0,0,1,1,1,0,1,0,0,2,0,0
110,230420,0,1,0,0,0,0,2,0,1,0,0,0,0,0
111,230428,0,0,0,0,1,0,0,0,0,0,0,2,0,0
112,230430,0,0,0,0,0,0,0,1,0,0,0,0,0,0
113,230440,0,3,8,5,6,7,11,6,8,9,8,6,9,2
114,230495,0,0,1,0,0,0,0,1,0,0,0,0,0,0
115,230523,0,0,0,0,0,0,1,0,0,0,0,0,0,0
116,230625,0,0,0,0,1,1,0,0,0,0,0,0,0,0
117,230640,0,0,0,0,0,0,1,1,0,0,0,0,0,0
118,230680,0,0,0,0,0,0,0,0,0,0,0,0,1,0
119,230690,0,0,0,0,0,0,0,2,0,0,0,0,0,0
120,230710,0,0,0,0,0,0,0,2,0,0,0,0,0,0
121,230730,0,4,2,1,0,0,0,0,1,0,1,3,1,0
122,230765,0,0,0,0,1,0,0,2,0,1,0,0,0,0
123,230810,0,0,0,0,0,0,0,1,0,0,0,0,0,0
124,230840,0,0,0,0,0,0,0,1,0,0,0,0,0,1
125,230945,0,0,0,0,0,0,1,0,0,0,0,0,0,0
126,230960,0,0,0,0,0,0,0,0,0,0,3,0,0,0
127,230970,0,0,0,0,0,0,0,0,0,1,0,1,0,0
128,231010,0,1,0,0,0,0,0,0,0,0,0,0,0,0
129,231020,0,0,0,0,0,0,0,1,0,1,0,0,0,0
130,231030,0,0,0,0,0,0,0,0,0,0,0,0,1,0
131,231120,0,0,0,0,0,0,0,0,0,0,1,0,0,0
132,231140,0,0,0,0,0,0,0,0,0,0,0,0,0,1
133,231240,0,0,0,0,0,0,0,1,0,0,0,0,0,0
134,231270,0,0,0,0,0,1,0,0,0,0,0,0,0,0
135,240020,0,0,0,0,0,0,0,0,0,0,0,3,2,0
136,240080,0,0,0,0,0,0,0,0,0,0,0,0,1,0
137,240160,0,0,0,0,0,1,0,0,0,0,0,0,0,0
138,240170,0,0,0,0,0,0,0,0,0,0,0,1,2,0
139,240200,0,0,0,0,0,0,0,0,0,0,1,1,0,0
140,240220,0,0,0,0,0,0,1,1,0,0,0,1,0,0
141,240240,0,0,0,0,0,0,0,0,0,0,0,1,0,0
142,240260,0,1,0,0,0,0,0,0,0,0,0,0,2,0
143,240270,0,0,0,0,1,0,0,0,0,0,0,1,0,0
144,240310,0,0,1,0,0,1,0,0,2,0,0,1,1,0
145,240360,0,0,0,0,0,1,0,0,0,0,0,0,1,0
146,240375,0,0,0,0,0,0,0,0,0,0,0,0,1,0
147,240540,0,0,0,0,0,0,0,0,0,0,0,1,1,0
148,240580,0,1,0,0,0,0,0,0,0,1,0,0,1,0
149,240610,0,1,0,0,0,0,0,0,0,0,0,0,0,0
150,240650,0,0,0,0,0,0,0,0,0,0,0,0,1,0
151,240660,0,0,0,0,0,0,0,0,1,0,0,2,0,0
152,240690,0,0,0,0,0,0,0,0,0,0,0,0,1,0
153,240710,0,0,0,0,0,0,1,1,0,0,0,1,1,0
154,240800,0,0,0,2,0,0,1,1,0,0,1,0,0,0
155,240810,0,4,0,0,1,0,1,1,0,0,4,32,19,0
156,240820,0,0,0,0,0,0,0,0,0,0,1,2,0,0
157,240860,0,0,0,0,0,0,0,0,0,0,0,0,1,0
158,240890,0,0,0,1,0,0,0,0,0,0,0,1,0,0
159,240325,0,0,0,0,0,0,0,0,0,0,0,6,2,0
160,240910,0,0,0,0,0,0,0,0,0,0,0,1,0,0
161,240940,0,0,0,0,0,0,0,0,0,0,0,1,1,0
162,240980,0,0,0,0,0,0,0,0,0,0,0,0,1,0
163,241010,0,0,0,0,0,0,0,0,0,0,0,0,1,0
164,241090,0,0,0,0,0,0,0,0,0,0,0,0,1,0
165,240895,0,0,0,0,0,0,0,0,0,0,2,1,0,0
166,241120,0,1,0,0,1,2,0,0,0,1,1,3,4,0
167,240933,0,0,0,0,0,1,0,0,0,0,0,0,0,0
168,241140,0,0,0,0,0,0,0,0,0,0,0,1,0,0
169,241170,0,0,0,0,0,0,0,0,0,0,1,0,0,0
170,241200,0,0,0,0,0,1,0,0,0,0,1,0,4,0
171,241220,0,0,4,0,0,0,0,0,0,0,2,2,4,0
172,241240,0,0,0,0,0,0,0,0,0,0,0,0,1,0
173,241270,0,0,0,0,0,0,0,0,0,0,0,1,0,0
174,241280,0,0,0,1,0,0,0,0,0,0,0,1,0,0
175,241300,0,0,0,0,0,0,0,0,0,0,0,1,0,0
176,241320,0,0,0,0,0,0,0,0,0,0,0,1,0,0
177,241030,0,0,0,0,0,0,0,0,0,0,0,0,2,0
178,241335,0,0,0,0,0,0,0,0,0,0,0,1,0,0
179,241370,0,0,0,0,0,0,0,0,0,0,0,1,0,0
180,241400,0,0,0,0,0,0,0,1,0,0,1,0,0,0
181,241470,0,0,0,0,0,0,0,0,0,0,0,0,1,0
182,241500,0,0,0,0,0,0,0,1,0,0,0,0,0,0
183,250030,0,0,0,0,0,0,0,0,0,0,0,0,1,0
184,250060,0,0,0,0,1,0,0,0,0,1,0,0,1,0
185,250180,0,0,0,1,0,0,0,0,3,2,1,1,2,0
186,250300,0,0,0,0,0,0,0,0,0,0,0,2,0,0
187,250320,0,0,0,0,0,0,0,1,0,0,0,0,0,0
188,250400,0,0,1,0,0,0,0,0,0,1,0,0,0,0
189,250460,0,0,0,0,0,0,0,0,1,0,1,0,0,0
190,250510,0,0,0,0,0,1,0,0,1,0,0,0,0,0
191,250580,0,0,0,0,0,0,0,0,0,0,0,0,1,0
192,250600,0,0,0,0,0,0,0,0,0,0,1,0,0,0
193,250690,0,1,0,0,0,0,0,0,0,0,0,0,0,0
194,250710,0,0,0,0,0,0,0,0,0,0,1,0,0,0
195,250730,0,0,0,0,0,0,0,0,0,0,1,0,0,0
196,250750,0,2,1,2,1,4,1,1,5,4,8,17,11,0
197,250970,0,0,0,0,0,0,0,1,0,0,0,0,0,0
198,251010,0,1,0,0,0,0,0,0,0,0,0,0,0,0
199,251160,0,0,0,0,0,0,0,0,0,0,0,1,0,0
200,251230,0,0,0,0,0,1,0,0,0,0,0,0,0,0
201,251270,0,0,1,0,0,0,0,0,0,0,0,0,0,0
202,251290,0,0,0,0,0,0,0,0,1,0,0,0,0,0
203,251370,0,0,1,0,0,0,0,0,0,0,0,3,1,0
204,251390,0,0,0,0,0,0,0,0,0,0,0,1,0,0
205,251490,0,3,0,0,0,0,0,0,0,0,0,0,0,0
206,251530,0,0,0,0,0,0,0,0,0,1,1,0,0,0
207,251620,0,0,0,0,0,0,0,0,0,0,0,0,1,0
208,260005,0,1,1,1,1,1,0,1,0,1,2,1,1,0
209,260010,0,0,1,1,0,0,0,0,0,0,0,0,0,0
210,260070,0,0,0,0,0,0,0,0,0,0,0,0,1,0
211,260110,0,0,0,1,0,0,0,0,0,0,0,0,0,0
212,260120,0,0,0,0,0,0,0,0,0,0,0,0,1,0
213,260130,0,0,0,0,0,0,0,0,0,0,0,0,1,0
214,260140,0,0,0,0,0,0,0,0,0,0,1,0,2,0
215,260150,0,1,0,0,0,0,0,0,0,0,0,0,0,0
216,260160,0,0,0,0,0,1,1,0,0,0,0,0,0,0
217,260170,0,0,0,0,0,0,0,1,0,0,1,0,0,0
218,260210,0,0,1,0,0,1,0,0,0,0,0,0,0,0
219,260220,0,0,0,0,1,0,0,0,0,0,0,0,0,0
220,260230,0,0,0,1,0,0,0,0,0,0,0,0,0,0
221,260270,0,0,0,0,0,0,0,1,0,0,0,0,1,0
222,260290,0,2,0,0,3,2,0,0,0,0,3,1,5,1
223,260300,0,0,0,0,0,0,0,0,0,0,0,1,0,0
224,260345,0,2,2,4,2,3,1,1,0,0,3,3,1,0
225,260380,0,0,0,0,0,0,0,0,1,0,0,0,0,0
226,260390,0,0,0,0,0,0,0,0,0,0,1,1,0,0
227,260400,0,0,0,2,0,1,0,0,0,0,0,1,0,0
228,260410,0,2,0,0,1,1,0,0,0,1,0,0,4,0
229,260440,0,0,0,0,0,0,0,0,0,1,0,0,0,0
230,260520,0,0,0,0,0,0,0,1,0,0,0,0,0,0
231,260540,0,0,1,0,0,0,0,0,0,0,0,0,0,0
232,260590,0,0,0,0,0,1,0,0,0,0,0,0,0,0
233,260620,0,0,1,0,2,0,0,0,1,0,0,1,0,0
234,260640,0,0,0,0,0,1,0,0,0,1,1,0,0,0
235,260680,0,0,0,1,1,0,0,1,0,0,1,2,2,0
236,260760,0,1,0,0,0,0,0,0,0,0,0,0,0,0
237,260700,0,0,0,0,0,0,0,0,0,0,0,0,1,0
238,260720,0,0,0,0,1,0,0,0,0,1,0,0,1,0
239,260765,0,0,0,2,1,0,0,0,0,0,0,0,0,0
240,260770,0,0,0,0,0,0,0,0,0,0,1,1,2,2
241,260775,0,0,0,1,1,0,0,0,0,0,0,0,0,0
242,260780,0,0,0,0,0,0,0,1,0,0,0,0,0,0
243,260790,0,2,4,1,8,3,1,6,3,6,2,6,5,0
244,260800,0,0,0,0,0,0,0,0,0,1,0,0,0,0
245,260820,0,0,0,0,0,0,0,0,0,0,0,0,1,0
246,260830,0,0,0,0,0,1,0,0,0,0,0,0,0,0
247,260845,0,0,0,0,1,0,0,0,0,0,0,0,0,0
248,260880,0,0,0,0,0,0,0,0,0,0,1,1,0,0
249,260890,0,1,0,1,1,0,0,1,0,0,0,0,0,1
250,260900,0,0,0,0,0,0,0,0,0,0,1,0,0,0
251,260940,0,1,0,2,1,0,0,1,2,0,0,0,0,0
252,260950,0,0,0,1,1,1,1,1,0,0,0,0,0,0
253,260960,1,3,4,9,7,9,0,6,6,4,7,3,7,1
254,260990,0,0,0,0,0,0,0,0,0,1,0,0,0,0
255,261000,0,0,0,0,0,0,0,1,0,0,0,0,0,0
256,261060,0,0,0,0,1,0,0,0,0,0,1,0,0,0
257,261070,0,0,4,4,4,4,1,1,2,2,0,3,0,0
258,261090,0,0,0,1,0,0,0,0,0,0,0,0,3,0
259,261100,0,0,0,1,0,0,0,0,0,0,0,0,1,0
260,261110,0,0,0,1,2,0,0,0,0,0,0,0,1,0
261,261130,0,0,0,1,0,0,0,0,0,0,0,0,0,0
262,261160,3,19,25,23,40,13,3,8,14,5,10,12,11,4
263,261180,0,0,0,0,0,0,0,0,1,0,0,0,0,0
264,261190,0,0,0,0,0,2,0,0,0,0,0,0,0,0
265,261200,0,0,0,1,0,0,0,0,0,0,0,0,0,0
266,261220,0,0,0,1,0,0,0,0,0,0,0,0,0,0
267,261280,0,0,0,0,0,0,0,0,0,1,0,0,0,0
268,261300,0,0,0,0,0,0,0,0,2,0,0,0,0,0
269,261310,0,0,0,0,0,0,0,0,0,0,0,0,1,0
270,261330,0,0,0,0,1,0,0,0,0,0,1,0,0,0
271,261370,0,0,1,2,1,1,0,0,1,1,0,2,0,0
272,261390,0,0,0,0,0,0,0,0,0,0,0,0,1,0
273,261420,0,1,0,0,0,1,0,0,0,0,0,1,0,0
274,261450,1,1,0,1,0,0,1,0,0,0,0,1,0,0
275,261460,0,0,0,0,0,0,0,0,1,1,0,0,0,0
276,261510,0,0,0,0,0,0,0,0,0,0,0,0,1,0
277,261618,0,0,0,1,0,0,0,0,0,0,0,0,0,0
278,261630,0,0,0,0,0,0,0,0,0,0,1,0,0,0
279,261640,0,0,0,0,0,1,0,1,0,0,0,0,0,0
280,261650,0,0,0,0,0,0,0,1,0,0,0,0,0,0
281,270030,0,0,0,0,1,0,2,1,0,0,0,0,0,0
282,270230,0,0,0,0,1,0,0,0,0,0,0,0,0,0
283,270250,0,0,0,0,0,0,0,0,0,0,0,1,0,0
284,270310,0,0,0,0,0,1,0,0,0,0,0,0,0,0
285,270370,0,0,0,0,0,0,0,0,0,0,1,0,0,0
286,270430,0,1,0,6,13,6,6,6,4,7,4,9,10,0
287,270440,0,0,0,0,0,0,1,0,0,0,0,0,0,0
288,270520,0,0,0,0,0,0,1,0,0,0,0,0,0,0
289,270550,0,0,0,0,0,1,0,0,0,0,0,0,0,0
290,270570,0,0,0,0,0,0,1,0,0,0,0,0,0,0
291,270630,0,0,0,0,0,0,1,0,0,0,0,0,0,0
292,270670,0,0,0,0,1,0,0,0,0,0,0,0,0,0
293,270690,0,0,0,0,0,1,0,0,0,0,0,0,1,0
294,270770,0,0,0,0,1,1,1,0,0,0,0,1,0,0
295,270790,0,0,0,0,0,1,0,0,0,0,0,0,0,0
296,270800,0,1,0,0,0,0,0,0,0,0,0,0,0,0
297,270830,0,0,0,0,0,1,0,0,0,0,0,0,0,0
298,270860,0,0,0,0,1,0,0,0,0,0,0,0,0,0
299,270870,0,0,0,0,0,0,0,0,0,0,1,0,1,0
300,270895,0,0,0,0,1,0,0,0,0,0,0,0,0,0
301,270915,0,0,0,0,1,1,0,0,0,1,0,0,1,0
302,270930,0,1,0,0,1,0,0,0,0,0,0,0,1,0
303,280550,0,0,0,1,0,0,0,0,0,0,0,0,0,0
304,290070,0,0,0,0,0,0,0,0,0,0,0,1,0,0
305,290100,0,0,0,0,0,0,0,0,0,0,0,1,0,0
306,290310,0,0,0,3,5,0,0,0,0,0,0,0,0,0
307,290390,0,0,0,0,0,0,0,0,0,0,1,0,0,0
308,290520,0,0,0,0,0,0,1,0,0,0,0,0,0,0
309,290550,0,0,0,0,1,0,0,0,0,0,0,1,0,0
310,290570,0,0,0,0,1,0,0,0,0,0,0,0,1,0
311,290730,0,0,0,0,0,0,0,0,0,0,0,0,1,0
312,291072,0,1,0,0,0,0,0,0,0,0,0,0,0,0
313,291080,0,0,0,0,0,0,0,1,0,0,0,0,0,0
314,291085,0,0,0,0,0,0,0,0,0,0,1,0,0,0
315,291110,0,1,0,0,0,0,0,0,0,0,0,0,0,0
316,291150,0,0,0,0,0,0,0,0,0,0,0,1,0,0
317,291170,0,0,0,0,0,0,0,0,0,0,0,0,1,0
318,291290,0,0,0,1,14,1,0,0,0,0,0,0,0,0
319,291320,0,0,1,0,0,0,0,0,0,0,0,0,0,0
320,291360,0,0,1,0,0,0,0,0,0,0,0,0,0,0
321,291390,0,0,0,0,1,0,0,0,0,0,0,0,0,0
322,291470,0,0,0,2,0,0,0,0,0,0,0,0,0,0
323,291480,0,0,0,0,0,0,1,0,0,0,0,0,0,0
324,291520,0,0,0,0,1,0,0,0,0,0,0,0,0,0
325,291690,0,0,0,0,0,0,0,0,0,0,0,0,3,0
326,291700,0,0,0,0,0,0,0,0,0,0,4,0,0,0
327,291750,0,0,0,0,0,0,0,0,0,1,0,0,0,0
328,291820,0,0,0,1,0,0,0,0,0,0,0,0,0,0
329,291840,0,0,0,0,0,0,0,0,0,0,0,0,1,0
330,291915,0,0,0,0,0,0,1,0,0,0,0,0,0,0
331,291920,0,0,0,0,0,0,0,0,0,2,0,1,0,0
332,292010,0,0,0,0,0,0,0,0,0,0,0,0,1,0
333,292060,0,0,0,0,0,0,0,0,0,1,0,0,0,0
334,292120,0,0,0,0,0,0,0,0,0,0,0,1,0,0
335,292150,0,0,0,1,1,0,0,0,0,0,0,0,0,0
336,292230,0,0,0,0,0,0,0,0,1,0,0,0,0,0
337,292580,0,1,0,0,0,0,0,0,0,0,0,0,0,0
338,292720,0,0,0,0,0,0,0,0,0,0,0,0,1,0
339,292740,0,1,6,3,0,1,0,2,6,5,2,9,2,1
340,292750,0,0,0,0,0,0,0,0,0,0,0,1,0,0
341,292800,0,0,0,0,0,0,0,0,0,1,0,0,0,0
342,292860,0,0,0,0,0,0,0,0,0,0,0,1,0,0
343,292910,0,0,0,0,0,0,0,0,0,0,0,1,0,0
344,292950,0,1,0,0,0,0,0,0,0,0,0,0,0,0
345,292960,0,0,0,0,0,0,0,0,0,1,0,1,0,0
346,293010,0,0,0,2,2,0,0,0,0,0,0,0,0,0
347,293070,0,0,6,3,0,0,0,0,0,0,0,0,0,0
348,293230,0,0,0,1,10,1,0,0,0,0,0,0,0,0
349,293290,0,1,0,0,0,0,0,0,0,0,0,0,0,0
350,293330,0,0,0,0,0,0,0,0,0,0,0,0,0,2
351,310010,0,0,0,0,0,1,0,0,0,0,0,0,0,0
352,310160,0,0,0,0,1,0,0,0,0,0,0,0,1,0
353,310190,0,0,0,0,1,0,0,0,1,0,0,0,0,0
354,315350,0,0,0,0,0,0,0,0,0,0,0,0,1,0
355,310260,0,2,0,0,0,0,0,0,0,0,0,0,0,0
356,310350,0,0,0,1,0,1,0,1,0,0,0,0,0,0
357,310400,0,0,0,0,0,0,0,0,0,0,0,1,0,0
358,310410,0,1,1,0,0,0,0,0,0,0,0,0,0,0
359,310445,0,0,0,0,0,0,0,0,0,0,0,1,0,0
360,310540,0,0,0,0,0,0,0,0,0,0,0,0,0,1
361,310620,3,34,37,18,11,21,23,15,12,22,23,24,32,1
362,310630,0,0,0,0,0,0,0,1,0,0,0,0,0,0
363,310670,0,0,1,3,1,1,1,1,0,0,0,2,0,0
364,310710,0,0,0,1,0,0,0,0,0,0,0,0,0,0
365,310730,0,0,0,0,1,1,0,1,0,0,0,1,1,0
366,310740,0,1,0,0,0,0,0,0,0,0,0,0,0,0
367,310810,0,0,0,0,0,1,0,0,0,0,0,0,0,0
368,310860,0,0,1,0,0,0,0,0,0,0,0,0,0,0
369,310900,0,0,1,0,0,0,0,0,1,0,0,0,0,0
370,310950,0,0,0,0,0,0,1,0,0,0,0,0,0,0
371,311000,0,0,1,0,0,0,0,0,0,0,0,0,0,0
372,311050,0,0,0,0,0,1,0,0,0,0,0,0,0,0
373,311160,0,1,0,0,0,0,0,0,0,0,0,0,0,0
374,311200,0,0,0,0,0,0,0,1,0,0,0,0,0,0
375,311230,0,0,1,0,0,3,2,0,0,0,0,0,0,0
376,311450,0,0,0,0,0,0,1,0,1,0,0,0,0,0
377,311535,0,0,0,0,0,1,0,0,0,0,0,0,0,0
378,311550,0,1,0,0,0,0,0,0,0,0,0,0,0,0
379,311520,0,0,0,0,0,1,0,0,0,0,0,0,0,0
380,311860,0,3,2,0,3,1,3,0,7,6,1,1,2,1
381,311880,0,0,0,0,0,0,0,0,0,0,0,0,0,1
382,311940,0,3,0,0,0,1,0,0,0,0,0,0,0,0
383,311990,0,1,0,0,0,0,0,0,0,0,0,0,0,0
384,312130,0,0,0,0,1,0,0,0,0,0,1,0,0,0
385,312230,0,0,0,1,0,0,0,0,1,1,0,0,0,0
386,312380,0,1,0,0,0,0,0,0,0,0,0,0,0,0
387,312390,0,0,0,0,0,1,0,0,0,1,0,0,0,0
388,312600,0,0,0,0,0,0,0,0,1,0,0,0,0,0
389,312610,0,0,0,0,0,0,0,0,1,0,0,0,0,0
390,312710,0,0,0,0,0,0,0,0,0,0,1,0,0,0
391,312750,0,0,0,0,0,0,1,0,0,0,0,0,0,0
392,312825,0,0,1,1,0,1,0,0,0,0,0,0,0,0
393,312980,0,1,1,0,0,1,0,0,0,1,0,0,1,0
394,313010,0,0,0,0,0,0,0,0,0,0,0,1,0,0
395,313170,0,1,0,0,0,1,1,0,0,0,0,0,0,0
396,313190,0,0,0,0,0,0,0,1,0,0,0,0,0,0
397,313200,0,0,0,0,0,1,0,0,0,0,0,0,0,0
398,313250,0,0,0,0,0,1,0,0,0,0,0,0,0,0
399,313380,1,0,0,0,0,0,0,0,1,0,0,0,0,0
400,313460,0,0,1,0,0,1,0,0,0,0,0,0,0,0
401,313535,0,0,1,0,0,0,0,0,0,0,0,0,0,0
402,313620,0,3,0,0,0,0,0,0,0,0,0,0,0,0
403,313670,1,0,2,2,3,1,0,0,3,5,2,1,3,1
404,313700,0,0,0,4,7,0,0,0,0,0,0,0,0,0
405,313720,0,0,0,0,0,0,0,0,0,1,0,0,0,0
406,313760,0,0,2,1,0,0,0,0,0,0,0,0,0,0
407,313820,0,0,0,0,0,0,0,0,0,1,0,0,0,0
408,313840,0,0,0,0,0,0,0,0,1,0,0,0,0,0
409,313850,0,0,0,0,0,0,1,0,0,0,0,0,0,0
410,313970,0,0,1,0,0,0,0,0,0,0,0,0,0,0
411,314070,0,2,0,0,0,0,0,4,0,0,0,0,0,0
412,314110,0,1,1,0,1,0,0,0,0,0,1,0,1,0
413,314180,0,0,0,0,0,1,0,0,0,0,0,0,0,0
414,314310,0,0,0,0,0,0,0,0,0,0,1,0,0,0
415,314340,0,0,0,0,0,0,0,0,0,1,0,0,0,0
416,314330,0,3,0,0,1,1,0,0,0,1,0,0,1,0
417,314350,0,0,0,0,0,0,0,1,0,0,0,0,0,0
418,314360,0,1,0,0,0,0,0,0,0,0,0,0,0,0
419,314380,0,1,0,0,0,0,0,0,0,0,0,0,0,0
420,314480,0,1,0,3,0,0,0,0,0,0,0,0,0,0
421,314510,0,0,0,0,0,0,0,0,0,1,0,0,0,0
422,314570,0,0,0,1,0,0,0,0,0,0,0,0,0,0
423,314600,0,0,0,0,0,0,0,0,0,0,1,0,0,0
424,314610,0,0,0,0,0,0,0,0,0,0,1,0,0,0
425,314710,0,0,0,1,0,1,0,0,0,0,0,0,0,0
426,314720,0,0,0,1,0,0,0,0,0,0,0,0,0,0
427,314740,0,0,0,0,0,0,0,0,0,1,0,0,0,0
428,314795,0,0,1,0,0,0,0,0,0,0,0,0,0,0
429,314870,0,0,0,0,0,0,0,0,2,0,0,0,0,0
430,315150,0,0,1,0,0,0,0,0,0,0,0,0,0,0
431,315200,0,0,0,0,1,0,0,0,0,1,0,1,0,0
432,315210,0,0,1,0,0,0,0,0,0,0,0,0,0,0
433,315240,0,0,13,16,7,0,0,0,0,0,0,0,0,0
434,315250,0,3,0,0,0,0,0,0,0,0,0,0,0,0
435,315270,0,1,0,0,0,0,0,0,0,0,0,0,0,0
436,315360,0,0,0,0,0,0,1,0,0,0,0,0,0,0
437,315460,0,1,3,0,2,2,1,1,1,2,0,0,0,0
438,315490,0,0,0,0,1,0,0,0,0,0,1,0,0,0
439,315580,0,0,0,0,1,0,0,0,0,0,0,0,0,0
440,315590,0,0,0,0,0,0,0,0,0,1,0,0,0,0
441,315600,0,0,0,0,0,0,0,0,0,0,0,0,1,0
442,315670,0,0,2,0,0,1,3,1,0,0,1,0,0,0
443,315690,0,0,0,0,0,0,0,0,0,0,1,0,1,0
444,315720,0,0,0,0,0,0,1,0,0,0,0,0,0,0
445,315780,0,2,0,3,3,1,2,0,0,0,0,0,1,0
446,315790,0,0,0,0,0,0,0,0,0,0,1,0,0,0
447,315800,0,0,0,0,0,0,0,0,0,0,0,0,0,1
448,315830,0,0,0,0,1,0,0,0,0,0,0,0,0,0
449,316070,0,0,0,0,0,0,0,0,0,0,0,0,1,0
450,316110,0,0,1,0,0,0,0,1,0,0,0,0,0,0
451,316190,0,0,0,0,0,0,0,0,1,0,0,0,0,0
452,316240,0,0,0,0,0,0,0,0,0,0,1,0,0,0
453,316250,0,0,0,0,1,0,0,0,0,0,0,0,0,0
454,316390,0,1,0,0,0,0,0,1,0,0,0,0,0,0
455,316447,0,0,0,0,0,0,0,0,0,0,0,1,0,0
456,316520,0,0,0,0,1,0,0,0,0,0,0,0,0,0
457,316710,0,0,0,0,0,0,0,0,0,1,0,0,0,0
458,316720,0,0,0,1,0,0,0,0,0,0,0,0,0,0
459,316790,0,0,0,1,0,0,0,0,0,0,0,0,0,0
460,316860,0,0,0,1,0,1,0,0,0,0,0,0,0,0
461,316870,0,0,0,1,0,0,1,0,0,0,0,0,0,1
462,316930,0,0,0,0,1,0,0,0,0,0,0,0,0,0
463,316935,0,0,0,0,0,0,0,1,0,0,0,0,0,0
464,316940,0,1,2,0,0,0,0,0,0,0,0,0,0,0
465,316970,0,0,0,0,0,0,0,0,1,0,0,0,0,0
466,316990,0,0,1,1,0,0,0,0,0,0,0,0,0,0
467,317010,0,0,1,0,0,0,0,0,0,4,2,3,2,0
468,317020,0,0,0,0,1,0,0,1,1,0,0,0,0,0
469,317040,0,1,0,0,0,0,0,0,0,0,0,0,0,0
470,317043,0,0,0,0,0,0,0,0,0,0,0,0,1,0
471,317070,0,0,0,0,0,0,0,0,0,0,0,0,1,0
472,317080,0,0,0,0,0,0,0,0,0,0,0,1,0,0
473,317110,0,0,0,0,0,0,0,0,0,0,1,0,0,0
474,317120,0,0,0,0,0,0,0,0,0,0,1,0,0,0
475,317130,0,3,0,0,3,1,1,3,0,0,0,0,0,0
476,317200,0,1,0,0,0,0,0,0,0,0,0,0,0,0
477,320035,0,0,0,0,0,0,0,1,0,0,0,0,0,0
478,320050,0,9,2,1,0,0,0,0,0,0,0,0,0,0
479,320060,0,0,0,0,0,0,0,0,0,0,1,0,0,0
480,320070,0,0,0,1,0,0,0,0,0,0,0,0,0,0
481,320110,0,2,1,2,0,0,0,0,0,0,0,0,0,0
482,320120,0,1,0,0,0,0,0,0,0,0,0,0,0,0
483,320130,0,0,0,0,1,1,1,0,1,0,1,2,1,0
484,320150,0,0,0,0,0,0,2,2,0,0,0,1,0,0
485,320180,0,4,1,0,0,0,0,0,0,0,0,0,0,0
486,320190,0,0,0,0,0,0,0,0,0,0,0,0,1,0
487,320210,0,0,0,1,0,0,1,0,0,0,0,0,0,0
488,320230,0,1,0,0,0,0,0,0,0,0,0,0,0,0
489,320255,4,17,5,0,0,0,0,0,0,0,0,0,0,0
490,320265,0,12,3,2,0,0,0,0,0,0,0,0,0,0
491,320270,0,0,0,0,1,0,0,0,0,0,0,0,0,0
492,320340,0,0,1,0,1,1,0,0,0,0,1,0,0,0
493,320390,0,0,0,0,2,1,0,0,0,0,0,0,0,0
494,320450,0,0,0,0,0,1,0,0,0,0,0,0,0,0
495,320470,0,0,0,0,0,0,0,0,1,0,0,0,0,0
496,320480,0,9,0,1,0,0,0,0,0,0,0,0,0,0
497,320490,0,0,0,0,0,0,0,0,2,0,0,0,0,0
498,320495,0,0,0,0,0,0,0,0,0,0,0,0,0,1
499,320500,0,0,1,2,1,1,0,0,0,0,0,0,1,0
500,320506,4,5,0,0,0,0,0,0,0,0,0,0,0,0
501,320510,0,0,1,0,0,0,0,0,0,0,0,0,0,0
502,320520,0,0,0,2,0,0,1,0,1,0,0,0,0,0
503,320530,0,0,1,1,1,0,2,0,0,1,0,0,0,0
504,330010,0,1,0,0,1,0,0,0,0,0,0,0,0,0
505,330020,0,1,0,1,0,0,0,0,0,0,0,0,0,0
506,330040,0,1,0,0,0,0,0,0,0,0,0,0,0,0
507,330045,0,4,2,1,1,2,2,0,0,0,1,0,2,0
508,330050,0,0,0,0,0,0,0,0,0,0,0,0,0,1
509,330060,0,10,5,1,0,5,0,8,1,0,0,0,1,0
510,330070,0,1,1,0,1,0,0,1,0,0,0,0,1,0
511,330080,0,4,0,0,0,2,0,2,0,0,0,0,0,0
512,330100,0,0,0,0,0,0,1,0,0,0,0,0,0,0
513,330160,0,1,1,0,1,0,0,0,0,0,0,0,0,0
514,330170,0,4,2,3,3,4,3,1,5,0,1,2,0,1
515,330180,0,1,0,0,0,0,0,0,0,0,0,0,0,0
516,330185,0,0,0,0,0,0,0,1,0,0,0,0,0,0
517,330190,0,1,0,2,1,0,0,0,0,0,0,0,0,0
518,330200,0,2,3,0,2,2,0,0,0,0,0,0,0,0
519,330220,0,1,0,0,0,0,0,0,0,0,1,0,0,0
520,330225,0,1,0,0,0,0,0,0,0,0,0,0,0,0
521,330227,0,4,0,0,2,0,0,0,0,0,0,0,0,0
522,330230,0,0,0,0,0,0,0,0,1,0,0,0,0,0
523,330240,0,0,0,0,0,0,0,0,0,0,2,1,2,0
524,330250,0,1,1,1,0,1,0,1,0,0,0,0,0,0
525,330270,0,0,0,0,0,2,1,0,0,0,1,0,0,0
526,330280,0,0,0,0,0,1,0,0,0,0,0,0,0,0
527,330285,0,0,2,0,0,0,0,0,0,0,0,0,1,0
528,330310,0,0,0,1,0,0,0,0,0,0,0,0,0,0
529,330320,0,1,2,0,2,0,0,0,0,0,0,0,0,0
530,330330,0,1,1,1,1,1,1,1,0,1,0,0,0,0
531,330340,0,0,0,0,0,0,0,0,0,1,1,2,0,0
532,330350,0,7,3,1,1,1,3,2,2,1,2,0,1,1
533,330360,0,1,2,0,0,0,1,0,0,0,0,0,0,0
534,330370,0,1,0,0,0,0,0,0,0,0,0,0,0,0
535,330390,0,0,0,1,1,0,0,0,0,0,0,0,0,0
536,330400,0,1,0,0,0,0,1,0,0,0,0,0,0,0
537,330411,0,1,0,1,0,0,0,0,0,0,0,0,0,0
538,330412,0,1,0,1,0,0,0,0,0,0,0,0,0,0
539,330414,0,0,0,1,0,0,0,2,0,1,0,0,0,1
540,330420,0,0,0,0,0,0,0,0,1,0,0,0,1,0
541,330430,0,0,1,0,0,0,0,0,0,0,0,0,0,0
542,330452,0,0,0,0,0,0,0,0,0,0,0,0,1,0
543,330455,0,32,26,18,29,21,28,19,21,11,13,10,10,1
544,330475,0,0,1,0,0,0,0,0,0,0,0,0,0,0
545,330490,0,3,3,0,2,2,3,0,0,2,2,2,1,0
546,330510,0,10,1,2,2,3,2,1,0,2,1,0,0,0
547,330520,0,0,0,0,0,0,0,0,0,0,1,0,0,0
548,330560,0,0,0,1,0,0,0,0,0,0,0,0,0,0
549,330570,0,0,0,0,0,0,0,0,0,0,0,1,0,0
550,330580,0,1,0,0,0,1,1,1,0,0,0,0,0,0
551,330615,0,0,0,0,0,0,1,0,0,0,0,0,0,0
552,330630,0,0,1,0,0,0,0,0,0,0,0,0,0,0
553,350010,0,0,0,1,0,0,0,1,0,0,0,0,0,0
554,350030,0,0,1,0,0,1,0,1,0,0,0,0,0,1
555,350050,0,0,1,2,0,0,0,0,1,0,2,1,0,0
556,350055,0,0,0,0,0,0,1,0,0,0,0,0,0,0
557,350070,0,1,0,0,0,0,0,0,0,0,0,1,0,0
558,350100,0,0,0,0,0,0,0,0,1,0,0,0,0,0
559,350140,0,1,0,0,0,0,0,0,0,0,0,0,0,0
560,350160,0,1,1,1,1,2,1,1,1,0,0,1,0,0
561,350190,0,0,0,0,0,0,1,2,2,0,2,2,1,0
562,350230,0,0,0,0,0,0,0,0,0,1,0,0,0,0
563,350260,0,0,0,0,0,0,1,0,0,0,0,0,0,0
564,350270,0,1,0,0,0,0,0,0,0,0,0,0,0,0
565,350290,0,2,0,0,0,0,0,0,0,0,0,0,0,0
566,350310,0,1,1,0,0,0,1,0,0,0,0,0,0,0
567,350320,0,3,0,2,1,0,1,0,0,1,0,1,0,0
568,350330,0,0,2,0,1,2,0,2,3,0,2,0,2,1
569,350370,0,0,0,1,0,0,0,0,0,0,0,1,0,0
570,350380,0,0,1,2,1,2,1,0,0,0,0,0,1,0
571,350410,0,0,0,2,0,1,0,1,0,0,0,0,0,0
572,350420,0,2,0,0,0,0,0,0,0,0,0,0,0,0
573,350450,0,7,8,7,8,9,4,5,0,2,2,1,3,0
574,350550,0,1,1,0,0,0,0,1,2,2,0,1,0,0
575,350560,0,1,1,1,0,0,0,0,0,0,0,0,0,0
576,350570,0,1,0,0,1,0,0,0,0,0,0,0,1,0
577,350580,0,1,0,0,0,0,0,0,0,0,0,0,0,0
578,350590,0,2,0,2,0,1,0,0,1,1,0,0,1,0
579,350635,0,0,0,0,0,0,0,0,0,2,0,0,0,0
580,350670,0,0,0,0,0,1,1,0,0,0,0,0,0,0
581,350700,0,1,0,0,0,0,0,0,0,0,0,0,0,0
582,350710,0,0,0,0,0,0,1,2,3,0,0,0,0,0
583,350740,0,0,0,0,1,0,0,0,0,0,0,0,0,0
584,350750,0,0,0,0,0,0,1,0,3,2,2,0,0,0
585,350760,0,0,0,1,0,1,1,0,0,0,2,2,0,0
586,350780,0,0,0,0,0,0,0,0,0,2,0,0,0,0
587,350840,0,0,0,0,0,0,1,0,0,0,0,0,0,0
588,350870,0,0,1,0,0,0,0,2,1,0,0,0,0,0
589,350920,0,0,0,0,0,0,0,1,0,0,0,0,0,0
590,350940,0,0,0,0,0,0,0,0,1,0,0,0,0,0
591,350950,0,9,8,22,31,25,9,10,7,5,13,3,1,0
592,350960,0,0,0,0,0,2,0,0,0,0,0,0,0,0
593,350970,0,0,1,0,0,0,0,0,1,0,0,0,0,0
594,350995,0,1,0,0,0,0,0,0,0,0,0,0,0,0
595,351000,0,1,0,0,0,0,0,0,0,0,0,0,0,0
596,351020,0,1,0,0,0,0,0,1,0,0,0,0,0,0
597,351030,0,1,0,0,0,0,0,0,0,0,0,0,0,0
598,351040,0,0,0,0,1,2,1,0,0,0,0,0,0,0
599,351050,0,1,0,1,0,0,0,0,0,0,0,0,0,0
600,351060,0,2,0,0,2,0,0,0,1,0,0,2,0,0
601,351080,0,0,0,0,0,0,1,0,0,0,0,0,1,0
602,351090,0,0,1,0,0,0,0,0,0,0,0,0,0,0
603,351110,0,0,0,4,0,1,0,2,1,0,1,1,1,0
604,351120,0,1,0,0,0,1,0,0,0,0,1,0,0,0
605,351150,0,0,0,1,0,0,0,0,0,0,0,0,0,0
606,351220,0,0,0,1,1,2,1,1,0,0,0,0,0,0
607,351240,0,0,0,0,0,2,0,0,0,0,0,1,0,1
608,351260,0,0,0,0,1,0,0,0,0,0,0,0,0,0
609,351280,0,1,2,3,1,1,0,2,2,3,0,1,1,0
610,351300,0,0,0,0,0,0,0,0,1,0,1,0,1,0
611,351310,0,1,1,0,1,0,0,0,0,0,0,0,0,0
612,351340,0,0,0,0,0,0,1,0,0,0,0,0,0,0
613,351350,0,1,0,0,0,0,0,0,0,0,0,0,0,0
614,351360,0,0,1,0,1,0,1,2,2,1,0,0,0,0
615,351380,0,1,4,3,3,3,2,1,4,1,1,0,1,0
616,351390,0,0,0,0,0,0,0,0,0,0,1,0,0,0
617,351430,0,1,0,0,0,0,0,0,0,0,0,0,0,0
618,351440,0,0,0,0,0,0,1,0,0,0,0,0,0,0
619,351500,1,0,0,1,0,0,2,0,1,0,0,0,0,0
620,351510,0,0,0,0,0,1,0,0,0,0,0,1,0,0
621,351512,0,0,0,0,0,0,0,0,0,0,1,0,0,0
622,351515,0,0,0,0,1,1,0,0,1,0,1,1,1,0
623,351518,0,0,0,1,0,0,0,0,0,0,0,0,0,0
624,351565,0,0,0,0,0,0,0,0,0,0,0,1,0,0
625,351570,0,0,0,0,0,0,1,0,1,0,0,0,0,0
626,351600,0,0,0,0,0,0,0,0,0,0,1,0,0,0
627,351620,0,0,1,0,0,2,1,0,0,0,1,0,0,0
628,351630,0,0,0,0,1,2,0,0,0,0,0,0,0,0
629,351640,0,0,1,0,0,0,0,0,1,0,0,0,0,0
630,351660,0,0,0,0,1,0,0,0,0,0,0,1,0,0
631,351670,0,0,2,0,0,0,0,0,0,1,0,0,0,0
632,351685,0,0,0,0,1,0,0,0,0,0,0,0,0,0
633,351690,0,0,1,0,0,0,0,0,0,0,0,0,0,0
634,351730,0,1,0,0,0,0,0,0,1,0,0,0,0,0
635,351740,0,0,1,0,0,0,0,0,0,0,0,0,0,0
636,351800,0,0,0,0,0,0,0,0,0,1,0,0,0,0
637,351810,0,0,1,0,0,0,0,0,0,0,0,0,0,1
638,351830,0,0,0,0,0,0,2,0,0,1,0,0,0,0
639,351840,0,0,0,0,1,0,0,0,0,0,0,1,0,0
640,351870,0,0,0,0,0,0,0,0,0,0,1,0,0,0
641,351880,0,4,10,1,0,2,2,1,1,0,0,1,0,0
642,351900,0,1,0,1,0,1,0,0,1,0,0,0,0,0
643,351905,0,0,0,0,0,1,0,0,1,0,0,2,0,0
644,351907,0,2,3,1,4,9,1,4,1,3,1,0,1,1
645,351910,0,0,0,1,0,0,0,0,0,0,0,0,0,0
646,351920,0,1,0,0,0,0,0,0,0,0,0,0,0,0
647,352000,0,0,0,0,1,0,0,0,0,0,0,0,0,0
648,352030,0,0,0,0,0,0,0,0,0,0,0,0,0,1
649,352044,0,0,0,0,0,0,1,0,0,0,0,0,0,0
650,352040,0,0,0,0,0,0,0,0,0,1,0,0,0,0
651,352050,0,0,1,3,2,3,2,0,0,1,1,1,0,0
652,352140,0,0,0,0,0,0,0,0,0,0,0,0,1,0
653,352170,0,0,0,0,1,0,0,1,0,0,0,0,0,0
654,352180,0,0,0,0,0,1,0,0,0,0,0,0,0,0
655,352190,0,0,1,0,0,0,0,0,0,0,0,1,0,0
656,352220,0,0,0,1,0,0,0,1,0,0,0,0,0,0
657,352230,0,0,0,0,1,1,0,0,0,0,0,0,0,0
658,352240,0,0,0,1,1,0,0,1,1,0,0,0,0,0
659,352250,0,1,0,2,0,0,2,0,0,0,0,0,0,0
660,352260,0,1,0,0,1,0,0,2,2,1,0,0,0,0
661,352310,0,2,0,2,1,3,2,1,0,0,0,0,1,0
662,352340,0,1,0,1,2,0,0,0,3,1,0,1,1,1
663,352350,0,0,0,0,0,0,0,0,1,1,0,0,0,0
664,352380,0,0,0,0,0,0,0,1,0,0,0,0,0,0
665,352390,0,0,1,1,2,0,0,0,0,0,0,0,0,0
666,352400,0,0,0,0,0,0,0,0,0,1,0,0,1,0
667,352410,0,0,0,1,0,0,1,0,1,1,1,1,0,0
668,352420,0,1,0,0,0,0,0,0,0,0,0,0,0,0
669,352430,0,0,0,0,0,0,0,1,0,1,0,0,0,0
670,352440,0,0,1,0,1,1,1,0,0,0,0,0,0,0
671,352470,0,1,1,1,1,0,2,4,2,1,2,1,0,0
672,352500,0,0,2,0,0,0,0,0,0,1,1,0,0,0
673,352510,0,0,0,0,3,0,0,1,1,0,0,0,0,0
674,352520,0,0,0,1,1,1,0,0,0,0,0,0,0,0
675,352530,0,1,1,1,1,3,2,5,3,0,0,0,0,0
676,352590,0,4,2,1,5,3,2,1,0,1,0,0,0,0
677,352600,0,0,0,0,0,0,0,0,0,1,0,0,0,0
678,352640,0,1,0,0,0,0,0,0,0,0,0,0,0,0
679,352670,0,0,0,0,2,0,0,0,0,0,0,0,0,0
680,352680,0,0,0,0,0,1,0,0,0,0,0,0,0,0
681,352690,0,0,1,3,1,0,0,0,1,2,0,1,0,0
682,352700,0,0,1,0,0,0,0,0,0,0,0,0,0,0
683,352720,0,1,1,1,1,0,0,0,6,1,2,0,0,0
684,352730,0,0,3,0,0,2,0,1,1,1,0,0,0,0
685,352740,0,0,0,0,0,0,0,0,0,0,1,0,0,0
686,352780,0,0,0,0,0,0,0,0,0,1,0,0,0,0
687,352840,0,0,1,0,0,0,0,0,0,0,0,0,0,0
688,352850,0,1,0,0,0,0,0,0,1,0,0,0,0,0
689,352900,0,2,3,1,2,1,1,1,1,0,4,0,0,1
690,352920,0,0,0,0,0,0,0,0,1,0,0,0,0,0
691,352930,0,0,1,0,0,0,0,0,0,1,1,0,0,0
692,352940,0,5,3,6,10,5,3,0,2,1,0,0,0,0
693,353010,0,0,0,0,0,1,0,0,0,0,0,0,0,0
694,353020,0,0,1,0,0,0,0,0,0,0,1,0,1,0
695,353050,0,2,0,0,0,0,0,0,0,0,0,0,1,0
696,353060,0,0,0,0,2,0,1,0,0,1,0,1,0,0
697,353070,0,0,0,0,1,0,0,0,1,1,2,0,0,0
698,353080,0,0,0,1,0,0,1,2,0,0,1,0,0,0
699,353120,0,0,0,0,0,0,0,0,0,0,0,1,0,0
700,353130,0,0,0,0,0,0,1,0,1,0,0,0,0,0
701,353140,0,1,0,0,0,0,0,0,0,0,0,0,0,0
702,353180,0,0,0,0,2,0,1,1,0,1,0,1,0,0
703,353190,0,0,0,0,0,1,0,0,0,0,0,0,0,0
704,353200,0,0,0,0,1,0,1,0,0,0,0,1,0,0
705,353205,0,0,0,0,0,0,1,0,0,0,0,0,0,0
706,353240,0,0,0,0,0,0,1,0,0,0,0,0,0,0
707,353300,0,0,1,0,0,0,0,0,0,0,0,0,0,0
708,353340,0,1,0,1,0,0,1,0,0,0,0,0,0,1
709,353325,0,0,0,0,0,0,0,0,0,1,0,0,0,0
710,353370,0,0,0,0,1,0,0,0,0,0,0,0,0,0
711,353390,0,0,0,0,0,0,1,0,0,0,0,0,0,0
712,353410,0,1,0,0,0,0,0,0,0,0,0,0,0,0
713,353430,0,0,0,0,0,0,0,0,0,1,0,0,0,0
714,353440,0,4,6,2,1,3,0,1,0,2,3,1,2,0
715,353460,0,0,1,0,0,1,0,0,0,1,0,0,0,0
716,353480,0,0,0,0,0,0,1,0,0,0,0,0,0,0
717,353490,0,0,0,0,1,0,0,0,0,0,0,0,0,0
718,353550,0,0,0,0,0,0,0,0,0,1,0,0,0,0
719,353580,0,0,0,0,0,0,0,0,0,1,0,0,0,0
720,353600,0,0,0,0,0,0,0,0,0,1,0,0,0,0
721,353620,0,0,0,0,0,0,0,0,0,0,0,0,1,0
722,353650,0,0,1,1,2,2,2,0,0,4,2,2,1,1
723,353660,0,0,0,0,0,0,0,1,0,0,0,0,0,0
724,353670,0,0,0,0,0,0,1,0,0,0,0,0,0,0
725,353710,0,1,0,0,0,0,1,0,0,1,0,1,0,0
726,353730,0,0,0,0,0,1,0,0,0,0,0,0,0,0
727,353790,0,1,0,0,0,0,0,0,0,0,0,0,0,0
728,353800,0,0,1,0,5,2,0,0,0,0,2,0,0,0
729,353820,0,0,0,0,0,0,0,0,0,0,0,0,0,1
730,353850,0,0,0,1,0,1,0,0,0,0,0,0,0,0
731,353870,0,0,1,0,1,0,0,0,0,1,0,0,0,0
732,353880,0,0,0,0,0,0,0,0,0,0,0,1,0,0
733,353900,0,0,0,0,0,1,0,0,0,0,0,0,0,0
734,353920,0,0,0,0,0,0,0,0,1,0,0,0,0,0
735,353930,0,0,1,0,0,0,1,0,1,0,0,0,0,0
736,353950,0,0,0,1,0,0,0,0,0,0,0,0,0,0
737,353980,0,0,0,0,2,1,0,0,0,0,0,0,0,0
738,353990,0,1,0,0,0,0,0,0,0,0,0,0,0,0
739,354000,0,1,0,0,2,3,0,0,0,0,0,0,0,0
740,354020,0,0,0,0,0,0,0,0,0,0,0,0,1,0
741,354025,0,0,1,0,0,0,0,0,0,0,0,0,0,0
742,354070,0,0,0,1,0,0,0,0,0,0,0,0,0,0
743,354075,0,0,0,0,0,1,0,0,0,0,0,0,0,0
744,354080,0,0,0,0,0,0,3,5,0,0,0,0,0,0
745,354090,0,1,0,0,0,0,0,0,0,0,0,0,1,0
746,354110,0,1,0,0,0,0,0,0,0,0,0,0,0,0
747,354140,0,1,1,2,0,0,0,2,1,1,1,1,2,0
748,354150,0,1,0,0,0,0,0,0,0,0,0,1,0,0
749,354160,0,0,0,0,0,0,0,0,1,0,1,0,0,0
750,354200,0,1,0,0,1,0,0,0,0,0,0,0,1,0
751,354220,0,0,0,0,0,0,0,1,0,0,0,0,0,0
752,354260,0,0,0,0,0,1,0,0,0,0,0,0,0,0
753,354290,0,1,0,0,0,0,0,0,0,0,1,0,0,0
754,354320,0,0,0,0,1,0,0,0,0,0,0,0,0,0
755,354330,0,0,2,2,2,0,2,0,1,1,0,0,1,0
756,354340,1,7,1,2,5,0,3,5,5,0,5,0,2,0
757,354380,0,0,1,1,0,0,0,0,0,0,0,0,0,0
758,354390,0,0,1,1,3,1,0,0,0,0,0,1,0,0
759,354400,0,0,0,0,0,1,0,0,0,0,0,0,0,0
760,354410,0,0,0,0,1,0,0,0,0,0,0,0,0,0
761,354430,0,1,3,0,0,1,0,0,0,0,0,0,0,0
762,354480,0,0,0,0,0,0,0,1,0,0,0,0,0,0
763,354490,1,0,0,0,0,0,0,0,0,0,0,0,0,0
764,354500,0,0,1,0,0,0,0,0,0,0,0,0,0,0
765,354510,0,0,0,0,0,1,0,0,0,0,0,0,0,0
766,354515,0,0,0,0,0,0,0,0,0,0,0,0,1,0
767,354520,0,1,3,2,3,0,0,0,0,0,0,0,0,0
768,354530,0,1,0,0,0,0,0,0,0,0,0,0,0,0
769,354560,0,1,0,0,0,0,0,0,0,0,0,0,0,0
770,354580,0,0,3,3,1,2,2,0,1,0,1,0,2,0
771,354600,0,0,0,0,0,0,0,1,0,0,0,0,0,0
772,354630,0,0,0,1,0,0,0,0,0,0,2,0,0,0
773,354670,0,0,0,1,1,0,0,0,0,0,0,0,0,0
774,354680,0,0,1,1,0,0,0,0,0,0,0,0,0,0
775,354710,0,0,0,0,0,0,0,0,0,0,0,0,1,0
776,354750,0,1,0,0,0,0,0,0,0,0,0,0,0,0
777,354760,0,0,0,1,1,0,0,0,1,0,0,0,0,0
778,354780,0,9,11,16,5,11,22,5,2,2,0,0,2,0
779,354800,0,0,1,1,0,0,1,0,1,0,2,0,1,0
780,354820,0,0,0,0,0,1,0,0,0,0,0,0,0,0
781,354850,0,0,0,0,0,2,0,0,0,0,0,0,0,0
782,354860,0,0,0,0,0,1,0,0,0,0,0,0,0,0
783,354870,0,7,10,11,16,16,5,5,3,3,0,2,1,0
784,354880,0,1,0,0,0,2,1,1,0,1,1,2,0,0
785,354910,0,0,0,0,1,0,0,0,0,0,0,0,1,0
786,354940,0,0,0,0,0,0,0,0,0,0,0,0,1,0
787,354970,0,0,1,0,0,0,0,0,1,0,0,0,1,0
788,354980,0,1,2,0,4,0,9,9,7,1,0,0,0,0
789,354990,0,1,1,1,0,0,0,0,0,1,0,0,0,0
790,354995,0,0,0,0,0,0,0,0,0,1,0,0,0,0
791,355000,0,0,0,0,0,0,0,1,0,0,0,0,0,0
792,355020,0,0,0,0,0,0,0,0,0,0,0,0,1,0
793,355030,1,47,53,41,32,47,39,25,22,7,9,7,13,3
794,355040,0,0,0,0,0,0,1,0,0,0,0,0,0,0
795,355080,0,0,0,0,0,0,0,1,0,0,0,0,0,0
796,355100,0,0,1,0,2,1,0,1,0,0,0,0,0,0
797,355140,0,1,0,0,0,0,0,0,1,0,0,0,0,0
798,355160,0,0,0,0,0,0,0,0,0,0,1,1,0,0
799,355170,0,0,0,0,1,0,0,0,0,2,0,0,0,0
800,355210,0,1,1,0,1,2,0,0,0,2,2,1,0,0
801,355220,0,6,1,1,0,1,0,1,1,0,0,0,0,0
802,355240,0,3,3,5,1,7,4,2,1,0,3,1,2,0
803,355250,0,0,1,1,2,1,0,0,0,0,1,0,0,0
804,355260,0,0,0,0,0,0,0,0,0,1,0,0,0,0
805,355280,0,2,0,2,1,1,2,3,1,0,0,1,0,0
806,355300,0,0,0,0,0,0,0,1,0,0,1,0,0,0
807,355330,0,1,0,0,0,1,0,1,0,0,0,0,1,0
808,355340,0,0,0,0,1,0,0,0,0,0,0,0,0,0
809,355370,0,0,0,0,0,0,1,0,0,0,0,0,0,0
810,355385,0,0,0,0,0,0,0,1,0,0,0,0,0,0
811,355390,0,0,0,0,1,0,0,0,0,0,0,0,0,0
812,355400,0,1,0,1,0,0,1,0,0,0,0,0,0,0
813,355410,0,1,1,0,2,4,0,2,1,0,0,0,0,0
814,355480,0,0,0,0,2,0,0,1,0,0,0,0,0,0
815,355495,0,0,0,0,0,0,0,1,0,0,0,0,0,0
816,355500,0,0,1,1,0,0,0,1,1,0,1,1,0,0
817,355535,0,0,0,0,1,0,0,0,0,0,0,0,0,0
818,355540,0,1,0,0,0,1,0,0,0,0,0,0,0,0
819,355560,0,1,0,0,0,0,0,0,0,0,0,0,0,0
820,355620,0,1,4,1,0,2,2,1,2,0,1,1,1,0
821,355640,0,0,0,0,1,0,0,0,0,0,0,0,2,0
822,355645,0,0,0,1,0,0,0,0,0,0,0,0,0,0
823,355650,0,0,1,2,2,2,1,1,0,0,0,0,0,0
824,355660,0,1,2,0,0,0,0,0,0,0,0,0,0,0
825,355670,0,1,2,2,1,5,2,0,0,0,0,3,0,0
826,355700,0,0,2,0,0,0,0,0,0,0,0,0,0,0
827,355710,0,0,0,2,0,0,0,0,0,0,0,0,0,0
828,410030,0,0,0,0,0,0,0,0,0,0,0,1,0,0
829,410040,0,0,0,0,0,0,0,0,1,0,0,0,0,0
830,410080,0,0,0,0,0,0,0,0,0,1,0,0,0,0
831,410150,0,1,4,0,0,0,0,0,0,0,0,1,0,0
832,410180,0,0,0,2,0,0,0,1,0,0,0,0,1,0
833,410320,0,0,0,0,0,1,0,0,0,0,0,0,0,0
834,410337,0,0,0,0,0,0,0,1,0,0,0,0,0,0
835,410370,0,1,1,1,0,1,0,0,0,0,0,0,0,0
836,410400,0,0,0,0,0,0,0,0,0,0,1,0,0,0
837,410405,0,0,0,0,0,0,0,1,0,0,0,0,0,0
838,410440,0,0,0,0,0,0,0,0,0,0,1,0,0,0
839,410480,0,0,0,0,0,0,0,0,0,0,1,1,1,0
840,410490,0,0,0,0,1,0,0,0,0,0,0,0,0,0
841,410540,0,0,0,0,0,0,0,3,0,0,0,0,0,0
842,410550,0,0,0,1,0,1,0,0,0,0,0,0,0,0
843,410580,0,0,0,1,0,0,0,0,0,0,0,1,1,0
844,410690,1,5,2,3,4,1,0,0,1,1,1,7,8,0
845,410712,0,0,0,0,0,0,1,0,0,0,0,0,0,0
846,410760,0,0,0,0,0,0,0,0,0,0,1,0,0,0
847,410800,0,0,0,0,0,0,0,0,0,1,0,0,0,0
848,410840,0,0,0,0,0,0,0,0,0,0,0,0,1,0
849,410930,0,1,0,0,0,1,0,0,0,0,0,0,0,0
850,410940,0,0,0,0,1,1,0,2,0,0,0,0,0,0
851,410960,0,0,0,1,0,0,0,0,0,0,0,0,0,0
852,410975,0,0,0,0,0,0,0,0,0,0,0,0,1,0
853,410980,0,0,1,1,0,0,0,0,0,0,0,0,0,0
854,410990,0,0,0,0,0,0,1,0,0,0,0,0,0,0
855,411010,0,0,0,0,0,0,0,0,0,0,0,0,1,0
856,411180,0,0,0,0,1,0,0,0,0,0,0,0,0,0
857,411370,1,1,1,2,1,5,2,0,0,0,0,0,0,0
858,411520,0,0,0,4,1,1,2,13,2,2,1,0,5,0
859,411680,0,0,0,0,1,0,0,0,0,0,0,0,0,0
860,411705,0,0,0,0,0,0,0,0,0,0,0,1,0,0
861,411760,0,0,0,0,1,0,0,0,0,0,0,0,1,0
862,411810,0,1,0,0,0,0,0,0,0,0,0,0,0,0
863,411820,0,0,0,0,0,0,0,0,0,1,0,0,0,0
864,411850,0,0,0,0,0,0,0,0,0,0,0,0,2,0
865,411915,0,1,0,0,0,0,0,0,0,0,0,0,0,0
866,411940,0,0,0,0,4,0,0,0,0,0,0,0,0,0
867,411950,0,0,0,0,0,0,2,0,0,0,0,0,0,0
868,411990,0,1,0,1,0,0,0,0,0,0,0,0,0,0
869,412000,0,1,0,1,0,0,0,0,0,0,0,0,0,0
870,412033,0,0,0,0,0,0,0,0,0,1,0,0,0,0
871,412240,0,1,1,0,0,0,0,0,0,0,0,0,0,0
872,412250,0,0,0,0,0,0,0,0,0,0,0,1,0,0
873,412550,0,0,0,0,0,0,0,0,0,0,0,0,1,0
874,412560,0,0,0,1,0,0,0,0,0,0,0,0,0,0
875,412627,0,0,0,0,0,0,0,2,0,0,0,0,0,0
876,412650,0,1,0,0,0,0,0,0,0,0,0,0,0,0
877,412667,0,0,1,0,0,0,0,2,0,0,0,0,0,0
878,412720,0,0,0,0,0,0,1,0,0,0,0,0,0,0
879,412770,0,0,1,0,0,0,0,0,0,0,0,0,0,0
880,412810,0,0,0,0,0,1,0,0,0,0,1,0,1,0
881,420195,0,0,0,0,0,0,0,0,0,0,2,0,0,0
882,420200,0,0,0,0,0,0,0,0,1,1,0,0,0,0
883,420230,0,0,0,1,1,0,0,0,1,0,0,0,0,0
884,420280,0,0,0,0,1,0,0,0,0,0,0,0,0,0
885,420360,0,0,0,0,0,1,0,0,0,0,0,0,0,0
886,420460,0,1,1,0,1,0,0,0,0,1,0,0,0,0
887,420540,0,3,2,2,1,4,1,0,0,0,0,1,2,2
888,420600,0,0,1,0,0,0,0,0,0,0,0,0,0,0
889,420650,0,0,0,0,0,0,0,0,0,1,0,0,0,0
890,420700,0,0,0,0,0,0,0,0,0,0,0,0,1,0
891,420730,0,1,1,0,0,0,0,0,0,0,0,0,0,0
892,420820,1,0,1,0,1,0,0,0,0,0,0,0,0,0
893,420850,0,0,0,0,0,0,0,0,0,0,0,0,0,1
894,420870,0,0,0,0,0,0,0,0,0,0,0,0,1,0
895,420880,0,0,1,0,0,0,0,0,0,0,0,0,0,0
896,420890,0,0,0,0,0,0,0,0,0,0,0,0,0,1
897,420910,0,0,0,0,0,0,1,0,0,0,0,1,0,0
898,420917,0,0,0,0,0,0,0,0,0,0,0,0,1,0
899,420940,0,0,0,0,0,0,0,0,0,0,0,0,1,0
900,420960,0,0,1,0,0,0,0,0,0,0,0,0,0,0
901,421020,0,0,0,0,0,1,0,0,0,0,0,0,0,0
902,421120,0,0,0,0,0,0,0,0,0,0,0,0,0,1
903,421130,0,0,0,0,0,1,0,0,0,0,0,0,0,0
904,421165,2,0,0,0,0,0,0,0,0,0,0,0,0,0
905,421190,0,1,2,1,2,0,2,0,0,0,0,0,0,0
906,421230,0,0,0,0,1,0,0,0,0,0,0,0,1,0
907,421240,0,0,0,0,0,0,0,0,1,0,0,0,0,0
908,421360,0,0,0,1,0,0,0,0,0,0,0,0,0,0
909,421440,0,0,0,0,0,0,0,0,0,0,0,0,1,0
910,421480,0,0,0,0,1,0,0,0,1,0,0,0,0,0
911,421535,0,0,0,0,0,0,0,0,1,0,0,0,0,0
912,421570,0,0,0,1,0,0,0,0,1,0,0,0,0,0
913,421630,0,0,0,1,0,0,0,0,0,0,0,0,0,0
914,421650,0,0,0,0,0,0,0,0,0,0,0,0,1,0
915,421660,0,1,0,0,3,0,1,0,1,1,0,0,1,1
916,421740,0,0,1,0,0,0,0,0,0,0,0,0,0,0
917,421920,0,0,0,1,1,0,0,0,0,0,0,0,0,0
918,421930,0,0,0,0,0,0,0,0,0,0,0,0,1,0
919,421950,0,0,0,0,0,0,0,0,0,0,0,0,1,0
920,421970,0,0,0,0,0,0,0,0,0,0,1,0,0,0
921,430030,0,0,0,1,0,0,0,0,0,0,0,0,0,0
922,430040,0,0,0,0,0,0,2,1,0,1,0,0,0,0
923,430057,0,0,0,0,0,0,0,0,0,1,0,0,0,0
924,430060,0,3,3,2,2,0,0,4,1,1,0,0,1,0
925,430064,0,0,0,0,0,0,0,0,0,0,0,1,0,0
926,430066,0,0,0,0,0,0,0,0,0,1,0,0,0,0
927,430085,0,0,2,1,0,0,0,0,0,0,0,0,0,0
928,430087,0,1,0,0,0,0,0,0,0,1,1,0,0,0
929,430100,0,0,0,0,1,1,0,0,0,0,0,0,0,0
930,430120,0,0,0,0,1,0,0,0,1,0,0,0,0,0
931,430110,0,0,1,2,0,0,0,0,0,0,0,0,0,0
932,430130,0,0,0,0,0,0,0,0,0,0,0,0,1,0
933,430140,0,0,1,0,0,0,0,0,0,0,0,0,0,0
934,430160,0,1,1,1,1,0,0,0,0,0,0,0,0,0
935,430163,0,0,1,0,0,0,0,0,0,0,0,0,0,0
936,430190,0,1,1,0,0,0,0,0,0,0,0,0,0,0
937,430210,0,1,1,3,0,0,0,0,0,0,0,1,0,0
938,430220,0,0,1,0,0,0,0,0,0,0,0,0,1,0
939,430235,0,0,1,1,0,0,2,0,0,1,0,0,0,0
940,430240,0,0,0,1,0,0,0,0,0,0,0,1,0,0
941,430280,0,1,0,0,0,0,0,0,0,1,1,0,2,0
942,430300,0,1,0,0,1,1,0,0,0,0,0,0,0,0
943,430310,1,5,4,2,0,1,0,2,0,2,1,2,0,0
944,430330,0,0,0,0,0,0,0,0,0,1,0,0,0,0
945,430350,0,2,0,0,0,2,1,0,0,3,0,0,1,0
946,430380,0,0,0,0,0,0,0,1,0,0,0,1,0,0
947,430390,0,2,1,1,0,0,0,0,0,1,1,2,0,0
948,430410,0,0,0,0,1,0,0,0,0,0,0,0,0,0
949,430420,0,0,2,0,0,0,0,0,0,1,1,0,0,0
950,430440,0,1,0,0,0,0,0,0,0,1,0,0,0,0
951,430450,0,0,0,0,0,0,0,0,0,1,0,0,0,0
952,430460,0,5,4,1,4,3,3,1,2,1,2,1,3,1
953,430463,0,0,1,2,1,0,0,0,0,0,3,0,1,0
954,430466,0,0,0,0,1,0,0,0,0,0,0,0,0,0
955,430467,0,0,0,0,0,0,0,0,1,0,0,0,0,0
956,430471,0,0,0,0,0,0,0,0,1,0,0,0,0,0
957,430470,0,0,0,0,0,0,0,0,0,0,0,0,2,0
958,430480,0,0,0,0,0,0,0,0,0,0,0,0,1,0
959,430490,0,0,0,0,0,1,0,0,0,0,0,0,0,0
960,430510,0,2,1,1,3,0,0,1,2,1,0,1,1,0
961,430513,0,0,0,0,0,0,0,0,0,0,1,0,0,0
962,430517,0,1,0,1,0,0,0,0,0,0,0,0,0,0
963,430535,0,0,2,1,1,0,0,0,0,0,0,0,0,0
964,430545,0,0,0,0,0,0,0,1,0,0,0,0,0,0
965,430558,0,0,0,1,0,0,0,0,0,0,0,0,0,0
966,430580,0,0,0,0,0,0,0,0,0,0,0,0,0,1
967,430600,0,0,0,0,0,0,0,0,1,1,0,0,0,0
968,430605,0,0,0,0,1,0,0,1,0,0,0,0,0,0
969,430610,0,0,0,0,1,0,0,0,1,1,0,0,1,0
970,430640,0,0,0,0,0,0,0,0,1,0,0,0,0,0
971,430645,0,1,0,0,0,0,0,0,0,0,0,0,0,0
972,430655,0,0,0,0,0,0,0,0,1,0,0,0,0,0
973,430676,0,1,3,2,0,0,0,0,0,0,1,0,0,0
974,430680,0,0,0,0,1,0,0,0,0,0,0,1,0,0
975,430690,0,0,1,0,0,0,0,0,0,0,0,0,0,0
976,430693,0,0,0,0,0,0,0,0,0,0,0,2,1,0
977,430700,0,0,0,0,0,0,1,0,0,1,2,0,0,0
978,430750,0,0,0,0,0,0,0,0,0,0,1,0,0,0
979,430760,0,1,3,1,0,0,0,0,0,1,2,0,0,0
980,430770,0,0,0,1,0,0,0,1,0,0,0,0,1,1
981,430780,0,0,0,0,0,0,0,0,0,1,0,0,0,0
982,430786,0,0,2,0,0,0,0,0,0,0,0,0,0,0
983,430790,0,0,0,3,0,0,0,0,0,0,0,0,0,0
984,430820,0,1,2,0,0,0,0,1,0,0,1,0,0,0
985,430840,0,0,0,0,0,0,0,0,0,1,0,0,0,0
986,430850,0,0,0,0,0,0,0,0,0,0,0,1,0,0
987,430860,0,0,0,1,0,0,0,0,0,0,0,0,0,0
988,430880,0,1,0,0,0,0,0,0,0,0,0,0,0,0
989,430900,0,0,0,0,0,0,0,0,0,1,0,1,0,0
990,430905,0,1,0,0,0,0,0,0,0,0,0,0,0,1
991,430920,0,1,4,2,1,2,0,0,1,0,1,2,2,0
992,430930,0,2,4,0,0,0,2,1,2,1,1,0,0,0
993,430940,0,0,0,1,0,0,0,1,0,0,1,0,0,0
994,430980,0,0,0,0,0,0,0,0,0,1,0,0,0,0
995,431000,0,0,0,2,0,0,1,0,0,0,0,0,0,0
996,431010,0,0,0,1,0,0,0,1,0,0,0,1,0,0
997,431020,0,1,0,0,0,0,0,0,0,0,1,0,1,2
998,431033,0,0,2,0,0,1,0,0,0,0,0,0,0,0
999,431036,0,0,1,0,0,0,0,0,0,0,0,0,0,0
1000,431060,0,0,1,0,0,0,0,0,0,0,0,0,0,0
1001,431065,0,0,0,1,0,0,0,0,0,0,0,0,0,0
1002,431070,0,0,0,0,0,1,0,0,0,0,0,0,0,0
1003,431080,0,1,2,1,2,0,0,4,0,1,1,1,0,0
1004,431127,0,0,0,0,0,0,0,1,0,0,0,0,0,0
1005,431125,0,0,0,1,0,0,0,0,0,0,0,0,0,0
1006,431140,0,0,2,0,0,2,1,0,0,0,1,0,0,0
1007,431162,0,0,1,0,0,1,0,0,0,0,0,0,0,0
1008,431173,0,0,0,0,0,0,0,0,0,0,0,1,0,0
1009,431190,0,0,0,0,0,0,0,0,1,0,0,0,0,0
1010,431198,0,0,1,1,0,0,0,0,0,0,0,0,0,0
1011,431205,0,0,0,0,0,0,1,0,0,0,0,0,0,0
1012,431215,0,0,0,0,0,0,0,0,0,1,0,0,0,0
1013,431225,0,0,1,0,0,0,0,0,0,1,1,0,0,0
1014,431240,0,0,1,0,1,0,0,0,0,0,0,0,0,0
1015,431244,0,0,0,0,0,0,0,0,0,0,1,0,0,0
1016,431247,0,0,0,1,0,0,0,0,0,0,0,0,0,0
1017,431280,0,0,0,0,0,0,0,0,0,0,0,1,0,0
1018,431290,0,0,1,0,0,0,0,0,0,0,0,0,0,0
1019,431300,0,0,0,0,0,0,0,0,0,0,1,0,0,0
1020,431306,0,1,0,2,0,0,0,0,0,1,0,0,0,0
1021,431320,0,0,0,0,1,0,0,0,0,1,0,0,1,0
1022,431330,0,0,1,1,0,0,0,0,0,0,0,0,0,0
1023,431337,0,0,0,0,0,0,0,0,0,0,0,1,0,0
1024,431340,0,1,4,7,1,1,1,1,0,1,0,0,2,1
1025,431342,0,0,0,0,0,0,0,0,0,0,0,1,0,0
1026,431346,0,0,1,0,0,0,0,0,0,0,0,0,0,0
1027,431350,0,0,1,0,2,3,0,1,1,2,2,0,0,0
1028,431365,0,1,0,0,0,0,0,0,0,0,1,0,0,0
1029,431370,0,0,1,0,0,0,0,0,0,0,1,0,0,0
1030,431390,0,0,0,0,0,0,0,0,0,0,1,0,0,0
1031,431395,0,0,0,0,0,0,0,0,1,0,0,0,0,0
1032,431402,0,0,0,0,0,0,0,0,0,1,0,0,0,0
1033,431403,0,0,0,0,0,0,0,0,0,0,0,1,0,0
1034,431405,0,0,2,3,0,0,0,0,1,0,1,0,0,0
1035,431406,0,1,0,0,0,0,0,0,0,0,0,0,0,0
1036,431407,0,0,2,0,0,0,0,0,0,0,0,0,0,0
1037,431410,0,1,1,0,1,0,1,0,0,0,1,1,0,0
1038,431415,0,0,0,0,0,0,0,0,0,1,0,0,0,0
1039,431417,0,0,1,0,0,0,0,0,0,0,0,0,0,0
1040,431440,0,0,9,5,3,2,2,2,2,2,3,1,0,0
1041,431442,0,0,0,0,0,0,0,0,0,2,0,0,0,0
1042,431475,0,1,0,0,0,0,0,0,0,0,2,1,0,0
1043,431480,0,2,0,0,1,0,0,0,0,2,0,1,0,0
1044,431490,2,34,44,41,33,28,23,29,31,26,23,19,11,6
1045,431514,0,0,1,0,0,1,0,0,0,0,0,0,0,0
1046,431515,0,1,0,0,0,0,0,0,0,0,0,0,0,0
1047,431530,0,2,0,0,0,0,0,8,5,0,0,0,0,0
1048,431531,0,0,0,0,0,0,0,0,0,0,1,0,0,0
1049,431550,0,0,0,0,0,0,0,0,0,0,1,0,0,0
1050,431560,0,0,0,0,0,0,0,0,0,0,2,0,0,1
1051,431570,0,0,0,0,1,0,0,0,1,0,0,0,1,0
1052,431580,0,1,0,0,0,0,0,0,0,0,0,0,1,0
1053,431595,0,0,0,0,0,0,0,0,0,0,0,1,0,0
1054,431600,0,0,0,0,0,0,0,2,0,0,0,0,0,0
1055,431642,0,0,0,0,0,0,0,0,0,0,0,1,0,0
1056,431650,1,1,0,1,0,0,1,0,0,0,0,0,0,0
1057,431660,0,0,0,0,0,0,0,0,0,1,0,1,0,1
1058,431710,0,0,0,0,0,0,0,0,0,0,0,1,0,0
1059,431675,0,0,1,1,1,0,0,0,0,0,0,0,0,0
1060,431680,0,2,3,4,0,0,0,1,0,1,2,0,2,0
1061,431690,0,0,1,0,0,1,2,0,0,2,2,1,0,0
1062,431695,0,0,0,0,0,1,0,0,0,0,0,0,0,0
1063,431720,0,0,0,1,1,0,1,3,1,0,0,2,2,1
1064,431730,0,0,0,0,0,0,0,0,1,0,0,0,2,0
1065,431700,0,0,0,0,0,0,1,0,0,0,0,0,0,0
1066,431740,0,0,0,0,0,0,0,0,0,0,1,1,0,0
1067,431760,1,0,0,2,0,0,0,0,0,0,0,0,0,0
1068,431790,0,0,0,0,0,0,0,0,0,1,0,0,0,0
1069,431800,0,0,0,0,0,0,0,0,0,0,0,0,0,1
1070,431820,0,0,0,0,0,0,0,0,1,0,0,0,0,0
1071,431830,0,1,1,0,0,0,0,0,0,0,0,0,1,0
1072,431840,0,2,1,1,0,0,0,0,0,0,1,0,0,0
1073,431844,1,0,0,0,1,0,0,0,0,0,0,0,0,0
1074,431848,0,0,2,1,0,0,0,0,0,0,0,0,0,0
1075,431861,0,0,0,1,0,0,0,0,0,0,0,0,0,0
1076,431870,1,7,2,1,3,3,1,6,1,2,0,1,0,0
1077,431880,0,1,0,0,1,0,0,0,0,0,0,0,0,0
1078,431935,0,0,0,1,1,0,0,0,0,0,0,0,0,0
1079,431950,0,1,0,1,1,0,0,0,0,0,1,0,0,0
1080,431971,0,0,1,0,0,0,0,0,0,0,0,0,0,0
1081,431990,0,0,0,1,1,0,0,0,0,0,1,0,0,1
1082,432000,0,3,2,2,5,5,7,2,6,2,1,1,1,0
1083,432010,0,0,0,0,0,0,0,0,0,1,0,0,0,0
1084,432035,0,0,0,0,0,0,0,0,0,0,1,0,0,0
1085,432040,0,0,0,0,0,1,0,1,0,0,0,0,0,0
1086,432055,0,0,0,0,0,0,1,0,1,0,0,0,0,1
1087,432067,0,0,0,0,1,1,0,0,0,0,1,0,0,0
1088,432070,0,0,0,0,0,0,0,1,0,0,0,0,0,0
1089,432080,0,1,0,0,0,0,0,0,0,0,0,0,0,0
1090,432085,0,1,0,0,0,0,0,0,0,0,0,0,0,0
1091,432100,0,0,0,0,0,0,0,0,0,0,1,0,0,0
1092,432110,0,0,0,0,0,1,0,1,0,0,0,0,0,0
1093,432120,0,2,1,0,0,1,0,0,0,0,1,2,0,0
1094,432130,0,0,1,0,1,0,0,0,0,0,0,1,0,0
1095,432140,0,0,0,0,0,0,0,1,0,0,0,0,0,0
1096,432143,0,1,0,0,0,0,0,0,1,0,1,0,0,0
1097,432145,0,1,2,0,1,0,1,0,1,3,1,0,0,1
1098,432150,0,1,3,1,4,0,1,0,2,0,0,0,0,0
1099,432160,0,1,0,0,0,0,0,0,0,0,0,1,0,0
1100,432166,0,0,0,1,1,0,0,0,0,0,0,0,0,0
1101,432170,1,0,0,0,1,2,0,0,1,0,1,0,0,0
1102,432180,0,0,0,0,0,0,0,0,0,1,0,0,0,0
1103,432200,0,0,1,0,0,0,0,0,0,0,0,0,0,0
1104,432225,0,0,1,0,0,0,0,0,0,1,0,1,0,0
1105,432250,0,0,0,0,1,0,0,1,0,0,0,0,0,0
1106,432253,0,0,1,0,0,0,0,0,0,0,0,0,0,0
1107,432254,0,0,0,0,1,0,0,0,0,0,0,0,0,0
1108,432252,0,0,0,0,0,0,0,0,0,0,1,0,0,0
1109,432260,0,2,0,0,1,0,0,0,0,0,0,2,1,0
1110,432270,0,2,0,0,1,0,1,0,0,1,0,0,0,0
1111,432280,0,0,1,1,0,0,0,0,0,0,0,0,0,0
1112,432300,0,2,4,0,1,2,2,2,1,0,1,5,3,0
1113,432340,0,0,0,0,0,0,0,0,0,1,0,0,0,0
1114,432380,0,0,0,0,0,0,0,0,1,0,0,0,0,1
1115,500060,0,0,1,0,0,0,0,0,0,0,0,0,0,0
1116,500070,0,0,0,0,0,0,0,0,0,0,0,0,1,0
1117,500215,0,0,0,0,0,0,1,0,0,0,0,0,0,0
1118,500240,0,0,0,0,0,0,0,0,0,0,0,0,1,0
1119,500270,0,11,9,12,22,25,15,9,6,9,11,10,7,0
1120,500320,0,1,0,0,0,1,0,0,0,0,0,0,0,0
1121,500325,0,0,1,0,0,1,0,0,0,0,1,2,0,0
1122,500330,0,0,0,0,0,0,0,0,0,0,0,1,0,0
1123,500348,0,0,0,0,0,0,0,1,0,0,0,0,0,0
1124,500460,0,0,1,0,0,0,0,0,0,0,0,0,0,0
1125,500560,0,0,0,0,0,0,2,0,0,0,0,0,0,0
1126,500570,0,0,5,0,4,0,0,0,0,0,0,0,0,0
1127,500620,0,0,0,0,0,2,0,0,0,0,0,0,0,0
1128,500627,0,0,0,0,0,0,0,0,0,0,1,0,0,0
1129,500630,0,0,0,0,0,0,1,0,0,0,0,0,0,0
1130,500720,0,0,0,1,2,0,0,2,0,0,1,0,0,0
1131,500740,0,0,0,0,0,0,1,0,0,0,0,0,0,0
1132,500755,0,0,0,0,0,0,0,0,1,0,0,0,0,0
1133,500769,0,1,0,0,1,0,0,1,0,0,0,0,1,0
1134,500780,0,0,0,0,0,1,0,1,0,0,0,0,0,0
1135,500790,0,0,1,0,0,1,0,0,1,0,0,1,0,0
1136,500797,0,0,0,0,0,0,0,0,0,0,0,0,1,0
1137,500800,0,1,0,0,0,0,0,1,0,0,0,0,0,0
1138,500830,0,0,0,0,0,0,0,1,1,0,0,0,0,0
1139,510030,0,2,1,0,0,0,0,0,0,0,0,0,0,0
1140,510263,0,0,0,0,0,0,0,0,0,0,0,0,0,1
1141,510268,0,0,0,0,0,0,1,0,0,0,0,0,0,0
1142,510337,0,0,0,0,0,0,0,0,0,0,0,0,1,0
1143,510340,0,3,1,2,0,2,3,0,3,1,2,0,1,0
1144,510345,0,0,0,1,0,0,0,0,0,0,0,0,0,0
1145,510510,0,0,0,0,0,0,0,0,0,1,0,0,0,0
1146,510525,0,0,0,0,1,0,0,0,0,0,0,0,0,0
1147,510600,0,0,0,0,0,0,0,0,0,0,0,1,0,0
1148,510631,0,0,0,0,0,0,0,0,0,0,1,0,0,0
1149,510706,0,0,0,0,0,0,0,2,0,0,0,0,0,0
1150,510760,0,2,0,1,1,1,1,3,0,0,0,0,0,0
1151,510792,0,0,1,0,0,0,0,0,0,0,0,0,0,0
1152,510840,0,3,1,0,0,2,0,0,0,0,0,0,1,0
1153,520005,0,1,0,0,0,0,0,0,0,0,0,0,0,0
1154,520025,0,0,1,0,0,1,1,0,0,1,0,0,1,0
1155,520030,0,0,0,0,2,3,0,0,0,1,0,0,0,0
1156,520080,0,0,0,0,1,0,0,0,0,0,0,0,0,0
1157,520110,0,1,0,1,0,0,0,1,1,1,0,2,0,0
1158,520130,0,1,0,0,0,0,0,0,0,0,0,1,0,0
1159,520140,0,2,5,4,2,0,2,4,1,0,1,0,0,0
1160,520320,0,0,0,0,0,0,0,0,1,0,0,0,0,0
1161,520330,0,0,1,0,0,0,0,0,0,0,0,0,0,0
1162,520350,0,0,0,1,0,0,0,0,0,0,0,0,0,0
1163,520355,0,0,0,0,0,0,1,1,0,0,0,0,0,0
1164,520410,0,0,0,0,0,0,1,0,0,0,0,0,0,0
1165,520430,0,0,0,0,0,0,1,1,0,0,0,0,0,0
1166,520450,0,2,0,1,1,0,0,0,0,0,0,0,0,0
1167,520470,0,0,0,1,0,0,0,0,0,0,0,0,0,0
1168,520480,0,0,0,0,0,1,0,0,0,0,0,0,0,0
1169,520545,0,0,0,0,0,0,0,1,0,0,0,0,0,0
1170,520547,0,0,0,1,0,0,0,0,0,0,0,0,0,0
1171,520549,0,0,0,0,0,0,0,0,0,1,1,0,0,0
1172,520780,0,0,0,0,0,1,0,0,0,0,0,0,0,0
1173,520800,0,2,0,0,0,1,1,0,0,0,0,0,0,0
1174,520860,0,0,0,0,1,0,1,0,1,0,0,0,0,0
1175,520870,0,18,29,25,13,25,38,20,19,3,0,1,0,0
1176,520880,0,0,2,0,0,1,0,0,0,2,0,0,0,0
1177,520890,0,0,0,0,0,0,1,0,0,0,0,0,0,0
1178,520960,0,1,0,0,0,0,0,0,0,0,0,0,0,0
1179,520970,0,2,0,2,0,0,0,0,0,0,0,0,0,0
1180,520980,0,1,0,0,0,0,0,0,0,0,0,0,0,0
1181,521000,0,0,0,1,0,1,2,1,0,1,0,0,0,0
1182,521010,0,0,0,1,0,0,0,0,0,0,0,0,0,0
1183,521040,0,1,0,0,0,1,0,0,0,0,0,0,0,0
1184,521060,0,0,0,0,0,0,0,1,0,0,0,0,0,0
1185,521090,0,0,0,1,0,0,0,0,0,1,0,0,0,0
1186,521120,0,0,0,0,0,0,0,0,1,1,0,1,0,0
1187,521130,0,0,0,0,0,0,0,0,0,1,0,0,0,0
1188,521140,0,0,0,0,0,0,0,0,0,1,0,0,0,0
1189,521150,0,1,1,0,0,0,0,0,0,0,0,0,0,0
1190,521170,0,1,0,0,0,0,0,0,0,0,0,0,0,0
1191,521190,0,0,0,0,0,0,1,1,0,0,0,0,0,0
1192,521210,0,0,0,0,0,0,0,0,0,0,1,0,0,0
1193,521220,0,0,0,0,0,0,1,0,0,0,0,0,0,0
1194,521250,1,1,0,1,0,0,0,1,1,0,0,1,0,0
1195,521260,0,0,0,0,0,0,0,0,0,1,0,0,0,0
1196,521310,0,0,0,0,0,0,0,0,0,0,0,0,1,0
1197,521400,0,0,0,0,7,6,0,0,0,0,0,0,0,0
1198,521440,0,0,1,0,0,0,0,0,0,0,0,0,0,0
1199,521450,0,0,0,1,0,0,0,0,1,0,0,0,0,0
1200,521500,0,0,0,0,0,0,1,0,0,0,0,0,0,0
1201,521523,0,1,1,0,0,0,1,0,0,0,0,2,0,0
1202,521640,0,0,0,0,0,0,0,1,0,0,0,0,0,0
1203,521800,0,0,0,0,1,0,0,0,0,0,0,0,0,0
1204,521850,0,0,1,2,0,1,0,0,0,0,0,0,0,0
1205,521880,0,0,0,0,0,1,0,0,1,0,0,0,1,0
1206,521890,0,0,1,0,0,1,0,0,0,0,0,0,0,0
1207,521900,0,1,0,0,0,0,0,0,0,0,0,0,0,0
1208,521910,0,0,0,0,0,0,1,0,0,0,0,0,0,0
1209,521930,0,2,0,0,0,0,0,0,0,0,0,0,1,0
1210,521940,0,1,0,0,0,0,0,0,0,0,0,0,0,0
1211,521973,0,0,0,0,0,0,1,0,0,0,0,0,0,0
1212,522026,0,0,0,0,1,0,0,0,0,0,0,0,0,0
1213,522045,0,0,0,2,0,1,0,0,0,0,0,1,0,0
1214,522119,0,0,0,0,0,0,0,1,0,0,0,0,0,0
1215,522140,0,3,1,2,0,0,0,1,0,0,1,0,0,0
1216,522160,0,0,0,0,0,1,0,0,0,0,0,1,0,0
1217,522185,0,0,0,1,0,0,2,0,1,0,0,0,0,0
1218,522200,0,0,0,1,0,0,0,0,0,0,0,0,0,0
1219,530010,0,23,26,20,20,14,10,5,9,12,6,2,3,0
