,2015,2016,2017,MUNCOD
0,0,0,1,110001
1,1,0,0,110037
2,2,1,2,110040
3,1,0,0,110034
4,11,19,20,110002
5,3,8,0,110045
6,1,5,2,110004
7,1,0,0,110070
8,8,5,7,110080
9,0,0,1,110005
10,0,1,0,110006
11,2,4,2,110008
12,1,0,0,110094
13,0,0,1,110009
14,17,6,14,110010
15,2,1,1,110110
16,2,1,6,110011
17,12,15,14,110012
18,0,0,1,110013
19,0,2,0,110130
20,1,2,0,110140
21,0,1,1,110014
22,0,0,3,110033
23,2,4,1,110015
24,1,2,1,110018
25,304,346,379,110020
26,3,9,1,110025
27,2,1,0,110026
28,7,7,4,110028
29,1,0,0,110149
30,0,0,1,110160
31,0,0,1,110170
32,0,1,0,110175
33,0,0,1,110180
34,4,4,6,110030
35,3,0,1,120001
36,0,1,2,120010
37,3,4,10,120020
38,0,1,0,120030
39,0,0,1,120032
40,1,1,0,120033
41,2,1,1,120034
42,1,3,1,120038
43,2,1,1,120080
44,0,0,1,120039
45,50,59,77,120040
46,4,1,0,120050
47,1,1,0,120045
48,2,1,2,120060
49,0,2,1,120070
50,0,0,1,130002
51,1,0,0,130010
52,4,1,2,130014
53,0,5,8,130030
54,0,4,4,130040
55,2,2,4,130050
56,1,1,1,130060
57,1,4,1,130063
58,0,0,2,130068
59,1,1,0,130070
60,5,4,8,130080
61,1,1,1,130083
62,2,12,0,130110
63,1,8,4,130120
64,1,0,1,130130
65,0,1,1,130140
66,1,1,8,130160
67,5,1,7,130170
68,15,10,5,130185
69,27,11,24,130190
70,0,0,1,130200
71,0,0,2,130230
72,0,2,0,130240
73,14,12,7,130250
74,0,2,0,130255
75,1257,1185,1231,130260
76,2,2,0,130270
77,1,6,7,130290
78,0,1,3,130300
79,2,10,7,130310
80,2,1,2,130320
81,0,1,0,130330
82,4,6,14,130340
83,18,27,19,130353
84,4,11,9,130356
85,0,0,2,130370
86,0,0,1,130380
87,0,1,0,130390
88,3,0,0,130395
89,7,5,4,130406
90,0,2,0,130410
91,4,8,5,130420
92,0,0,1,130430
93,2,1,1,130440
94,0,3,4,140005
95,116,147,132,140010
96,1,0,1,140015
97,4,1,3,140017
98,0,1,2,140020
99,1,0,0,140028
100,4,4,1,140030
101,0,0,1,140040
102,2,2,3,140045
103,4,2,6,140047
104,1,0,0,140050
105,0,1,2,140060
106,0,0,1,140070
107,4,3,12,150010
108,2,6,0,150020
109,3,2,3,150040
110,1,5,5,150060
111,0,4,0,150070
112,85,63,84,150080
113,0,3,2,150090
114,1,1,1,150095
115,0,0,1,150110
116,0,2,2,150120
117,6,17,11,150130
118,364,384,386,150140
119,5,0,2,150145
120,13,13,9,150150
121,7,3,2,150170
122,7,1,3,150178
123,0,3,1,150180
124,4,2,9,150190
125,1,0,2,150195
126,3,0,2,150210
127,3,3,6,150220
128,4,0,0,150230
129,3,3,10,150240
130,0,3,0,150250
131,0,0,4,150260
132,0,1,1,150275
133,1,0,1,150280
134,5,0,0,150285
135,1,1,0,150290
136,0,0,1,150293
137,0,1,1,150295
138,1,0,0,150304
139,0,1,0,150307
140,3,2,0,150309
141,2,0,1,150310
142,2,0,2,150320
143,4,2,3,150330
144,2,0,2,150345
145,4,0,3,150350
146,15,12,9,150360
147,6,4,2,150375
148,2,0,0,150380
149,1,0,4,150390
150,2,1,2,150405
151,0,0,1,150410
152,5,4,6,150420
153,1,3,2,150430
154,2,1,0,150440
155,18,22,23,150442
156,1,0,0,150445
157,1,4,4,150470
158,0,1,0,150475
159,2,0,9,150480
160,1,2,1,150490
161,6,4,2,150503
162,3,6,0,150506
163,9,3,6,150510
164,0,0,2,150520
165,3,2,7,150530
166,0,1,0,150543
167,1,2,1,150548
168,6,4,11,150550
169,2,4,11,150553
170,0,1,0,150555
171,0,1,0,150560
172,0,0,1,150563
173,2,0,0,150565
174,0,3,5,150570
175,2,0,0,150590
176,1,3,1,150600
177,3,4,0,150610
178,0,0,2,150611
179,2,3,4,150613
180,0,2,0,150616
181,1,0,0,150618
182,1,1,1,150619
183,3,3,5,150620
184,1,6,4,150630
185,2,5,5,150635
186,8,4,7,150650
187,3,1,0,150655
188,0,0,2,150658
189,3,4,2,150660
190,71,66,82,150680
191,6,5,1,150700
192,3,2,4,150710
193,2,1,1,150720
194,4,7,11,150730
195,1,0,0,150740
196,2,8,8,150745
197,0,1,0,150746
198,1,0,2,150747
199,4,8,14,150760
200,1,0,1,150770
201,0,3,2,150790
202,1,5,5,150795
203,1,2,0,150797
204,4,8,10,150800
205,0,2,0,150803
206,0,1,2,150805
207,2,0,2,150808
208,20,14,4,150810
209,3,1,1,150812
210,3,9,6,150820
211,2,0,1,150830
212,0,0,1,150835
213,2,1,1,150840
214,0,1,1,160010
215,0,0,5,160027
216,1,5,1,160030
217,0,1,1,160060
218,2,1,7,170030
219,1,0,0,170070
220,1,0,4,170100
221,0,0,1,170130
222,66,84,127,170210
223,1,0,0,170215
224,6,6,10,170220
225,2,2,1,170230
226,2,1,7,170255
227,0,3,2,170290
228,0,0,4,170300
229,3,0,0,170307
230,0,0,1,170320
231,0,0,7,170360
232,0,2,4,170380
233,1,0,0,170382
234,2,2,4,170384
235,0,0,2,170388
236,12,5,10,170550
237,0,5,1,171670
238,0,1,3,170600
239,3,0,3,170650
240,0,0,2,170720
241,1,0,0,170740
242,1,0,1,170770
243,0,0,1,170820
244,1,1,0,170825
245,4,5,4,170930
246,2,1,1,170950
247,0,0,1,171070
248,0,2,3,171245
249,0,1,0,171250
250,0,0,1,171320
251,1,3,2,171488
252,1,1,3,172100
253,6,3,0,171570
254,0,1,0,171610
255,1,1,0,171630
256,1,2,2,171650
257,0,1,0,171665
258,1,0,0,171820
259,1,0,0,171855
260,2,1,1,171880
261,0,0,1,171888
262,1,0,0,171900
263,0,1,0,172010
264,0,0,2,172020
265,3,0,0,172030
266,1,0,0,172080
267,0,3,3,172120
268,6,3,2,172208
269,8,5,10,172210
270,6,4,1,210005
271,0,2,1,210010
272,0,0,1,210020
273,2,1,2,210030
274,0,2,1,210040
275,6,4,2,210043
276,0,0,2,210070
277,0,2,0,210080
278,0,1,1,210083
279,0,1,0,210100
280,18,18,18,210120
281,0,5,1,210130
282,2,0,4,210140
283,0,1,2,210150
284,9,2,0,210160
285,5,1,4,210170
286,1,0,0,210197
287,0,1,3,210200
288,0,1,0,210207
289,2,0,0,210210
290,0,1,0,210215
291,0,0,1,210220
292,1,2,0,210230
293,1,2,3,210232
294,1,0,0,210255
295,0,0,1,210260
296,1,0,0,210270
297,0,1,1,210275
298,3,4,2,210280
299,0,3,4,210290
300,21,67,91,210300
301,1,0,3,210310
302,1,0,0,210317
303,0,2,4,210320
304,39,40,49,210330
305,9,45,29,210340
306,2,2,4,210350
307,2,3,0,210360
308,2,1,2,210370
309,3,1,0,210380
310,0,2,0,210390
311,0,2,2,210400
312,4,0,4,210405
313,0,4,2,210420
314,2,0,0,210440
315,2,1,4,210460
316,1,0,0,210462
317,0,1,1,210467
318,0,0,2,210470
319,4,1,0,210480
320,0,2,0,210490
321,1,0,1,210500
322,0,3,0,210510
323,3,0,0,210515
324,0,0,3,210530
325,1,2,0,210535
326,0,1,6,210540
327,0,2,0,210542
328,0,1,0,210545
329,1,0,0,210565
330,5,0,1,210570
331,3,0,0,210580
332,1,0,0,210594
333,0,2,0,210590
334,0,2,0,210596
335,0,1,0,210598
336,1,0,0,210600
337,1,0,0,210620
338,0,0,1,210630
339,2,0,1,210632
340,1,4,0,210660
341,0,2,0,210663
342,2,4,1,210675
343,0,5,0,210680
344,1,0,0,210720
345,0,0,1,210725
346,1,0,0,210745
347,17,31,21,210750
348,5,0,0,210760
349,2,2,1,210770
350,6,1,1,210780
351,0,0,3,210790
352,0,0,1,210800
353,0,1,3,210805
354,4,5,1,210820
355,1,1,2,210825
356,3,3,1,210830
357,0,0,2,210845
358,1,0,0,210850
359,6,8,0,210860
360,0,3,0,210870
361,3,1,1,210880
362,0,0,1,210890
363,0,0,1,210900
364,6,2,0,210910
365,1,0,0,210920
366,1,0,0,210923
367,1,0,3,210930
368,0,1,1,210940
369,5,5,12,210945
370,0,3,0,210950
371,2,7,4,210960
372,0,0,2,210975
373,0,2,1,210980
374,3,4,4,210990
375,8,4,3,211000
376,1,0,3,211003
377,0,0,1,211010
378,1,3,5,211020
379,2,2,0,211030
380,0,1,1,211040
381,0,0,3,211050
382,1,6,2,211070
383,1,0,0,211080
384,0,1,3,211090
385,0,2,0,211100
386,0,1,0,211107
387,1,0,7,211110
388,21,23,40,211120
389,0,0,3,211125
390,166,171,179,211130
391,0,1,6,211140
392,8,11,9,211150
393,1,2,0,211174
394,0,1,0,211195
395,3,2,0,211210
396,48,61,56,211220
397,1,0,1,211223
398,0,2,0,211230
399,0,2,0,211245
400,1,0,1,211250
401,1,0,0,211260
402,1,1,0,211270
403,3,3,0,211280
404,1,3,2,211290
405,4,13,4,211300
406,2,10,0,211400
407,4,11,1,220020
408,2,2,7,220030
409,8,13,8,220040
410,3,2,3,220050
411,0,0,1,220060
412,0,0,1,220070
413,1,0,0,220080
414,0,1,0,220100
415,0,1,0,220105
416,0,0,2,220110
417,5,0,0,220115
418,4,0,14,220120
419,0,1,0,220140
420,1,0,1,220150
421,0,0,2,220157
422,0,1,1,220160
423,0,0,2,220177
424,3,0,8,220190
425,0,0,1,220194
426,1,1,0,220196
427,0,4,1,220205
428,1,0,1,220207
429,0,0,1,220209
430,1,1,0,220211
431,1,0,1,220213
432,10,9,19,220220
433,2,1,0,220230
434,2,1,0,220250
435,0,1,0,220255
436,0,2,7,220260
437,0,1,0,220273
438,0,0,4,220290
439,2,1,0,220320
440,0,0,2,220323
441,3,2,14,220330
442,4,6,0,220340
443,0,3,7,220350
444,4,9,2,220370
445,2,0,0,220380
446,6,2,2,220390
447,0,0,1,220400
448,0,1,1,220420
449,1,1,0,220430
450,1,0,0,220435
451,3,1,2,220450
452,0,0,1,220470
453,3,0,1,220480
454,1,0,0,220500
455,0,0,6,220510
456,1,0,0,220520
457,0,1,0,220545
458,3,9,2,220550
459,0,1,0,220551
460,0,11,8,220555
461,0,1,0,220554
462,1,1,1,220560
463,0,2,2,220570
464,7,11,4,220580
465,0,1,7,220585
466,0,0,1,220595
467,1,0,0,220605
468,1,0,0,220610
469,0,4,2,220620
470,0,1,0,220630
471,0,2,0,220640
472,0,0,1,220650
473,2,0,0,220667
474,0,0,1,220669
475,0,1,0,220670
476,4,8,4,220672
477,0,1,4,220680
478,1,0,2,220690
479,0,0,2,220695
480,6,12,10,220700
481,0,0,1,220710
482,0,2,6,220750
483,0,1,0,220760
484,3,1,5,220770
485,1,0,2,220775
486,3,2,0,220780
487,2,4,4,220790
488,5,5,9,220800
489,0,2,0,220820
490,0,0,4,220830
491,4,7,5,220840
492,1,0,0,220850
493,0,0,1,220855
494,0,1,1,220870
495,1,0,0,220890
496,1,0,0,220900
497,1,0,0,220915
498,0,0,1,220940
499,2,1,0,220950
500,1,1,0,220955
501,0,0,1,220980
502,0,1,0,220985
503,0,1,0,220987
504,0,1,0,220997
505,1,2,0,221000
506,1,0,0,221030
507,0,0,1,221035
508,0,7,1,221038
509,1,6,0,221040
510,0,4,0,221050
511,1,3,1,221060
512,3,0,5,221065
513,0,0,1,221070
514,0,2,0,221080
515,0,0,1,221095
516,388,537,519,221100
517,5,14,22,221110
518,3,1,1,221120
519,3,2,4,221130
520,1,0,0,221170
521,6,2,1,230020
522,0,6,3,230030
523,0,1,0,230040
524,1,0,0,230060
525,1,0,3,230075
526,0,1,1,230090
527,8,6,15,230100
528,12,2,12,230110
529,0,0,1,230120
530,0,1,1,230130
531,0,1,0,230140
532,0,0,1,230190
533,1,5,7,230195
534,0,0,3,230200
535,2,5,8,230210
536,19,5,7,230220
537,0,1,0,230230
538,1,5,0,230240
539,0,1,1,230250
540,1,1,0,230260
541,23,19,19,230280
542,0,0,6,230290
543,10,0,1,230300
544,0,2,0,230320
545,0,0,2,230330
546,3,4,14,230350
547,0,0,1,230365
548,70,85,122,230370
549,4,1,1,230380
550,0,1,0,230393
551,5,2,1,230395
552,17,17,7,230410
553,5,3,1,230420
554,1,3,1,230423
555,2,2,0,230425
556,0,0,1,230426
557,0,0,1,230427
558,11,14,15,230428
559,0,0,1,230435
560,1193,1173,1162,230440
561,2,2,1,230445
562,1,0,0,230450
563,0,0,2,230460
564,0,0,1,230465
565,0,2,0,230470
566,2,0,0,230490
567,1,1,2,230495
568,0,3,1,230500
569,16,10,11,230523
570,3,0,1,230526
571,0,1,0,230530
572,0,0,1,230533
573,0,0,1,230535
574,2,2,2,230540
575,6,12,15,230550
576,2,5,4,230560
577,0,1,0,230570
578,1,0,0,230580
579,0,0,2,230590
580,3,0,1,230610
581,2,1,1,230620
582,21,17,15,230625
583,7,3,2,230630
584,15,10,15,230640
585,2,7,5,230650
586,10,3,2,230660
587,9,1,3,230690
588,3,2,2,230700
589,0,0,1,230720
590,1,0,2,230725
591,1,1,5,230730
592,0,0,1,230740
593,1,3,3,230760
594,3,2,1,230763
595,37,31,61,230765
596,14,9,14,230770
597,0,3,1,230780
598,0,0,1,230810
599,0,1,0,230830
600,6,8,0,230835
601,6,0,1,230837
602,0,4,0,230850
603,1,2,0,230860
604,0,0,3,230870
605,0,1,0,230900
606,0,1,6,230910
607,0,1,0,230920
608,0,0,1,230930
609,0,1,0,230940
610,3,1,2,230945
611,1,1,3,230950
612,15,10,20,230960
613,8,9,13,230970
614,3,3,3,230980
615,0,0,3,230990
616,0,0,1,231000
617,0,1,0,231010
618,1,3,7,231020
619,3,2,0,231025
620,0,1,0,231030
621,1,0,0,231040
622,1,3,1,231050
623,10,8,0,231070
624,2,3,0,231080
625,5,1,1,231085
626,1,0,0,231100
627,0,1,0,231123
628,1,0,0,231126
629,13,12,4,231130
630,0,4,0,231140
631,0,3,1,231150
632,6,3,2,231160
633,1,0,0,231170
634,9,8,6,231180
635,4,0,0,231190
636,0,1,0,231195
637,0,1,0,231220
638,0,1,0,231200
639,0,0,2,231230
640,3,7,6,231240
641,1,1,0,231250
642,1,2,0,231260
643,1,0,0,231270
644,9,4,4,231290
645,0,2,1,231300
646,6,5,7,231310
647,3,0,0,231320
648,11,6,2,231330
649,1,0,0,231335
650,1,1,1,231340
651,2,3,12,231350
652,0,2,2,231355
653,3,2,1,231375
654,2,0,3,231380
655,0,0,1,231410
656,1,0,2,240010
657,3,3,8,240020
658,0,1,0,240030
659,0,0,1,240050
660,1,0,1,240060
661,3,1,0,240070
662,2,0,1,240080
663,1,0,0,240090
664,5,0,5,240100
665,11,6,12,240110
666,0,2,1,240140
667,2,3,4,240145
668,2,2,2,240150
669,0,2,0,240160
670,1,0,0,240165
671,2,5,2,240170
672,1,1,0,240180
673,0,2,0,240185
674,1,3,2,240200
675,1,0,0,240210
676,9,13,15,240220
677,1,1,0,240230
678,6,7,6,240260
679,0,1,0,240270
680,3,7,1,240310
681,0,1,0,240330
682,0,0,2,240350
683,3,23,15,240360
684,0,0,1,240370
685,1,0,0,240375
686,1,1,2,240380
687,0,1,0,240400
688,0,1,0,240410
689,0,6,1,240420
690,1,2,0,240430
691,1,2,5,240440
692,2,6,3,240450
693,1,0,0,240460
694,4,1,4,240470
695,1,1,4,240485
696,2,1,0,240490
697,3,5,3,240510
698,1,0,0,240520
699,1,0,2,240540
700,1,0,0,240560
701,3,3,2,240580
702,1,0,2,240600
703,4,0,2,240610
704,0,1,1,240615
705,2,2,0,240620
706,0,1,0,240630
707,1,0,0,240660
708,3,4,1,240670
709,0,1,1,240690
710,16,23,20,240710
711,6,12,5,240720
712,1,0,0,240725
713,0,0,1,240740
714,0,3,0,240750
715,0,2,3,240770
716,2,5,4,240780
717,87,50,100,240800
718,250,358,319,240810
719,4,4,1,240820
720,3,12,16,240830
721,3,1,0,240850
722,0,0,1,240870
723,2,0,0,240880
724,1,1,2,240890
725,37,50,35,240325
726,1,1,1,240910
727,3,2,6,240930
728,6,1,9,240940
729,0,1,1,240970
730,1,0,1,240980
731,2,0,3,240990
732,0,1,0,241020
733,1,0,0,241050
734,0,0,3,241090
735,0,1,2,240895
736,1,1,0,241100
737,3,3,1,241120
738,1,1,0,241150
739,0,1,0,241160
740,0,0,2,241170
741,1,1,0,241190
742,25,41,23,241200
743,4,3,1,241220
744,1,4,0,241230
745,1,1,2,241250
746,0,0,2,241255
747,8,3,0,241260
748,0,0,2,241270
749,2,2,0,241280
750,0,0,8,241290
751,1,0,0,241310
752,2,0,0,241320
753,2,6,5,241030
754,5,0,0,241340
755,1,0,0,241355
756,0,0,2,241360
757,0,0,3,241390
758,0,3,1,241400
759,1,1,0,241410
760,1,0,0,241105
761,2,6,5,241440
762,0,1,0,241450
763,1,3,1,241480
764,1,0,0,241500
765,1,0,0,250010
766,0,0,1,250020
767,1,5,6,250030
768,0,0,1,250040
769,6,0,0,250050
770,0,0,1,250057
771,4,5,9,250060
772,6,13,2,250080
773,2,0,1,250090
774,3,2,3,250100
775,3,3,2,250110
776,2,1,1,250120
777,1,1,2,250130
778,10,6,3,250140
779,0,0,1,250150
780,0,1,0,250153
781,0,0,1,250157
782,74,81,54,250180
783,1,3,0,250190
784,0,0,1,250200
785,0,3,1,250220
786,1,0,0,250230
787,0,0,4,250240
788,0,1,0,250270
789,6,8,9,250300
790,29,46,27,250320
791,1,1,2,250350
792,12,8,1,250370
793,66,72,70,250400
794,2,1,0,250403
795,1,0,1,250415
796,9,6,0,250430
797,1,0,1,250435
798,1,0,3,250440
799,2,2,0,250450
800,27,9,7,250460
801,0,1,0,250470
802,13,12,9,250490
803,2,1,0,250500
804,1,2,2,250510
805,2,0,1,250520
806,0,0,1,250527
807,6,2,1,250570
808,0,1,2,250580
809,5,10,16,250600
810,3,0,3,250610
811,18,15,8,250630
812,1,1,7,250640
813,0,5,0,250670
814,2,9,4,250690
815,0,1,0,250700
816,2,2,1,250710
817,2,0,1,250730
818,1,0,1,250740
819,368,424,280,250750
820,0,0,1,250760
821,0,0,1,250770
822,1,0,0,250780
823,11,11,4,250790
824,1,0,0,250820
825,0,2,1,250830
826,7,14,1,250860
827,24,15,17,250890
828,4,0,0,250905
829,7,11,5,250910
830,2,1,0,250915
831,2,0,0,250920
832,1,0,2,250930
833,0,0,1,250939
834,1,2,0,250940
835,0,1,0,250960
836,2,5,2,250970
837,1,0,0,250980
838,2,0,0,250990
839,0,1,0,251000
840,1,0,0,251010
841,0,1,0,251020
842,0,1,1,251040
843,1,4,0,251050
844,0,2,0,251060
845,13,18,13,251080
846,0,0,1,251090
847,0,1,1,251100
848,0,0,1,251110
849,13,16,10,251120
850,5,2,5,251140
851,2,1,3,251150
852,3,0,0,251170
853,2,2,0,251180
854,7,8,2,251190
855,0,0,3,251200
856,5,1,3,251210
857,2,0,0,251230
858,0,2,0,251240
859,6,4,7,251250
860,10,3,3,251270
861,16,11,6,251290
862,0,1,1,251300
863,0,1,4,251315
864,0,0,1,251320
865,2,0,14,251340
866,87,79,46,251370
867,1,0,0,251380
868,3,2,2,251390
869,2,0,0,251400
870,0,0,1,251450
871,3,0,0,251480
872,0,0,2,251445
873,0,0,2,251490
874,0,9,5,251500
875,1,1,0,251510
876,0,1,0,251540
877,19,13,12,251530
878,0,1,0,251560
879,2,0,1,251580
880,9,7,14,251593
881,1,1,0,251597
882,5,3,5,251600
883,3,3,1,251610
884,7,6,14,251620
885,5,1,0,251630
886,0,2,1,251640
887,1,1,1,251650
888,4,4,1,251660
889,1,2,0,251670
890,1,1,1,251690
891,0,0,1,251700
892,0,0,1,251720
893,0,0,1,251740
894,49,29,42,260005
895,1,0,2,260010
896,3,0,0,260030
897,2,4,5,260040
898,1,4,2,260050
899,0,1,0,260060
900,6,4,10,260070
901,1,0,0,260080
902,5,1,6,260090
903,0,0,2,260100
904,0,5,16,260105
905,0,0,1,260110
906,4,3,0,260120
907,0,2,0,260130
908,14,11,12,260140
909,0,2,0,260150
910,0,6,2,260160
911,0,1,6,260170
912,1,5,0,260190
913,0,3,6,260220
914,0,3,1,260230
915,0,0,2,260240
916,0,3,6,260260
917,5,1,1,260270
918,0,1,0,260280
919,85,91,71,260290
920,0,0,1,260310
921,1,1,0,260320
922,0,0,1,260340
923,51,43,89,260345
924,0,1,2,260350
925,1,1,2,260370
926,29,25,18,260400
927,12,13,13,260410
928,1,0,2,260415
929,9,7,12,260420
930,1,0,1,260430
931,1,1,1,260440
932,2,14,6,260450
933,4,4,10,260460
934,0,1,0,260470
935,1,0,2,260480
936,0,0,2,260490
937,2,1,1,260510
938,20,14,17,260520
939,1,3,10,260540
940,1,1,0,260550
941,5,0,0,260560
942,0,0,1,260570
943,2,5,5,260590
944,1,2,6,260600
945,2,1,3,260610
946,15,23,50,260620
947,11,10,4,260640
948,1,0,1,260670
949,39,51,50,260680
950,5,2,3,260690
951,2,6,2,260760
952,0,0,1,260700
953,10,28,21,260720
954,2,8,8,260765
955,1,1,0,260770
956,2,4,2,260775
957,2,3,0,260780
958,294,351,359,260790
959,1,0,0,260795
960,0,2,0,260805
961,1,4,1,260810
962,0,2,4,260820
963,0,0,3,260825
964,0,1,2,260830
965,0,0,1,260840
966,2,1,5,260850
967,3,1,2,260845
968,5,0,0,260860
969,6,3,0,260880
970,15,13,0,260890
971,0,2,1,260900
972,2,2,0,260910
973,0,2,1,260930
974,12,6,15,260940
975,10,2,3,260950
976,222,278,342,260960
977,0,3,0,260970
978,1,1,3,260990
979,3,15,27,261000
980,1,0,0,261020
981,0,1,0,261040
982,0,0,4,261050
983,1,6,8,261060
984,127,172,153,261070
985,1,1,2,261080
986,7,1,7,261090
987,0,1,1,261100
988,0,1,8,261110
989,2,1,4,261130
990,0,1,5,261140
991,5,0,0,261150
992,2,0,0,261153
993,1195,1312,1412,261160
994,5,7,14,261180
995,9,7,12,261190
996,2,2,0,261210
997,0,2,5,261220
998,0,3,0,261240
999,5,5,7,261250
1000,1,0,0,261260
1001,0,0,3,261270
1002,1,0,3,261290
1003,0,0,1,261300
1004,1,23,3,261310
1005,0,1,0,261320
1006,2,2,1,261330
1007,3,3,0,261340
1008,3,1,1,261350
1009,32,22,35,261370
1010,11,22,9,261390
1011,0,1,3,261410
1012,5,9,12,261420
1013,3,3,4,261450
1014,1,3,0,261460
1015,1,0,0,261470
1016,2,1,4,261485
1017,3,1,2,261500
1018,0,0,1,261520
1019,4,6,9,261530
1020,1,0,2,261540
1021,1,1,4,261550
1022,0,1,5,261560
1023,1,0,0,261570
1024,0,1,0,261590
1025,0,0,1,261610
1026,1,0,0,261618
1027,1,0,2,261620
1028,7,2,1,261630
1029,29,28,40,261640
1030,0,3,1,261650
1031,0,1,0,270010
1032,1,0,1,270020
1033,14,26,19,270030
1034,4,4,3,270040
1035,7,4,5,270050
1036,0,1,1,270060
1037,3,0,0,270070
1038,2,1,1,270080
1039,2,1,0,270100
1040,0,0,1,270110
1041,0,0,1,270130
1042,1,2,2,270140
1043,0,0,2,270150
1044,0,0,1,270160
1045,0,1,3,270170
1046,0,0,1,270190
1047,0,2,3,270200
1048,1,2,2,270210
1049,4,1,1,270220
1050,8,5,2,270230
1051,0,1,1,270235
1052,1,1,1,270240
1053,0,1,0,270250
1054,1,0,0,270255
1055,0,1,4,270280
1056,1,1,1,270290
1057,0,0,3,270300
1058,3,0,2,270310
1059,0,0,2,270320
1060,0,0,1,270350
1061,1,0,0,270360
1062,2,1,3,270380
1063,0,0,1,270390
1064,3,1,3,270400
1065,2,0,0,270420
1066,295,271,268,270430
1067,5,4,6,270450
1068,13,12,11,270470
1069,2,0,0,270480
1070,0,0,1,270500
1071,7,7,2,270510
1072,4,2,0,270520
1073,4,7,3,270550
1074,1,1,2,270560
1075,1,0,0,270570
1076,0,1,0,270600
1077,0,1,0,270610
1078,0,0,1,270620
1079,7,2,6,270630
1080,0,1,0,270640
1081,0,4,2,270644
1082,3,0,2,270650
1083,0,0,1,270660
1084,1,1,0,270670
1085,3,0,2,270680
1086,0,5,14,270690
1087,2,5,3,270710
1088,0,1,2,270720
1089,2,3,5,270730
1090,1,0,3,270750
1091,0,1,0,270760
1092,5,8,3,270770
1093,0,1,1,270790
1094,1,0,0,270800
1095,2,0,0,270810
1096,2,1,4,270830
1097,0,1,0,270840
1098,2,8,12,270850
1099,4,4,12,270860
1100,0,2,2,270870
1101,1,3,1,270880
1102,1,1,3,270890
1103,0,0,1,270900
1104,4,3,1,270915
1105,2,0,1,270920
1106,8,8,11,270930
1107,1,1,3,270940
1108,0,0,2,280020
1109,62,106,154,280030
1110,0,0,1,280040
1111,0,1,0,280050
1112,3,1,1,280060
1113,1,0,1,280067
1114,0,3,3,280070
1115,0,1,4,280120
1116,1,0,7,280130
1117,0,0,1,280160
1118,0,1,1,280170
1119,1,0,5,280210
1120,0,0,1,280230
1121,0,0,1,280240
1122,0,0,1,280260
1123,1,1,1,280270
1124,0,0,2,280280
1125,2,5,2,280290
1126,1,0,1,280300
1127,1,1,0,280320
1128,0,0,1,280330
1129,0,1,1,280340
1130,1,2,0,280350
1131,0,1,0,280360
1132,1,0,0,280410
1133,1,1,0,280420
1134,1,0,2,280430
1135,0,0,1,280440
1136,0,0,1,280460
1137,12,12,12,280480
1138,0,0,1,280490
1139,0,1,0,280530
1140,0,0,1,280540
1141,0,0,2,280550
1142,0,0,3,280560
1143,1,1,3,280570
1144,1,0,1,280580
1145,0,0,1,280600
1146,1,0,1,280610
1147,0,0,1,280620
1148,0,0,1,280630
1149,3,6,4,280670
1150,0,1,4,280690
1151,0,2,0,280710
1152,0,7,39,280740
1153,1,5,1,280760
1154,4,0,0,290070
1155,1,0,0,290080
1156,0,2,0,290100
1157,0,1,0,290110
1158,0,0,1,290140
1159,1,0,0,290170
1160,0,1,0,290190
1161,1,0,0,290210
1162,0,0,1,290225
1163,2,1,0,290265
1164,0,1,0,290327
1165,0,0,1,290350
1166,0,3,0,290390
1167,1,1,0,290405
1168,1,0,0,290460
1169,3,3,1,290470
1170,2,1,1,290490
1171,0,1,0,290550
1172,0,1,1,290560
1173,5,22,9,290570
1174,0,0,2,290580
1175,0,0,1,290630
1176,22,6,8,290650
1177,1,0,0,290687
1178,1,1,0,290690
1179,1,0,0,290700
1180,2,0,2,290750
1181,1,0,0,290770
1182,1,0,2,290840
1183,2,2,0,290850
1184,0,1,2,290860
1185,0,0,1,290890
1186,1,0,0,290960
1187,3,1,0,290980
1188,4,6,8,291005
1189,3,1,1,291050
1190,0,0,1,291060
1191,1,2,2,291070
1192,1,3,2,291072
1193,0,0,1,291075
1194,1,9,8,291080
1195,4,0,0,291140
1196,1,0,0,291160
1197,2,1,0,291190
1198,0,1,0,291290
1199,0,1,1,291300
1200,1,0,0,291310
1201,1,2,1,291360
1202,0,4,11,291380
1203,0,1,0,291390
1204,11,0,0,291400
1205,2,0,0,291450
1206,0,0,1,291460
1207,2,1,0,291470
1208,13,19,22,291480
1209,0,0,1,291510
1210,1,0,0,291530
1211,0,1,1,291550
1212,0,0,4,291560
1213,1,0,0,291590
1214,0,1,1,291600
1215,2,1,1,291610
1216,0,1,0,291620
1217,0,0,1,291630
1218,0,1,0,291650
1219,0,0,1,291685
1220,1,0,0,291700
1221,0,1,0,291750
1222,0,1,0,291770
1223,0,1,0,291780
1224,0,1,2,291800
1225,0,1,0,291820
1226,0,0,1,291835
1227,0,0,3,291840
1228,1,1,0,291845
1229,0,0,1,291880
1230,15,20,19,291920
1231,0,0,1,291930
1232,0,1,0,291960
1233,1,1,1,291992
1234,1,0,1,292010
1235,2,2,1,292060
1236,2,2,3,292100
1237,1,2,1,292110
1238,1,0,0,292120
1239,0,1,0,292150
1240,0,2,0,292200
1241,0,0,1,292210
1242,5,5,2,292230
1243,0,0,1,292240
1244,1,2,0,292250
1245,0,1,0,292280
1246,2,1,1,292300
1247,0,0,1,292330
1248,0,4,14,292350
1249,0,1,0,292390
1250,10,0,0,292410
1251,0,2,1,292465
1252,0,1,0,292480
1253,3,3,1,292520
1254,2,0,0,292530
1255,0,2,1,292550
1256,0,0,1,292575
1257,1,0,0,292580
1258,0,2,0,292660
1259,0,0,1,292670
1260,0,2,2,292700
1261,0,0,1,292730
1262,634,600,550,292740
1263,0,1,1,292750
1264,0,1,0,292770
1265,0,1,0,292800
1266,0,1,0,292820
1267,5,6,2,292860
1268,1,2,0,292870
1269,2,0,0,292880
1270,2,5,0,292910
1271,0,2,2,292900
1272,1,2,0,292920
1273,0,0,1,292925
1274,0,1,0,292935
1275,4,2,4,292950
1276,0,1,0,292960
1277,0,1,0,292970
1278,0,2,1,292975
1279,0,0,1,293010
1280,2,0,5,293050
1281,11,9,9,293070
1282,0,1,0,293075
1283,0,1,0,293110
1284,0,0,1,293120
1285,35,38,36,293135
1286,1,0,0,293150
1287,0,1,2,293170
1288,1,0,1,293190
1289,1,0,0,293245
1290,0,1,0,293250
1291,2,3,9,293290
1292,0,0,1,293305
1293,1,0,3,293320
1294,1,0,3,293330
1295,1,1,1,293360
1296,0,0,1,310030
1297,0,1,1,310070
1298,0,5,39,310110
1299,1,1,1,310140
1300,0,1,1,310150
1301,11,2,3,310160
1302,0,1,0,310170
1303,1,3,0,310180
1304,1,0,0,310230
1305,16,8,5,310350
1306,0,0,1,310375
1307,3,1,3,310400
1308,0,1,0,310420
1309,0,1,3,310470
1310,10,5,6,310500
1311,0,2,4,310510
1312,3,9,9,310540
1313,0,0,1,310560
1314,0,1,0,310590
1315,0,1,0,310610
1316,864,1024,978,310620
1317,0,0,1,310630
1318,41,41,29,310670
1319,1,0,0,310690
1320,1,0,1,310710
1321,5,5,4,310730
1322,3,0,5,310740
1323,0,1,0,310750
1324,1,1,1,310790
1325,1,2,8,310800
1326,0,0,1,310820
1327,1,2,1,310830
1328,0,1,0,310840
1329,0,1,0,310860
1330,1,1,1,310900
1331,1,1,0,310940
1332,0,0,1,310950
1333,0,0,3,310970
1334,0,1,0,310990
1335,12,11,14,311000
1336,1,0,2,311050
1337,0,2,1,311060
1338,1,0,0,311100
1339,0,2,0,311110
1340,0,0,1,311115
1341,2,8,10,311120
1342,1,0,0,311130
1343,1,3,4,311140
1344,7,1,3,311150
1345,1,0,0,311160
1346,0,2,1,311260
1347,0,1,0,311265
1348,0,0,1,311320
1349,0,0,1,311330
1350,1,2,4,311360
1351,1,3,1,311430
1352,2,0,0,311440
1353,0,0,1,311455
1354,0,2,0,311510
1355,0,1,0,311530
1356,7,2,1,311535
1357,1,0,0,311547
1358,0,0,1,311550
1359,1,0,0,311560
1360,0,3,0,311580
1361,2,1,3,311590
1362,1,0,0,311610
1363,2,0,1,311620
1364,0,0,1,311650
1365,1,0,1,311690
1366,0,0,1,311520
1367,4,6,9,311730
1368,5,1,0,311750
1369,1,0,0,311783
1370,0,2,2,311790
1371,0,2,5,311800
1372,1,0,0,311820
1373,5,4,6,311830
1374,0,0,1,311840
1375,116,117,130,311860
1376,0,0,1,311880
1377,3,9,9,311910
1378,0,1,1,311920
1379,1,2,0,311930
1380,1,0,1,311940
1381,0,1,0,311950
1382,0,1,1,311980
1383,1,1,0,312030
1384,1,0,0,312080
1385,13,13,10,312090
1386,0,0,1,312100
1387,0,0,1,312125
1388,2,0,0,312140
1389,1,0,0,312160
1390,1,0,0,312200
1391,2,0,0,312210
1392,1,3,2,312230
1393,0,0,1,312235
1394,1,0,0,312240
1395,0,1,0,312245
1396,0,1,0,312247
1397,5,0,0,312360
1398,1,1,2,312370
1399,0,0,1,312380
1400,15,10,18,312410
1401,1,1,1,312420
1402,0,0,1,312430
1403,0,0,3,312440
1404,0,2,0,312450
1405,3,2,0,312480
1406,0,0,1,312490
1407,1,0,1,312500
1408,1,0,0,312600
1409,2,1,1,312610
1410,0,1,0,312670
1411,0,0,1,312680
1412,2,0,1,312690
1413,5,1,0,312700
1414,8,9,8,312710
1415,1,2,4,312730
1416,1,0,0,312738
1417,75,62,39,312770
1418,2,1,0,312810
1419,0,0,1,312825
1420,1,0,0,312840
1421,2,2,1,312850
1422,0,1,0,312880
1423,3,0,0,312890
1424,0,0,1,312920
1425,2,1,6,312950
1426,0,0,2,312960
1427,0,0,1,312965
1428,0,0,1,312970
1429,43,53,51,312980
1430,2,0,0,313005
1431,11,6,10,313010
1432,2,0,1,313020
1433,1,0,0,313050
1434,0,0,1,313060
1435,1,1,2,313100
1436,1,2,1,313120
1437,1,1,1,313130
1438,0,4,4,313150
1439,1,2,1,313160
1440,3,4,4,313170
1441,9,4,0,313190
1442,2,2,0,313210
1443,1,0,0,313220
1444,3,0,1,313290
1445,0,0,2,313350
1446,0,0,8,313370
1447,3,4,1,313375
1448,6,3,18,313380
1449,2,1,2,313420
1450,3,10,5,313440
1451,4,0,6,313460
1452,0,1,0,313480
1453,0,0,3,313490
1454,1,0,0,313507
1455,1,1,2,313510
1456,1,2,3,313520
1457,2,0,0,313545
1458,1,2,0,313560
1459,0,0,1,313580
1460,0,0,1,313600
1461,11,1,6,313620
1462,8,2,9,313630
1463,1,0,0,313657
1464,2,1,8,313665
1465,179,131,125,313670
1466,0,2,0,313690
1467,4,3,3,313720
1468,0,1,0,313730
1469,1,0,1,313750
1470,0,1,1,313753
1471,11,4,4,313760
1472,0,0,1,313770
1473,1,1,0,313800
1474,1,2,0,313820
1475,3,1,0,313840
1476,2,0,1,313860
1477,2,0,0,313880
1478,1,1,0,313930
1479,0,0,1,313940
1480,0,1,0,313960
1481,2,1,0,313980
1482,0,0,2,313990
1483,0,2,0,314010
1484,5,9,8,314015
1485,13,13,15,314070
1486,0,0,1,317150
1487,2,8,0,314080
1488,0,2,0,314085
1489,0,2,0,314090
1490,2,8,13,314110
1491,1,0,2,314160
1492,0,1,0,314200
1493,0,1,0,314220
1494,0,1,4,314240
1495,0,1,0,314270
1496,4,3,2,314280
1497,0,0,1,314290
1498,6,6,1,314310
1499,0,1,0,314320
1500,32,32,40,314330
1501,1,2,2,314350
1502,1,0,0,314380
1503,23,27,14,314390
1504,1,1,0,314410
1505,0,0,1,314430
1506,0,0,1,314437
1507,1,1,1,314470
1508,5,23,12,314480
1509,1,1,1,314500
1510,0,1,0,314505
1511,1,0,0,314510
1512,2,3,5,314520
1513,1,0,1,313660
1514,1,0,0,314530
1515,6,1,0,314535
1516,0,0,1,314545
1517,1,1,0,314560
1518,1,0,0,314585
1519,1,0,0,314590
1520,5,0,0,314600
1521,0,0,8,314610
1522,0,0,1,314630
1523,0,1,0,314670
1524,0,0,1,314690
1525,2,6,4,314710
1526,4,0,3,314700
1527,0,0,1,314720
1528,1,2,12,314740
1529,1,0,0,314770
1530,24,15,19,314790
1531,9,8,9,314800
1532,2,3,3,314810
1533,1,0,0,314820
1534,0,2,0,314870
1535,1,0,0,314915
1536,5,8,6,314930
1537,0,2,0,314950
1538,0,0,2,314980
1539,0,1,0,315040
1540,2,0,0,315060
1541,2,0,1,315070
1542,3,5,3,315120
1543,4,1,1,315140
1544,1,6,2,315150
1545,4,4,3,315160
1546,4,0,4,315180
1547,9,2,5,315200
1548,0,2,3,315210
1549,1,0,0,315217
1550,0,1,0,315220
1551,19,16,21,315250
1552,0,0,1,315260
1553,3,2,1,315280
1554,4,0,1,315290
1555,1,0,0,315320
1556,1,0,0,315340
1557,0,0,2,315360
1558,4,10,10,315390
1559,1,1,1,315410
1560,73,57,63,315460
1561,2,1,6,315480
1562,0,0,4,315490
1563,0,1,2,315540
1564,0,0,1,315550
1565,1,0,0,315560
1566,0,0,1,315580
1567,0,1,0,315620
1568,1,0,1,315630
1569,23,36,32,315670
1570,0,1,0,315680
1571,1,3,3,315690
1572,0,2,3,315720
1573,1,0,1,315733
1574,0,0,1,315770
1575,47,48,59,315780
1576,0,1,2,315820
1577,1,3,8,315960
1578,0,0,1,315860
1579,1,0,1,316040
1580,1,4,1,316070
1581,0,0,4,316100
1582,1,1,0,316110
1583,2,0,4,316140
1584,0,0,1,316160
1585,2,0,0,316200
1586,1,3,4,316210
1587,1,0,1,316220
1588,0,1,0,316225
1589,1,0,0,316240
1590,1,1,1,316245
1591,6,13,4,316250
1592,1,0,0,316265
1593,0,0,1,316270
1594,1,1,0,316280
1595,0,0,5,316290
1596,6,15,23,316292
1597,1,0,0,316294
1598,6,4,2,316295
1599,0,2,0,316370
1600,1,2,0,316440
1601,7,2,1,316470
1602,1,0,0,316520
1603,0,1,0,316510
1604,17,15,20,316553
1605,1,0,0,316680
1606,1,0,0,316690
1607,8,9,18,316720
1608,1,0,1,316750
1609,0,2,0,316760
1610,0,0,1,316800
1611,1,1,0,316840
1612,0,1,4,316860
1613,0,3,1,316880
1614,2,1,5,316935
1615,1,1,0,316940
1616,3,2,3,316960
1617,0,1,0,316980
1618,2,1,0,316990
1619,0,1,1,317000
1620,204,153,141,317010
1621,102,77,94,317020
1622,1,0,1,317040
1623,1,0,0,317065
1624,10,3,0,317070
1625,5,5,3,317080
1626,1,0,1,317090
1627,0,2,0,317100
1628,0,1,0,317110
1629,24,29,21,317120
1630,0,1,1,317130
1631,1,2,1,317190
1632,3,2,0,317200
1633,2,0,0,320010
1634,7,2,0,320020
1635,1,1,0,320030
1636,2,1,0,320040
1637,0,1,0,320060
1638,1,3,2,320070
1639,4,1,3,320080
1640,3,1,0,320090
1641,1,0,2,320100
1642,0,0,4,320115
1643,81,114,161,320120
1644,53,71,162,320130
1645,7,1,3,320140
1646,1,0,2,320150
1647,0,0,3,320160
1648,2,1,0,320170
1649,1,0,0,320190
1650,4,2,5,320240
1651,1,1,0,320245
1652,0,3,0,320250
1653,0,0,4,320255
1654,1,0,0,320260
1655,8,2,10,320280
1656,3,0,0,320300
1657,1,1,4,320305
1658,3,0,0,320310
1659,11,12,7,320320
1660,0,6,1,320330
1661,5,7,13,320332
1662,0,0,1,320334
1663,4,0,2,320340
1664,1,2,0,320350
1665,2,0,0,320360
1666,1,0,3,320370
1667,2,1,6,320380
1668,2,0,1,320390
1669,0,0,1,320400
1670,2,6,2,320405
1671,2,2,3,320410
1672,2,5,11,320420
1673,0,2,2,320430
1674,0,0,1,320435
1675,0,1,0,320440
1676,0,0,1,320450
1677,0,2,0,320460
1678,0,1,0,320465
1679,4,1,0,320470
1680,3,14,9,320490
1681,34,34,158,320500
1682,2,0,0,320501
1683,0,3,4,320503
1684,4,26,55,320510
1685,49,65,101,320520
1686,66,59,52,320530
1687,0,2,9,330010
1688,0,0,1,330015
1689,5,2,7,330020
1690,0,3,0,330022
1691,0,1,0,330025
1692,6,2,5,330030
1693,20,28,24,330040
1694,81,86,62,330045
1695,0,2,0,330050
1696,0,0,1,330060
1697,4,0,1,330070
1698,3,2,1,330080
1699,0,1,3,330090
1700,213,201,184,330100
1701,1,2,1,330115
1702,2,2,0,330130
1703,1,2,0,330150
1704,122,129,103,330170
1705,0,0,5,330185
1706,7,9,9,330190
1707,5,5,18,330200
1708,0,4,1,330210
1709,3,5,2,330220
1710,9,8,12,330227
1711,1,0,0,330230
1712,2,2,1,330240
1713,0,1,1,330245
1714,12,10,20,330250
1715,5,3,1,330260
1716,32,13,11,330270
1717,9,5,11,330285
1718,0,1,0,330290
1719,6,7,10,330300
1720,0,1,0,330310
1721,21,19,27,330320
1722,156,96,124,330330
1723,42,32,28,330340
1724,312,292,210,330350
1725,0,1,0,330360
1726,4,1,1,330370
1727,48,56,63,330390
1728,1,0,1,330395
1729,1,0,0,330400
1730,36,23,20,330414
1731,1,1,0,330415
1732,1,0,1,330420
1733,2,1,3,330430
1734,0,0,1,330450
1735,0,0,1,330452
1736,1153,1004,907,330455
1737,4,0,0,330470
1738,2,2,4,330480
1739,2,2,0,330475
1740,101,82,70,330490
1741,11,2,4,330500
1742,94,79,65,330510
1743,1,0,0,330520
1744,1,0,0,330540
1745,0,0,4,330550
1746,4,4,2,330555
1747,0,1,0,330575
1748,9,20,14,330580
1749,3,2,0,330600
1750,0,1,0,330620
1751,22,8,10,330630
1752,1,1,4,350010
1753,0,0,2,350020
1754,1,2,4,350030
1755,0,4,0,350040
1756,3,0,0,350050
1757,0,0,2,350055
1758,1,0,0,350060
1759,1,0,2,350070
1760,0,1,0,350090
1761,3,4,1,350100
1762,1,0,0,350115
1763,3,1,0,350120
1764,4,1,8,350130
1765,2,0,3,350140
1766,19,6,6,350160
1767,5,5,3,350170
1768,2,2,1,350180
1769,8,1,3,350190
1770,13,5,1,350210
1771,1,0,1,350230
1772,0,1,1,350240
1773,0,1,0,350250
1774,3,3,1,350275
1775,47,25,15,350280
1776,5,5,2,350290
1777,2,4,1,350310
1778,32,19,14,350320
1779,15,16,10,350330
1780,3,0,1,350360
1781,0,3,2,350370
1782,20,2,6,350380
1783,0,3,7,350390
1784,20,8,8,350400
1785,8,4,7,350410
1786,1,0,0,350420
1787,0,0,1,350440
1788,37,30,25,350450
1789,2,6,3,350460
1790,2,1,0,350470
1791,4,5,1,350480
1792,1,0,0,350510
1793,1,0,0,350520
1794,1,4,0,350530
1795,55,91,57,350550
1796,6,10,8,350560
1797,9,11,14,350570
1798,11,3,5,350590
1799,59,81,104,350600
1800,21,14,6,350610
1801,0,1,2,350630
1802,0,1,1,350635
1803,2,0,1,350650
1804,3,4,2,350660
1805,1,0,0,350680
1806,2,2,1,350690
1807,0,0,1,350700
1808,0,2,0,350710
1809,24,17,30,350750
1810,14,9,7,350760
1811,6,6,7,350780
1812,3,0,0,350790
1813,0,0,1,350800
1814,0,1,0,350810
1815,6,2,0,350840
1816,5,12,12,350850
1817,1,0,1,350860
1818,1,0,0,350890
1819,7,3,3,350900
1820,3,0,1,350920
1821,2,2,3,350925
1822,1,2,3,350930
1823,11,6,12,350940
1824,0,0,1,350945
1825,420,228,188,350950
1826,10,4,10,350960
1827,1,3,0,350990
1828,1,0,0,350995
1829,1,0,0,351000
1830,0,0,1,351020
1831,7,6,0,351030
1832,2,1,0,351040
1833,0,0,2,351050
1834,52,50,56,351060
1835,0,1,1,351070
1836,3,0,0,351080
1837,0,2,0,351090
1838,2,0,0,351100
1839,96,78,103,351110
1840,1,4,0,351120
1841,2,0,0,351130
1842,2,4,2,351140
1843,1,0,0,351150
1844,0,0,1,351170
1845,0,0,1,355720
1846,1,2,2,351200
1847,3,2,0,351210
1848,3,1,1,351220
1849,5,2,0,351230
1850,1,0,2,351240
1851,0,0,2,351270
1852,10,11,16,351280
1853,0,2,0,351290
1854,6,5,5,351300
1855,21,22,4,351310
1856,1,1,0,351320
1857,1,2,0,351340
1858,9,1,0,351350
1859,1,0,0,351360
1860,1,1,1,351370
1861,60,48,44,351380
1862,0,0,1,351400
1863,2,0,1,351410
1864,0,3,3,351430
1865,1,7,8,351440
1866,0,2,0,351460
1867,0,0,1,351470
1868,0,0,1,351480
1869,5,0,1,351490
1870,2,6,0,351492
1871,26,19,26,351500
1872,6,0,1,351510
1873,1,0,0,351519
1874,0,0,1,351520
1875,2,6,0,351540
1876,0,1,0,351560
1877,4,6,0,351550
1878,1,0,0,351565
1879,15,4,14,351570
1880,0,0,1,351600
1881,23,38,28,351620
1882,15,4,11,351630
1883,12,13,15,351640
1884,3,2,5,351660
1885,1,0,1,351670
1886,0,0,2,351690
1887,1,0,0,351700
1888,1,0,0,351710
1889,0,1,0,351720
1890,0,1,2,351730
1891,12,6,10,351740
1892,4,7,7,351750
1893,1,0,0,351770
1894,2,0,2,351790
1895,0,0,1,351800
1896,2,0,1,351820
1897,0,3,2,351830
1898,26,26,7,351840
1899,4,4,3,351850
1900,6,3,6,351860
1901,35,20,10,351870
1902,102,103,98,351880
1903,3,1,1,351905
1904,76,17,16,351907
1905,5,3,5,351925
1906,2,5,1,351930
1907,1,11,9,351940
1908,0,0,1,351950
1909,4,2,4,351960
1910,2,2,1,351970
1911,2,0,1,351980
1912,1,3,0,351990
1913,4,1,0,352000
1914,2,0,2,352010
1915,1,2,2,352020
1916,0,4,2,352030
1917,0,1,1,352042
1918,0,0,1,352044
1919,5,4,1,352050
1920,1,2,0,352090
1921,6,3,4,352100
1922,1,1,2,352115
1923,0,1,0,352130
1924,0,1,1,352140
1925,0,0,1,352150
1926,9,4,6,352180
1927,4,1,2,352190
1928,1,2,1,352210
1929,16,5,12,352220
1930,6,1,1,352230
1931,14,20,28,352250
1932,15,9,8,352260
1933,0,2,0,352270
1934,2,2,5,352280
1935,0,1,0,352290
1936,23,13,10,352310
1937,1,0,1,352330
1938,5,0,0,352340
1939,0,0,3,352350
1940,7,0,2,352360
1941,52,30,15,352390
1942,5,10,2,352400
1943,1,0,0,352410
1944,0,4,0,352420
1945,19,7,17,352430
1946,19,29,12,352440
1947,2,0,6,352450
1948,2,2,1,352460
1949,3,7,13,352470
1950,7,3,8,352480
1951,3,21,24,352500
1952,25,8,4,352510
1953,3,2,0,352520
1954,13,13,8,352530
1955,17,9,6,352570
1956,2,1,0,352580
1957,92,69,70,352590
1958,0,3,2,352600
1959,0,2,2,352620
1960,0,1,0,352630
1961,1,1,1,352640
1962,3,3,1,352650
1963,6,0,0,352670
1964,0,4,0,352680
1965,24,15,15,352690
1966,1,0,0,352700
1967,2,0,1,352710
1968,1,0,1,352720
1969,1,1,1,352730
1970,1,0,3,352740
1971,0,2,0,352760
1972,0,0,1,352780
1973,0,1,0,352800
1974,1,1,0,352810
1975,4,0,0,352830
1976,1,0,2,352840
1977,5,3,4,352850
1978,1,1,1,352860
1979,1,0,1,352870
1980,0,1,0,352885
1981,0,0,1,352890
1982,50,36,30,352900
1983,2,1,2,352920
1984,12,12,6,352930
1985,22,13,11,352940
1986,0,0,1,352960
1987,3,1,0,352970
1988,0,4,0,352980
1989,1,1,3,352990
1990,1,4,2,353010
1991,4,3,1,353020
1992,22,13,5,353030
1993,3,8,4,353040
1994,18,16,20,353050
1995,60,62,50,353060
1996,4,1,7,353070
1997,1,4,5,353080
1998,1,0,0,353100
1999,2,4,3,353110
2000,8,7,4,353130
2001,17,13,11,353140
2002,3,0,1,353150
2003,16,4,6,353180
2004,0,0,1,353200
2005,0,0,2,353215
2006,3,1,4,353220
2007,2,1,3,353240
2008,0,4,2,353250
2009,4,2,0,353260
2010,3,3,5,353280
2011,1,0,0,353290
2012,5,0,8,353300
2013,1,0,0,353310
2014,0,0,1,353330
2015,2,1,0,353340
2016,0,0,2,353325
2017,2,4,2,353350
2018,0,1,1,353370
2019,5,2,2,353390
2020,14,3,2,353400
2021,1,0,1,353410
2022,2,2,4,353420
2023,55,68,58,353440
2024,0,1,2,353450
2025,4,0,0,353460
2026,11,18,9,353470
2027,1,0,0,353475
2028,2,4,0,353490
2029,1,2,1,353500
2030,4,5,3,353510
2031,0,2,2,353520
2032,1,0,3,353540
2033,0,1,0,353550
2034,2,6,0,353560
2035,0,3,1,353570
2036,1,0,1,353580
2037,2,1,2,353620
2038,0,1,2,353625
2039,1,0,3,353640
2040,2,1,1,353650
2041,1,6,2,353660
2042,0,1,2,353670
2043,0,0,1,353690
2044,0,0,1,353700
2045,6,1,3,353710
2046,4,0,3,353730
2047,4,5,0,353740
2048,1,4,1,353760
2049,3,1,0,353770
2050,1,5,3,353780
2051,12,18,5,353800
2052,7,3,2,353810
2053,3,2,0,353820
2054,1,0,1,353830
2055,0,1,0,353860
2056,37,37,28,353870
2057,3,2,3,353880
2058,2,0,1,353890
2059,1,6,2,353900
2060,2,0,0,353910
2061,1,3,5,353920
2062,1,0,3,353930
2063,3,16,11,353950
2064,0,2,0,353960
2065,2,0,0,353970
2066,3,9,15,353980
2067,1,5,4,353990
2068,5,6,4,354000
2069,7,6,0,354020
2070,0,1,0,354030
2071,2,0,0,354050
2072,0,4,1,354060
2073,1,1,3,354070
2074,1,1,1,354075
2075,1,8,6,354080
2076,0,0,2,354090
2077,22,23,10,354100
2078,3,0,1,354120
2079,1,2,3,354130
2080,69,75,59,354140
2081,6,2,1,354150
2082,1,2,1,354160
2083,0,4,1,354170
2084,2,2,1,354200
2085,1,0,2,354220
2086,1,1,2,354240
2087,0,1,0,354250
2088,2,4,0,354260
2089,0,4,0,354270
2090,0,1,3,354290
2091,0,2,4,354310
2092,0,2,0,354320
2093,0,0,1,354323
2094,6,0,4,354330
2095,310,291,221,354340
2096,1,0,0,354380
2097,16,5,8,354390
2098,1,1,2,354400
2099,1,2,4,354410
2100,3,0,5,354420
2101,3,0,0,354425
2102,5,1,3,354480
2103,0,1,2,354500
2104,6,3,5,354520
2105,1,1,1,354530
2106,0,1,1,354540
2107,4,2,0,354550
2108,4,0,1,354560
2109,17,10,1,354580
2110,4,0,1,354600
2111,2,0,0,354625
2112,0,1,0,354630
2113,0,1,3,354640
2114,3,1,0,354660
2115,1,0,0,354670
2116,2,0,0,354680
2117,0,1,1,354690
2118,2,6,6,354750
2119,1,0,2,354760
2120,10,8,5,354730
2121,0,1,1,354770
2122,40,34,28,354780
2123,1,0,1,354790
2124,14,1,0,354800
2125,2,0,0,354805
2126,4,4,0,354830
2127,133,51,31,354850
2128,35,14,16,354870
2129,5,9,2,354880
2130,21,20,35,354890
2131,16,7,8,354910
2132,4,12,9,354940
2133,0,0,1,354950
2134,2,1,3,354970
2135,212,213,237,354980
2136,148,145,141,354990
2137,0,0,1,354995
2138,1,0,0,355000
2139,1,3,6,355010
2140,2661,2176,1693,355030
2141,1,6,2,355040
2142,2,0,1,355050
2143,2,1,1,355060
2144,0,11,7,355070
2145,1,4,1,355090
2146,35,53,78,355100
2147,0,1,0,355120
2148,11,14,6,355140
2149,1,2,0,355160
2150,5,4,5,355150
2151,30,34,29,355170
2152,0,0,2,355180
2153,1,1,1,355190
2154,5,4,1,355210
2155,49,26,26,355220
2156,59,23,28,355240
2157,27,22,25,355250
2158,8,6,2,355260
2159,35,36,32,355280
2160,0,1,0,355290
2161,4,0,0,355300
2162,4,0,0,355320
2163,0,3,0,355330
2164,1,11,1,355340
2165,1,1,0,355365
2166,15,11,14,355370
2167,3,0,3,355380
2168,0,1,0,355395
2169,10,11,8,355400
2170,7,15,12,355410
2171,3,0,0,355420
2172,2,0,1,355430
2173,3,1,1,355450
2174,1,0,0,355460
2175,0,1,0,355475
2176,1,5,2,355480
2177,0,0,2,355495
2178,1,0,0,355500
2179,4,1,2,355510
2180,1,0,0,355535
2181,24,23,17,355540
2182,0,1,2,355550
2183,3,3,0,355560
2184,2,1,0,355570
2185,0,1,0,355580
2186,0,0,1,355600
2187,2,0,3,355610
2188,7,2,1,355620
2189,0,1,2,355630
2190,1,1,0,355635
2191,1,0,10,355640
2192,6,8,0,355645
2193,25,20,11,355650
2194,1,6,0,355670
2195,0,0,1,355680
2196,1,2,1,355690
2197,1,5,2,355700
2198,31,31,27,355710
2199,1,0,0,355715
2200,0,1,0,410020
2201,0,3,1,410030
2202,15,35,31,410040
2203,1,0,0,410060
2204,1,0,0,410050
2205,0,0,4,410080
2206,0,0,1,410100
2207,1,0,0,410115
2208,2,1,0,410120
2209,25,22,14,410140
2210,1,3,6,410150
2211,0,5,5,410160
2212,7,0,5,410180
2213,3,2,1,410190
2214,0,1,1,410210
2215,0,0,1,410220
2216,0,4,4,410230
2217,6,1,0,410280
2218,1,0,0,410290
2219,7,7,1,410310
2220,2,0,1,410320
2221,0,1,1,410330
2222,1,0,0,410340
2223,1,1,0,410345
2224,0,1,0,410350
2225,1,0,0,410360
2226,28,15,13,410370
2227,3,1,2,410380
2228,19,10,10,410400
2229,0,1,2,410410
2230,11,22,43,410420
2231,6,0,2,410425
2232,3,6,8,410430
2233,0,0,1,410440
2234,0,0,1,410445
2235,2,0,3,410460
2236,0,0,1,410465
2237,27,15,20,410480
2238,0,3,0,410490
2239,1,3,3,410510
2240,3,2,2,410520
2241,0,1,0,410530
2242,0,0,2,410550
2243,46,60,35,410580
2244,0,1,3,410590
2245,0,1,0,410600
2246,2,5,6,410620
2247,0,1,0,410640
2248,1,0,0,410655
2249,2,0,0,410660
2250,454,388,363,410690
2251,1,0,0,410750
2252,1,0,0,410754
2253,12,14,30,410765
2254,1,0,1,410800
2255,0,3,2,410830
2256,0,0,3,410845
2257,1,0,0,410850
2258,0,0,1,410860
2259,0,1,1,410880
2260,0,0,2,410930
2261,1,3,3,410940
2262,1,0,0,410950
2263,9,4,13,410960
2264,1,2,0,410970
2265,15,9,6,410980
2266,0,0,1,410990
2267,0,0,1,411007
2268,0,0,1,411010
2269,0,0,2,411070
2270,2,0,0,411110
2271,0,0,5,411125
2272,0,3,0,411140
2273,1,1,0,411150
2274,1,0,0,411170
2275,2,0,0,411180
2276,11,5,7,411190
2277,0,4,6,411200
2278,2,3,0,411210
2279,0,0,2,411230
2280,2,0,0,411240
2281,1,3,2,411270
2282,0,0,1,411280
2283,0,1,0,411295
2284,1,0,0,411310
2285,1,2,2,411320
2286,131,88,84,411370
2287,1,0,0,411400
2288,0,3,2,411410
2289,1,4,3,411420
2290,1,2,3,411430
2291,0,0,1,411450
2292,0,0,1,411460
2293,0,0,1,411480
2294,1,0,0,411490
2295,48,53,56,411520
2296,0,1,2,411560
2297,11,7,5,411570
2298,1,0,1,411575
2299,1,0,0,411580
2300,0,0,1,411600
2301,2,2,0,411605
2302,1,0,1,411610
2303,1,3,1,411620
2304,0,0,1,411630
2305,1,0,0,411670
2306,1,2,0,411690
2307,1,0,0,411695
2308,1,0,0,411710
2309,0,3,2,411721
2310,0,4,3,411730
2311,0,0,1,411745
2312,3,0,2,411750
2313,0,0,2,411760
2314,0,2,4,411770
2315,1,0,0,411810
2316,73,64,64,411820
2317,1,2,2,411880
2318,0,1,4,411910
2319,22,30,20,411915
2320,0,0,2,411920
2321,0,1,0,411930
2322,0,2,5,411940
2323,18,13,21,411950
2324,3,0,0,411965
2325,5,2,6,411990
2326,15,6,7,411995
2327,0,1,1,412000
2328,0,0,1,412010
2329,1,0,0,412040
2330,0,1,0,412050
2331,0,0,1,412070
2332,4,4,7,412080
2333,0,1,0,412090
2334,0,0,1,412100
2335,0,1,0,412110
2336,1,5,3,412170
2337,0,0,1,412175
2338,0,0,1,412180
2339,0,1,0,412217
2340,5,5,7,412220
2341,0,2,4,412230
2342,7,7,9,412240
2343,0,0,1,412250
2344,0,3,0,412402
2345,1,0,1,412410
2346,1,0,0,412510
2347,31,28,25,412550
2348,3,1,2,412560
2349,0,1,0,412580
2350,1,2,4,412625
2351,0,1,1,412630
2352,1,4,1,412650
2353,4,0,0,412667
2354,1,0,0,412690
2355,1,6,5,412710
2356,0,0,1,412730
2357,0,0,1,412770
2358,0,2,1,412785
2359,0,0,2,412795
2360,0,2,1,412800
2361,1,0,7,412810
2362,1,0,1,412820
2363,0,0,1,412840
2364,0,0,3,412853
2365,0,0,1,412870
2366,2,0,0,420010
2367,2,2,1,420020
2368,1,0,0,420040
2369,1,1,3,420060
2370,1,1,0,420090
2371,0,0,1,420100
2372,2,1,0,420120
2373,1,0,2,420125
2374,1,1,1,420127
2375,6,12,15,420130
2376,19,12,19,420140
2377,0,0,1,420165
2378,1,0,1,420170
2379,1,0,0,420180
2380,2,3,3,420195
2381,5,3,5,420205
2382,13,9,11,420200
2383,0,2,0,420207
2384,8,3,4,421280
2385,7,5,6,422000
2386,2,5,6,420210
2387,57,58,33,420230
2388,67,63,63,420240
2389,4,1,1,420260
2390,0,3,2,420245
2391,2,4,2,420280
2392,0,1,1,420290
2393,2,0,2,420300
2394,5,8,11,420320
2395,2,4,2,420370
2396,2,2,3,420380
2397,11,4,6,420395
2398,19,16,16,420420
2399,2,5,4,420425
2400,2,1,3,420430
2401,0,1,0,420435
2402,2,2,1,420455
2403,109,109,86,420460
2404,0,0,2,420470
2405,0,1,0,420500
2406,2,0,0,420517
2407,0,1,2,420530
2408,362,338,398,420540
2409,3,2,8,420545
2410,15,3,15,420570
2411,5,5,0,420580
2412,0,3,1,420590
2413,3,7,9,420600
2414,8,2,0,420620
2415,0,1,0,420650
2416,0,1,0,420665
2417,4,8,3,420690
2418,17,19,10,420700
2419,1,0,1,420710
2420,1,3,2,420720
2421,7,10,11,420730
2422,0,2,0,420740
2423,3,2,1,420750
2424,1,0,0,420768
2425,0,2,2,420810
2426,166,135,141,420820
2427,7,3,4,420830
2428,15,3,0,420845
2429,0,0,1,420870
2430,3,0,1,420880
2431,2,0,1,420890
2432,0,4,0,420900
2433,230,166,196,420910
2434,51,71,46,420930
2435,29,23,15,420940
2436,2,0,0,420950
2437,0,5,1,420960
2438,0,2,0,420980
2439,1,1,2,420990
2440,2,1,0,421000
2441,2,1,3,421010
2442,0,1,2,421020
2443,1,0,0,421040
2444,0,1,0,421050
2445,2,0,0,421090
2446,2,0,0,421110
2447,4,2,1,421120
2448,26,14,23,421130
2449,6,1,1,421150
2450,1,1,3,421160
2451,3,3,6,421170
2452,1,2,4,421175
2453,0,1,0,421189
2454,90,113,109,421190
2455,0,0,1,421200
2456,0,0,2,421205
2457,0,1,0,421220
2458,0,2,0,421225
2459,0,2,7,421230
2460,5,7,7,421250
2461,2,2,2,421265
2462,1,1,2,421290
2463,1,0,2,421320
2464,1,0,1,421335
2465,3,2,1,421350
2466,1,0,0,421360
2467,0,0,2,421370
2468,0,0,2,421400
2469,0,0,1,421420
2470,0,0,1,421460
2471,20,8,14,421480
2472,1,0,0,421500
2473,0,1,0,421530
2474,1,1,3,421545
2475,1,1,1,421565
2476,3,14,7,421570
2477,0,2,3,421580
2478,1,0,0,421600
2479,22,10,35,421620
2480,3,11,9,421630
2481,2,1,0,421640
2482,1,0,1,421650
2483,154,181,159,421660
2484,1,0,0,421690
2485,1,0,0,421700
2486,1,0,0,421720
2487,3,0,1,421725
2488,0,0,1,421740
2489,3,0,1,421750
2490,7,4,3,421760
2491,2,6,6,421770
2492,0,0,1,421780
2493,21,14,25,421800
2494,2,0,0,421810
2495,3,2,0,421820
2496,0,1,0,421825
2497,1,0,0,421835
2498,1,0,0,421860
2499,32,28,18,421870
2500,1,0,0,421880
2501,0,0,1,421890
2502,10,2,0,421900
2503,0,3,0,421915
2504,0,0,2,421930
2505,0,2,0,421940
2506,10,3,6,421950
2507,1,0,1,421970
2508,16,19,14,430040
2509,119,147,131,430060
2510,0,1,0,430063
2511,0,2,0,430064
2512,0,1,0,430085
2513,1,0,0,430100
2514,1,0,0,430107
2515,0,1,0,430105
2516,0,0,1,430120
2517,4,11,4,430110
2518,6,3,6,430130
2519,1,0,1,430150
2520,0,2,0,430155
2521,0,2,0,430160
2522,5,7,5,430163
2523,0,2,0,430175
2524,1,2,0,430187
2525,1,1,2,430190
2526,0,3,5,430210
2527,0,1,0,430222
2528,0,0,1,430235
2529,0,0,1,430258
2530,5,6,6,430270
2531,3,0,0,430280
2532,1,2,1,430290
2533,17,23,14,430300
2534,25,24,47,430310
2535,1,0,0,430320
2536,7,12,8,430350
2537,1,6,2,430390
2538,0,0,1,430435
2539,6,4,3,430440
2540,2,3,8,430450
2541,154,134,172,430460
2542,28,26,24,430463
2543,16,21,13,430466
2544,2,0,0,430468
2545,0,1,1,430467
2546,0,1,0,430471
2547,0,2,0,430470
2548,0,1,0,430480
2549,0,1,0,430495
2550,0,0,1,430500
2551,65,57,42,430510
2552,2,5,4,430512
2553,1,0,0,430513
2554,0,1,0,430517
2555,0,0,1,430520
2556,0,1,0,430530
2557,30,29,13,430535
2558,10,12,13,430545
2559,2,0,0,430550
2560,0,2,0,430580
2561,1,0,0,430587
2562,0,0,1,430590
2563,0,0,1,430595
2564,0,1,0,430600
2565,1,1,8,430605
2566,54,43,47,430610
2567,0,0,1,430637
2568,4,5,1,430640
2569,1,2,14,430660
2570,1,0,0,430670
2571,12,16,20,430676
2572,0,0,1,430680
2573,1,0,1,430690
2574,1,0,1,430693
2575,6,3,0,430700
2576,0,0,1,430705
2577,0,1,0,430730
2578,1,3,1,430750
2579,6,0,1,430760
2580,10,7,5,430770
2581,2,2,2,430790
2582,2,0,0,430800
2583,1,0,0,430805
2584,0,0,2,430840
2585,0,2,0,430845
2586,2,1,0,430850
2587,9,1,1,430860
2588,1,0,1,430870
2589,0,1,0,430900
2590,4,0,0,430910
2591,0,0,2,430912
2592,53,82,48,430920
2593,28,24,32,430930
2594,1,0,0,430950
2595,1,0,3,430710
2596,0,1,0,430970
2597,1,0,0,430995
2598,0,1,2,431000
2599,4,6,3,431010
2600,11,14,13,431020
2601,8,3,6,431033
2602,1,0,0,431043
2603,0,1,0,431053
2604,1,3,0,431060
2605,2,7,0,431080
2606,11,9,17,431100
2607,1,2,0,431120
2608,5,3,5,431130
2609,1,1,5,431140
2610,0,3,1,431175
2611,0,2,2,431177
2612,0,1,5,431180
2613,0,0,1,431190
2614,1,0,0,431210
2615,2,2,0,431213
2616,1,0,0,431220
2617,2,0,0,431225
2618,3,4,9,431240
2619,10,4,4,431245
2620,1,5,0,431250
2621,1,1,1,431265
2622,0,0,1,431270
2623,0,0,1,431320
2624,3,2,7,431337
2625,37,41,29,431340
2626,9,6,5,431350
2627,0,3,0,431365
2628,2,2,1,431370
2629,1,0,0,431395
2630,0,0,2,431402
2631,3,0,0,431403
2632,1,2,0,431405
2633,78,84,88,431410
2634,8,4,4,431420
2635,0,0,1,431430
2636,451,430,470,431440
2637,2,2,0,431445
2638,0,3,0,431447
2639,4,1,0,431450
2640,2,2,1,431460
2641,2,0,0,431477
2642,6,4,0,431480
2643,1834,1533,1575,431490
2644,0,2,0,431514
2645,0,0,1,431530
2646,0,0,1,431532
2647,2,2,2,431550
2648,378,299,269,431560
2649,0,0,1,431590
2650,1,2,0,431600
2651,0,0,1,431630
2652,1,0,1,431640
2653,0,0,2,431645
2654,0,0,1,431660
2655,0,0,1,431670
2656,41,25,27,431680
2657,43,44,69,431690
2658,0,0,1,431720
2659,0,5,7,431730
2660,1,2,5,431700
2661,0,3,2,431740
2662,15,24,26,431750
2663,7,3,1,431760
2664,0,1,0,431780
2665,3,2,1,431800
2666,1,0,0,431805
2667,0,1,0,431810
2668,0,3,1,431820
2669,1,3,1,431830
2670,2,1,0,431840
2671,0,0,1,431843
2672,7,7,9,431850
2673,109,134,108,431870
2674,5,3,2,431880
2675,0,1,2,431890
2676,0,0,1,431900
2677,4,0,1,431940
2678,4,1,3,431950
2679,1,2,5,431960
2680,0,1,0,431980
2681,2,1,1,431990
2682,90,103,87,432000
2683,0,1,1,432010
2684,0,1,0,432020
2685,0,3,1,432030
2686,2,1,1,432035
2687,4,1,1,432040
2688,0,1,0,432070
2689,1,1,3,432080
2690,0,1,1,432090
2691,3,1,4,432110
2692,5,10,0,432120
2693,0,1,0,432130
2694,1,0,0,432135
2695,0,1,1,432140
2696,2,2,0,432143
2697,3,5,0,432145
2698,1,2,3,432150
2699,28,24,31,432160
2700,3,0,0,432170
2701,1,0,0,432183
2702,1,2,0,432195
2703,2,1,0,432200
2704,5,5,3,432220
2705,0,2,2,432230
2706,1,0,0,432232
2707,75,72,61,432240
2708,1,1,0,432250
2709,0,1,2,432270
2710,0,0,1,432280
2711,155,151,126,432300
2712,1,0,0,432340
2713,4,5,3,432380
2714,0,1,4,500020
2715,4,1,0,500025
2716,3,4,3,500060
2717,0,4,9,500070
2718,0,0,1,500090
2719,1,2,1,500100
2720,9,13,7,500110
2721,0,0,1,500124
2722,2,0,1,500150
2723,1,0,0,500200
2724,2,1,0,500210
2725,3,0,0,500215
2726,0,0,7,500220
2727,0,0,1,500230
2728,0,1,4,500240
2729,1,1,0,500260
2730,825,809,824,500270
2731,5,3,3,500290
2732,1,3,3,500295
2733,0,2,5,500310
2734,1,0,0,500315
2735,5,6,11,500320
2736,2,4,6,500325
2737,14,15,11,500330
2738,0,3,3,500348
2739,0,1,0,500350
2740,37,34,63,500370
2741,0,0,1,500375
2742,0,1,0,500380
2743,1,1,0,500390
2744,0,0,1,500400
2745,0,1,0,500410
2746,1,0,1,500430
2747,0,0,2,500450
2748,0,1,0,500460
2749,1,0,2,500470
2750,10,13,13,500490
2751,2,5,15,500500
2752,4,21,8,500540
2753,1,3,4,500560
2754,0,0,1,500568
2755,2,2,6,500570
2756,0,3,1,500580
2757,2,2,1,500600
2758,1,4,3,500620
2759,0,1,0,500630
2760,0,0,2,500635
2761,0,0,1,500640
2762,2,0,4,500660
2763,0,0,1,500690
2764,15,14,5,500710
2765,2,5,3,500720
2766,0,4,4,500730
2767,30,11,13,500740
2768,0,0,1,500750
2769,1,0,0,500755
2770,11,4,20,500769
2771,5,8,9,500790
2772,3,0,2,500793
2773,3,3,4,500800
2774,8,8,11,500830
2775,0,1,0,510010
2776,1,0,1,510020
2777,2,0,0,510025
2778,2,1,0,510050
2779,0,0,1,510060
2780,1,1,2,510140
2781,0,0,1,510170
2782,0,1,1,510180
2783,1,0,0,510190
2784,2,2,2,510250
2785,0,1,0,510263
2786,1,2,0,510267
2787,1,1,0,510270
2788,0,2,0,510300
2789,0,0,1,510305
2790,0,1,1,510330
2791,2,2,0,510335
2792,1,0,0,510336
2793,1,0,0,510337
2794,125,107,112,510340
2795,1,2,1,510350
2796,0,0,1,510370
2797,0,0,1,510410
2798,1,0,0,510450
2799,0,1,1,510452
2800,2,0,0,510490
2801,3,1,2,510515
2802,5,0,3,510525
2803,2,1,2,510560
2804,0,1,0,510562
2805,3,4,1,510590
2806,0,1,0,510600
2807,0,1,0,510885
2808,3,0,0,510622
2809,2,0,0,510623
2810,0,2,0,510625
2811,0,1,0,510630
2812,0,1,1,510642
2813,1,0,0,510645
2814,1,4,0,510650
2815,2,1,1,510675
2816,0,0,2,510685
2817,0,0,1,510700
2818,0,0,1,510704
2819,1,0,0,510718
2820,3,1,4,510760
2821,2,3,3,510770
2822,0,0,1,510776
2823,0,1,0,510726
2824,0,2,1,510780
2825,0,3,1,510730
2826,1,0,0,510740
2827,0,4,1,510787
2828,1,0,4,510790
2829,0,0,1,510792
2830,0,0,1,510794
2831,2,4,3,510795
2832,0,0,1,510810
2833,16,15,19,510840
2834,1,0,1,510860
2835,2,4,2,520005
2836,3,2,5,520010
2837,1,2,0,520013
2838,0,0,1,520017
2839,2,2,7,520025
2840,2,1,2,520030
2841,0,0,6,520060
2842,1,0,0,520080
2843,1,0,0,520090
2844,34,26,37,520110
2845,1,2,1,520130
2846,184,193,189,520140
2847,5,8,6,520170
2848,2,0,11,520180
2849,1,0,0,520215
2850,0,1,0,520250
2851,2,0,1,520260
2852,0,0,5,520320
2853,1,4,4,520330
2854,0,1,2,520340
2855,3,1,4,520350
2856,0,0,7,520355
2857,0,1,0,520360
2858,1,0,0,520380
2859,2,0,0,520390
2860,13,6,12,520450
2861,0,0,1,520455
2862,2,3,0,520470
2863,0,3,3,520485
2864,3,5,0,520490
2865,0,0,1,520495
2866,0,0,2,520500
2867,0,7,5,520510
2868,3,0,0,520520
2869,0,0,1,520530
2870,2,0,5,520540
2871,9,2,5,520545
2872,0,1,0,520547
2873,0,9,8,520549
2874,0,0,1,520551
2875,7,7,3,520620
2876,2,1,0,520640
2877,1,0,0,520670
2878,2,0,0,520710
2879,0,2,0,520735
2880,1,0,0,520740
2881,1,0,2,520780
2882,8,2,4,520790
2883,1,0,5,520800
2884,0,0,3,520815
2885,3,0,1,520840
2886,1,0,0,520850
2887,8,0,2,520860
2888,596,506,495,520870
2889,8,15,13,520880
2890,11,2,3,520890
2891,7,10,9,520910
2892,1,3,0,520920
2893,1,11,9,520970
2894,6,7,5,520995
2895,12,11,9,521000
2896,2,4,2,521010
2897,5,3,2,521020
2898,5,4,6,521040
2899,1,0,0,521060
2900,1,0,3,521080
2901,1,1,0,521090
2902,1,2,1,521140
2903,19,16,17,521150
2904,0,1,0,521160
2905,2,4,2,521180
2906,0,2,3,521190
2907,0,1,0,521200
2908,0,1,0,521210
2909,13,9,7,521220
2910,0,0,1,521225
2911,2,0,4,521230
2912,15,11,15,521250
2913,2,0,0,521260
2914,0,0,1,521270
2915,0,2,0,521280
2916,3,0,0,521295
2917,1,2,2,521300
2918,0,1,0,521305
2919,2,1,2,521308
2920,0,3,1,521310
2921,2,0,0,521340
2922,0,1,0,521350
2923,1,0,0,521370
2924,1,0,0,521375
2925,0,0,2,521377
2926,22,5,6,521380
2927,1,2,4,521400
2928,3,3,2,521440
2929,3,6,4,521450
2930,6,4,0,521460
2931,0,0,4,521483
2932,1,1,1,521500
2933,0,1,1,521520
2934,4,5,5,521523
2935,0,0,1,521530
2936,1,0,2,521550
2937,0,2,3,521560
2938,2,0,0,521565
2939,15,11,9,521570
2940,1,0,0,521580
2941,5,1,0,521630
2942,1,1,7,521710
2943,0,5,1,521720
2944,0,0,5,521730
2945,8,0,4,521740
2946,1,0,2,521760
2947,1,1,2,521770
2948,3,1,2,521800
2949,0,1,0,521805
2950,0,2,13,521830
2951,1,0,0,521839
2952,7,2,2,521850
2953,0,1,0,521870
2954,6,4,6,521880
2955,6,3,1,521890
2956,0,0,1,521900
2957,0,1,2,521925
2958,5,3,8,521930
2959,2,0,0,521940
2960,0,0,2,521960
2961,3,2,1,521970
2962,0,0,1,521973
2963,1,3,1,521975
2964,0,0,1,521980
2965,9,2,2,522010
2966,0,0,1,522020
2967,1,1,1,522026
2968,0,1,1,522028
2969,0,1,1,522040
2970,34,46,24,522045
2971,3,3,2,522060
2972,2,0,3,522068
2973,0,1,0,522108
2974,0,0,1,522130
2975,46,7,4,522140
2976,0,0,1,522157
2977,8,16,9,522160
2978,2,7,13,522170
2979,0,2,0,522180
2980,8,8,9,522185
2981,0,3,0,522190
2982,4,0,0,522200
2983,0,1,0,522220
2984,222,204,295,530010
