,2008,2009,2010,2011,2012,2013,2014,2015,2016,2017,2018,MUNCOD
0,0,0,0,0,0,0,1,1,0,0,0,110001
1,0,1,0,0,0,0,0,0,1,0,0,110002
2,0,0,0,1,0,0,0,0,0,0,0,110080
3,0,0,0,0,0,0,0,0,0,1,0,110005
4,0,0,1,0,0,0,2,1,1,3,1,110009
5,0,0,0,0,0,0,0,0,1,0,0,110110
6,0,0,0,0,1,0,0,5,2,3,1,110011
7,0,2,0,2,0,0,0,0,1,0,1,110012
8,0,0,0,0,0,0,0,0,0,1,2,110014
9,0,0,0,1,0,0,0,0,0,0,0,110015
10,0,0,0,0,0,0,0,0,1,1,0,110018
11,0,1,3,2,2,3,0,0,6,3,4,110020
12,0,0,0,0,0,0,0,0,2,0,0,110025
13,0,0,0,0,0,0,0,2,0,0,0,110028
14,0,0,1,0,0,0,0,0,0,0,0,110032
15,0,0,0,1,0,0,0,0,0,0,0,110170
16,0,0,1,0,0,0,0,0,0,0,1,110030
17,0,0,1,0,0,0,0,0,0,0,1,120020
18,0,0,0,0,0,0,2,2,5,11,10,120040
19,0,0,0,0,0,0,0,0,0,1,0,120045
20,0,0,0,0,0,0,0,0,1,0,0,130002
21,0,0,0,0,0,0,0,0,0,0,1,130010
22,0,0,0,0,0,0,0,1,0,0,0,130050
23,0,0,0,0,0,1,0,0,0,0,0,130070
24,0,0,0,0,0,0,1,0,0,0,0,130170
25,1,0,0,5,0,0,0,0,1,3,0,130190
26,0,0,0,0,0,0,0,1,0,0,0,130240
27,0,0,0,0,1,0,0,0,1,0,0,130250
28,9,12,27,75,37,23,23,20,10,11,6,130260
29,0,0,0,0,0,0,0,0,0,1,0,130290
30,0,0,0,0,0,0,0,0,1,0,0,130320
31,0,0,0,0,0,0,0,0,1,0,0,130400
32,0,0,0,0,0,0,0,0,0,0,1,130420
33,0,1,3,1,5,0,1,3,4,1,2,140010
34,0,0,0,0,1,0,0,0,0,0,0,140017
35,1,0,1,0,1,0,0,0,0,0,0,150010
36,0,0,0,0,0,0,0,0,0,0,1,150020
37,4,0,1,3,0,2,0,1,0,2,0,150060
38,2,6,2,1,0,1,2,1,0,0,6,150080
39,0,0,0,0,1,0,0,0,0,0,0,150085
40,0,0,0,0,1,0,0,0,0,1,2,150130
41,2,1,0,0,0,2,5,0,2,4,14,150140
42,0,0,0,1,3,0,0,0,0,0,0,150150
43,0,0,0,0,0,0,0,1,0,0,0,150172
44,0,0,0,0,0,0,0,0,1,1,0,150180
45,0,0,0,0,0,0,0,0,0,1,0,150195
46,0,0,0,0,0,0,0,0,0,0,1,150210
47,0,0,0,0,1,0,0,0,2,0,0,150240
48,0,1,0,0,0,0,0,0,0,0,0,150270
49,0,0,0,0,0,0,0,0,0,0,1,150275
50,0,0,0,0,0,0,0,0,1,0,0,150280
51,0,1,0,0,0,0,0,0,1,0,0,150309
52,0,0,0,0,0,0,0,0,0,0,1,150320
53,0,0,0,0,0,0,0,1,0,0,0,150360
54,0,0,0,0,0,0,0,0,0,0,1,150380
55,0,0,0,0,0,0,0,1,0,0,1,150420
56,0,0,1,0,0,1,0,0,0,0,0,150442
57,0,0,0,1,0,0,0,0,0,0,0,150445
58,0,0,0,1,0,0,0,0,0,0,0,150480
59,1,0,0,0,0,1,0,0,1,0,0,150503
60,0,0,0,1,4,8,5,4,2,3,3,150530
61,0,0,0,0,0,1,1,0,0,1,1,150540
62,0,0,0,0,0,0,0,0,1,0,0,150548
63,0,0,0,0,0,0,0,0,0,0,1,150549
64,0,0,0,0,0,0,0,1,9,9,5,150550
65,0,0,0,2,0,0,0,4,2,3,2,150553
66,0,1,0,0,0,0,1,0,0,0,0,150590
67,0,0,0,0,0,0,0,0,0,0,1,150600
68,0,0,0,0,0,0,0,0,0,0,1,150650
69,0,0,2,2,0,0,0,0,0,0,0,150655
70,0,0,0,0,0,0,0,0,0,2,0,150660
71,0,3,0,0,1,0,0,2,0,1,1,150680
72,0,0,0,0,0,0,0,0,1,0,0,150700
73,0,0,0,0,0,0,0,0,1,0,0,150720
74,0,3,0,0,0,0,0,0,0,0,0,150760
75,0,0,0,0,0,0,0,0,0,0,1,150770
76,0,0,0,0,0,0,0,1,0,0,0,150797
77,0,0,0,0,1,0,0,0,0,0,0,150800
78,0,0,0,0,0,0,0,0,0,1,0,150810
79,0,0,0,0,0,0,0,0,0,1,0,150820
80,0,0,0,0,0,0,0,0,0,1,0,150830
81,0,0,1,0,0,0,0,0,0,0,0,150840
82,0,0,0,0,1,0,0,0,1,0,0,160010
83,0,0,0,0,0,1,0,0,0,2,0,160027
84,1,0,0,0,4,1,2,2,1,0,0,160030
85,0,0,0,0,1,0,1,0,0,1,1,160060
86,0,0,1,0,0,0,0,0,0,0,0,170200
87,0,1,1,0,3,0,2,2,2,1,0,170210
88,0,0,0,0,0,0,0,0,1,0,0,171670
89,0,1,0,0,0,0,0,0,0,0,0,170600
90,0,0,0,0,1,0,1,0,0,0,0,170820
91,0,1,0,0,0,0,0,0,0,0,0,170825
92,0,1,1,0,0,0,1,0,0,0,0,170950
93,1,0,0,0,0,3,1,4,3,0,0,171090
94,0,0,1,0,1,1,7,2,3,6,5,172100
95,0,1,0,0,0,1,0,2,2,1,2,171610
96,0,0,0,0,0,1,1,4,0,0,0,171820
97,0,1,0,0,0,0,0,0,0,0,0,172049
98,0,4,3,4,2,0,0,0,0,0,1,210005
99,0,0,0,0,0,0,3,4,0,9,0,210060
100,0,0,0,0,0,2,0,0,0,0,0,210070
101,0,0,1,0,0,0,0,0,0,0,0,210095
102,0,0,0,0,0,0,1,0,0,0,0,210160
103,0,0,0,0,0,0,1,0,0,0,0,210300
104,0,0,0,0,0,0,0,0,0,0,2,210340
105,1,0,0,0,0,0,0,0,0,3,0,210360
106,0,0,0,0,0,0,0,1,0,0,0,210370
107,0,0,0,0,0,0,0,0,0,0,1,210375
108,0,0,0,0,0,0,0,0,1,0,1,210467
109,0,1,0,0,0,0,0,0,0,0,0,210490
110,0,0,1,0,1,0,1,0,0,0,0,210530
111,0,0,0,0,0,0,1,0,0,0,0,210535
112,0,0,0,0,0,0,0,1,0,0,0,210540
113,0,0,0,0,0,0,0,6,1,0,0,210550
114,0,0,0,1,0,0,0,0,0,0,0,210632
115,0,0,0,0,0,0,0,0,6,0,0,210690
116,0,0,0,0,0,0,0,1,0,0,0,210740
117,0,1,0,0,0,1,0,4,4,2,0,210750
118,0,0,1,0,0,0,0,0,0,0,0,210770
119,0,0,0,0,0,0,0,0,0,0,1,210825
120,0,0,1,0,0,1,2,1,1,0,0,210850
121,0,1,0,0,0,0,0,1,0,1,3,210860
122,0,0,0,0,0,0,0,0,0,0,2,210890
123,0,0,0,0,0,1,0,0,0,0,0,210900
124,0,0,0,0,0,0,0,0,1,0,0,210910
125,0,0,0,0,0,0,0,0,0,1,0,210923
126,0,0,0,0,0,0,0,1,0,0,1,210927
127,0,1,1,0,0,0,0,0,0,0,0,210960
128,0,0,0,0,0,0,0,0,0,0,1,210980
129,0,0,0,0,0,0,0,0,0,0,1,210990
130,0,0,0,0,0,0,0,1,1,0,0,211000
131,0,0,0,0,0,0,0,0,1,0,0,211050
132,1,0,0,0,0,0,0,0,0,0,0,211060
133,0,0,0,1,0,0,0,0,0,0,0,211100
134,0,0,0,0,0,1,0,0,0,0,0,211105
135,0,0,0,0,0,1,1,7,1,1,1,211120
136,12,18,11,13,8,19,23,24,11,11,13,211130
137,0,0,0,0,0,0,3,2,0,1,2,211210
138,0,0,0,0,1,0,0,1,0,0,0,211220
139,0,0,0,0,0,0,0,1,0,0,0,211230
140,0,0,0,0,0,0,0,0,0,0,2,211270
141,0,0,0,0,1,0,0,0,0,0,0,211280
142,0,0,0,0,0,0,0,0,1,0,0,211400
143,0,0,0,0,0,0,0,1,0,0,0,220105
144,0,0,0,0,0,0,0,0,0,0,1,220205
145,0,1,0,0,0,0,0,0,0,0,0,220220
146,0,0,0,0,0,0,0,0,0,1,0,220253
147,1,0,0,0,0,0,0,0,0,0,0,220277
148,0,0,0,0,0,0,0,0,0,0,1,220290
149,0,0,0,0,0,1,0,0,0,0,0,220323
150,0,0,0,0,0,0,0,0,0,1,1,220340
151,1,0,0,0,0,0,0,0,0,0,0,220390
152,0,0,0,0,0,0,0,0,1,0,0,220480
153,0,0,0,0,0,0,0,0,0,0,1,220520
154,0,0,0,0,0,0,0,0,1,0,0,220557
155,1,0,0,0,0,0,0,0,0,0,0,220570
156,0,0,0,0,0,0,0,0,2,0,0,220650
157,1,0,0,0,0,0,0,0,0,0,0,220670
158,0,0,1,0,0,0,0,0,0,0,0,220730
159,1,1,0,0,0,0,0,0,0,0,0,220770
160,0,0,0,0,0,0,0,0,0,1,1,220780
161,0,0,0,0,0,0,0,0,0,0,1,220800
162,0,0,0,0,0,0,0,1,0,0,0,220880
163,0,0,0,2,0,0,0,0,0,0,0,220915
164,0,0,0,0,0,0,0,0,0,1,0,220987
165,0,0,0,1,0,0,0,0,0,0,0,221010
166,1,0,0,0,0,0,0,0,0,0,0,221040
167,0,0,0,0,0,0,0,0,0,1,0,221063
168,0,0,0,0,0,0,2,1,0,0,0,221065
169,1,0,0,0,0,0,0,0,0,0,0,221080
170,9,14,4,3,3,1,2,2,3,2,8,221100
171,1,0,0,0,0,0,0,0,0,0,0,221120
172,0,0,0,0,0,0,0,1,0,0,0,221130
173,0,0,0,0,0,0,1,0,0,0,0,230015
174,0,0,0,0,0,1,0,0,0,0,0,230020
175,0,0,0,0,0,0,0,0,0,0,1,230030
176,0,0,0,0,0,1,1,2,1,0,0,230050
177,0,0,0,0,0,0,0,0,0,1,0,230070
178,0,0,1,0,0,0,0,0,0,0,0,230110
179,0,0,0,0,0,0,0,0,0,0,1,230150
180,0,0,0,0,1,3,1,0,0,1,0,230190
181,0,0,0,0,0,0,0,1,0,1,0,230220
182,0,0,1,0,0,0,0,0,1,1,0,230240
183,0,0,0,0,0,0,0,0,0,1,1,230250
184,1,0,0,0,0,0,0,2,1,0,1,230260
185,0,0,0,0,0,0,1,0,0,0,0,230280
186,2,0,0,0,0,0,0,0,0,0,0,230290
187,0,0,0,0,0,0,1,0,0,0,0,230300
188,0,0,0,0,0,0,0,1,0,0,0,230310
189,0,0,0,0,0,0,0,0,0,0,1,230350
190,0,1,1,1,0,1,3,0,2,1,1,230370
191,0,0,0,0,0,0,0,0,0,0,2,230400
192,0,0,0,0,0,0,0,1,0,0,1,230410
193,2,1,0,0,0,1,1,0,0,0,0,230420
194,0,0,1,0,0,0,0,0,0,0,0,230427
195,0,0,0,0,0,0,1,0,0,1,1,230428
196,0,0,0,0,0,0,0,0,1,2,1,230430
197,0,0,0,2,3,2,0,0,1,0,0,230435
198,17,25,34,20,18,28,22,23,23,15,22,230440
199,1,0,0,1,1,0,0,0,0,0,0,230465
200,0,1,0,0,0,0,1,1,0,0,0,230470
201,0,0,0,0,0,1,0,0,1,0,0,230490
202,0,0,1,0,1,0,1,0,0,1,1,230500
203,0,1,0,0,0,0,0,0,0,0,0,230523
204,0,0,0,0,0,1,3,0,0,0,0,230530
205,0,0,0,0,0,0,0,1,0,0,0,230535
206,0,0,0,0,0,0,1,0,0,1,0,230540
207,0,0,0,0,0,0,1,1,0,0,3,230550
208,1,0,0,0,1,0,0,0,1,0,0,230580
209,0,0,0,0,0,0,0,0,0,0,1,230590
210,0,0,0,0,4,0,0,1,0,0,0,230600
211,0,0,0,0,0,1,0,0,0,0,0,230610
212,0,0,2,0,0,0,0,0,0,0,0,230620
213,0,0,0,1,0,0,0,2,0,0,1,230630
214,0,2,3,0,0,1,0,0,0,0,0,230640
215,0,0,0,0,0,0,0,0,0,0,1,230650
216,0,1,0,0,0,0,0,0,0,0,0,230725
217,0,0,0,0,2,0,0,2,2,1,0,230730
218,0,0,0,0,1,0,1,0,0,0,1,230740
219,0,0,0,0,0,5,0,0,0,0,1,230760
220,4,5,6,3,1,1,4,3,0,0,0,230765
221,1,0,0,2,2,1,0,0,1,0,0,230770
222,0,0,0,0,0,0,0,1,0,0,1,230780
223,0,0,0,0,0,0,1,0,0,0,0,230790
224,0,0,0,1,0,0,1,0,0,0,0,230800
225,0,0,0,0,0,0,0,0,0,0,1,230810
226,0,1,0,0,0,0,0,0,0,0,0,230820
227,0,0,0,0,0,0,0,1,0,0,0,230840
228,0,0,0,0,1,0,1,0,0,0,0,230870
229,0,0,2,0,0,0,0,1,0,0,0,230890
230,1,0,0,0,0,0,0,0,0,0,0,230900
231,0,0,0,0,1,0,0,0,0,0,0,230910
232,0,0,0,0,0,0,0,1,0,0,0,230920
233,0,1,1,1,0,0,1,0,0,0,0,230930
234,0,0,0,0,0,0,0,1,0,0,0,230960
235,0,0,0,0,0,0,0,1,0,0,0,230970
236,0,0,0,0,0,1,0,0,0,0,0,231010
237,0,1,0,0,0,0,0,0,0,0,0,231020
238,0,1,0,0,0,0,0,0,0,0,0,231025
239,0,0,0,0,0,1,0,0,0,0,0,231050
240,0,0,0,0,0,0,2,0,2,1,0,231123
241,0,0,0,0,0,0,0,1,0,0,0,231126
242,0,0,0,0,0,0,1,0,0,0,0,231140
243,0,0,0,0,0,0,0,0,1,0,0,231160
244,0,0,0,0,0,0,0,0,1,0,0,231170
245,0,0,0,0,0,0,0,1,0,0,0,231180
246,0,0,0,0,0,0,0,0,0,1,1,231220
247,1,0,0,0,0,0,0,0,0,0,0,231200
248,0,1,0,0,0,0,0,0,0,0,0,231230
249,0,1,1,0,0,0,0,0,0,0,0,231270
250,8,2,2,5,2,4,5,9,4,2,3,231290
251,1,1,0,0,0,0,0,0,0,0,0,231320
252,0,0,0,0,0,0,0,0,0,0,1,231330
253,0,0,0,0,0,0,1,1,4,2,3,231340
254,0,0,0,0,0,0,0,1,0,0,0,231350
255,0,0,0,0,0,1,0,1,0,0,0,231360
256,0,0,0,0,0,0,0,0,1,0,1,231395
257,1,0,0,0,0,0,0,0,0,0,0,231400
258,0,0,0,0,0,0,1,0,0,0,0,231410
259,0,0,1,0,0,0,0,0,0,1,0,240010
260,0,0,0,0,0,0,0,0,0,0,1,240020
261,0,0,0,0,0,0,0,0,0,1,1,240100
262,0,0,0,0,0,0,0,0,1,0,0,240110
263,0,0,0,0,0,0,0,0,1,0,0,240120
264,0,1,0,0,0,0,1,0,1,0,0,240200
265,1,0,0,0,0,0,0,0,0,0,1,240220
266,0,0,1,0,2,0,1,0,0,0,0,240240
267,2,0,1,0,0,0,1,1,0,0,1,240260
268,0,1,0,0,0,0,0,0,0,0,1,240270
269,0,0,0,0,0,0,0,0,0,1,0,240300
270,0,1,0,0,0,0,0,0,0,0,0,240310
271,0,0,0,0,0,0,0,1,0,0,0,240320
272,0,0,0,0,0,0,1,0,0,0,0,240360
273,1,0,0,1,0,0,0,0,0,1,0,240450
274,1,0,0,0,0,0,0,1,0,0,0,240470
275,0,0,0,0,0,0,0,1,0,0,0,240580
276,3,0,0,1,0,0,0,0,0,0,0,240610
277,0,1,0,0,1,0,0,0,0,0,0,240630
278,0,0,0,0,0,0,1,0,0,0,0,240660
279,0,0,0,0,0,1,0,0,0,1,1,240710
280,0,0,0,0,0,0,0,0,0,1,0,240720
281,0,0,0,0,0,1,0,0,0,0,0,240750
282,0,0,1,0,0,0,0,0,0,0,0,240770
283,2,0,1,0,0,1,0,4,0,0,0,240800
284,11,12,19,7,9,6,19,9,6,8,4,240810
285,0,0,0,0,0,1,0,0,0,0,0,240820
286,0,0,0,0,0,1,2,1,0,0,0,240830
287,1,1,1,1,0,0,1,0,0,0,0,240890
288,2,3,1,2,1,1,3,1,1,1,0,240325
289,0,0,0,1,0,0,0,0,0,0,0,241040
290,1,0,0,0,0,0,0,0,0,0,0,241050
291,0,1,0,0,0,0,1,0,0,1,0,241120
292,0,0,0,1,0,0,0,0,0,0,1,241140
293,0,1,0,0,2,0,0,1,5,0,0,241150
294,0,0,0,1,2,2,3,2,0,0,2,241200
295,1,0,1,2,0,0,0,0,0,0,0,241220
296,0,0,0,0,0,1,0,0,0,0,0,241240
297,0,0,0,0,0,4,2,0,0,0,0,241250
298,1,0,0,0,0,0,0,0,0,0,0,241310
299,0,0,0,1,0,1,0,1,0,0,0,241330
300,0,0,0,0,1,0,0,0,0,0,1,241355
301,1,0,0,0,0,0,0,0,0,0,1,241390
302,0,0,0,0,1,0,0,0,0,0,0,241480
303,0,0,0,1,0,0,0,0,0,0,0,250080
304,0,0,0,0,0,0,0,0,0,0,1,250140
305,1,0,0,0,1,0,0,0,0,0,0,250180
306,0,0,0,0,0,0,0,1,0,0,0,250215
307,0,0,0,0,0,0,1,0,0,0,0,250250
308,0,0,0,0,0,0,3,0,0,0,0,250320
309,0,0,1,0,0,0,0,0,0,0,0,250330
310,0,0,1,2,4,1,0,2,1,8,2,250400
311,1,0,0,0,0,0,0,0,0,0,0,250500
312,0,1,0,1,0,0,0,1,0,0,0,250630
313,0,0,0,0,0,0,0,0,0,0,2,250700
314,0,1,1,2,0,0,0,3,0,1,1,250750
315,0,0,0,1,0,0,0,0,0,0,0,250770
316,0,0,0,0,0,0,0,0,1,0,0,250830
317,0,0,1,0,0,0,0,0,0,0,0,250890
318,0,0,0,0,0,0,0,0,0,0,1,250950
319,0,0,0,0,1,0,1,0,0,0,0,250970
320,0,0,0,2,0,0,0,0,0,0,0,251110
321,1,0,0,0,0,0,0,0,0,0,0,251272
322,0,0,0,0,0,0,1,0,0,0,0,251130
323,0,0,0,0,0,1,0,0,0,0,0,251300
324,0,0,0,0,0,0,1,0,0,0,0,251310
325,0,0,0,0,0,0,0,0,1,0,0,251370
326,0,0,0,0,0,0,0,1,0,0,0,251390
327,0,0,0,0,0,0,1,0,0,0,0,251394
328,0,0,0,0,1,0,0,0,0,0,0,251470
329,0,0,0,0,0,0,0,1,0,0,0,251620
330,0,0,1,2,0,0,1,0,0,1,0,260005
331,0,0,0,0,0,0,0,0,1,1,1,260010
332,1,0,0,0,0,0,0,0,0,0,0,260020
333,2,0,0,0,0,0,0,0,0,0,0,260050
334,0,0,0,3,0,1,1,0,0,0,0,260060
335,0,0,0,0,1,0,0,0,0,0,0,260070
336,0,0,0,0,0,0,0,1,0,0,0,260120
337,0,0,0,0,0,0,0,0,1,0,0,260140
338,1,1,0,0,0,0,0,0,0,0,0,260170
339,0,0,0,0,0,0,0,0,2,1,0,260190
340,0,0,0,0,0,0,0,0,0,0,1,260200
341,0,1,0,0,0,0,0,0,0,0,0,260220
342,0,0,0,0,2,0,0,0,0,0,0,260230
343,0,1,0,0,0,0,0,0,0,0,0,260270
344,1,0,1,0,0,1,2,0,1,3,1,260290
345,0,0,0,0,0,3,1,0,0,0,0,260320
346,1,1,0,0,0,2,1,1,0,1,2,260345
347,0,0,0,0,0,0,0,0,1,1,0,260400
348,1,0,0,0,1,1,0,1,4,2,3,260410
349,0,0,0,0,1,0,0,0,0,0,0,260515
350,0,0,0,0,0,0,0,0,0,1,0,260520
351,0,1,0,0,0,0,0,0,0,0,0,260560
352,0,0,0,0,0,1,1,1,3,0,0,260570
353,0,0,0,0,1,0,0,0,0,1,0,260590
354,0,1,4,4,0,0,0,0,1,0,3,260600
355,0,0,0,0,0,0,0,0,1,0,0,260620
356,1,0,0,0,0,0,0,1,0,1,0,260640
357,0,0,0,0,0,0,0,0,0,0,1,260670
358,0,1,1,0,1,0,0,1,1,3,0,260680
359,0,0,0,1,0,0,0,0,0,1,0,260760
360,0,0,1,0,0,0,0,0,0,0,1,260720
361,0,0,0,0,0,0,0,1,0,0,0,260740
362,1,0,1,4,4,0,0,3,3,4,5,260790
363,0,0,0,0,0,0,0,0,2,0,0,260825
364,0,0,0,0,0,0,0,0,3,2,0,260830
365,0,0,0,0,1,0,0,0,1,0,1,260880
366,0,0,1,0,0,1,0,0,1,0,0,260890
367,0,0,0,0,0,0,0,2,1,0,0,260940
368,3,0,1,1,5,0,2,4,3,1,1,260960
369,0,0,0,0,0,0,0,0,0,1,1,260970
370,0,0,0,0,1,1,0,0,0,0,0,261040
371,0,0,0,0,0,0,0,0,0,0,1,261050
372,1,3,1,1,4,1,1,0,1,3,1,261070
373,1,0,0,0,0,0,0,0,0,1,1,261080
374,0,0,0,0,1,0,0,0,0,0,0,261090
375,0,1,0,2,1,1,1,0,0,3,1,261110
376,0,0,0,0,0,0,0,0,0,0,2,261140
377,8,3,4,5,12,5,9,12,21,16,9,261160
378,0,0,0,0,0,0,0,0,0,1,0,261180
379,0,1,0,0,0,0,0,0,0,0,0,261190
380,0,0,0,0,0,0,0,1,1,0,1,261220
381,0,0,0,0,0,0,0,0,1,0,1,261250
382,0,0,0,0,0,0,0,0,0,1,0,261260
383,0,1,1,1,0,0,0,0,0,0,1,261300
384,1,0,0,0,0,0,0,0,0,0,0,261310
385,0,0,1,0,0,0,0,0,0,0,0,261340
386,0,1,0,0,0,0,0,0,0,1,0,261350
387,0,0,0,0,0,0,0,0,0,0,1,261370
388,0,0,0,0,0,0,1,0,0,0,0,261390
389,0,0,0,0,0,0,1,1,0,0,0,261410
390,0,0,0,0,0,0,1,0,1,0,0,261420
391,0,0,0,1,0,0,2,0,0,0,0,261450
392,0,0,0,0,0,0,0,0,0,2,0,261460
393,0,0,0,0,0,0,0,0,0,1,0,261485
394,0,0,0,0,1,0,0,0,0,0,0,261500
395,0,0,0,1,0,0,0,0,0,0,0,261520
396,0,0,0,0,0,0,0,0,0,2,0,261540
397,0,0,0,0,0,0,0,0,0,1,0,261550
398,0,1,0,0,0,1,0,0,1,0,0,261630
399,0,0,0,1,1,0,1,0,0,0,0,261640
400,0,0,0,0,0,0,0,0,0,0,1,261650
401,1,0,0,0,0,0,0,1,0,2,0,270030
402,0,0,0,0,0,0,0,0,0,2,0,270110
403,0,0,0,0,0,0,0,0,0,0,1,270140
404,2,6,0,2,1,1,7,6,2,1,2,270430
405,0,0,0,0,0,0,0,1,0,0,0,270470
406,0,0,0,1,0,0,0,0,0,0,0,270630
407,0,0,0,0,0,0,1,0,0,0,0,270660
408,2,1,1,0,0,0,0,0,0,0,0,270770
409,0,0,0,1,0,0,0,0,0,0,0,270850
410,0,0,0,1,0,0,0,0,0,0,0,270880
411,0,0,0,0,1,0,0,0,0,0,0,270915
412,4,2,2,0,1,1,3,0,2,0,1,280030
413,0,0,0,0,0,0,0,0,1,0,0,280050
414,0,0,0,0,0,0,1,0,0,0,0,280067
415,0,0,0,0,0,0,0,0,0,1,1,280210
416,0,0,0,0,0,0,0,0,0,1,0,280270
417,0,1,0,0,0,0,0,0,0,0,0,280290
418,0,0,0,1,0,0,0,0,0,0,0,280310
419,0,1,0,0,0,0,0,0,1,0,0,280350
420,0,0,0,0,0,0,0,1,0,0,0,280400
421,0,0,0,1,0,0,0,0,0,0,0,280440
422,0,0,0,1,0,0,0,0,0,0,0,280450
423,0,0,0,0,0,0,0,0,0,0,1,280460
424,0,0,0,0,1,0,0,0,0,0,0,280480
425,0,0,0,0,0,0,1,0,0,0,0,280530
426,0,0,0,0,0,1,0,0,0,0,0,280630
427,0,0,0,1,2,0,0,0,0,0,1,280670
428,0,0,0,0,0,0,0,1,0,0,0,280710
429,0,0,0,0,0,1,0,0,0,0,0,280740
430,0,1,0,0,0,0,1,0,0,0,0,290070
431,0,0,0,0,0,1,0,0,0,1,0,290110
432,0,0,0,0,0,0,1,0,0,0,0,290120
433,0,0,0,0,0,0,0,0,0,0,2,290210
434,1,0,0,0,0,0,0,0,0,0,0,290240
435,1,0,0,0,0,0,0,0,0,0,0,290265
436,0,0,0,0,0,0,0,0,0,1,0,290280
437,0,1,0,0,0,0,0,1,2,1,1,290320
438,0,0,0,0,0,0,0,1,0,0,0,290450
439,0,0,0,0,0,0,1,1,2,1,0,290460
440,0,0,0,0,0,0,0,1,0,0,0,290475
441,0,0,0,0,0,0,0,0,0,0,2,290485
442,0,0,0,0,0,0,2,0,0,1,0,290490
443,0,0,0,0,0,0,0,0,0,0,4,290520
444,0,0,0,1,2,0,0,0,0,0,0,290570
445,0,0,0,1,0,0,0,0,0,0,0,290682
446,0,0,0,0,0,0,1,0,0,0,0,290730
447,0,0,0,0,0,0,0,0,1,0,0,290750
448,0,0,0,0,0,0,0,0,1,0,0,290780
449,0,0,0,0,1,0,0,0,0,0,0,290790
450,0,0,0,0,0,0,0,0,1,0,0,290830
451,0,0,0,0,0,0,0,1,0,0,0,290840
452,0,0,0,0,0,0,0,0,0,1,0,290850
453,0,0,0,0,0,0,0,0,1,0,0,290860
454,0,0,0,0,0,0,0,0,0,0,1,290910
455,0,0,0,0,0,0,1,0,0,0,0,290920
456,0,0,1,0,0,0,0,0,0,0,0,290980
457,0,0,0,1,0,0,0,0,0,0,0,290990
458,0,1,0,0,0,0,0,0,0,0,0,291072
459,1,0,0,0,0,2,1,2,2,1,1,291080
460,0,0,0,1,0,0,0,0,0,0,0,291170
461,0,0,0,0,0,0,1,0,0,0,0,291210
462,0,0,0,0,0,0,0,0,0,0,1,291250
463,0,0,0,0,0,0,0,1,1,0,0,291320
464,0,0,0,0,0,1,1,0,0,0,0,291350
465,0,0,1,1,0,1,0,1,0,0,0,291360
466,0,0,0,0,0,0,0,0,1,0,0,291450
467,0,0,0,1,0,0,0,0,0,0,0,291460
468,0,0,0,1,0,0,2,0,0,4,0,291470
469,0,0,2,1,0,0,4,1,1,3,3,291480
470,0,0,0,2,0,0,0,1,0,0,0,291560
471,0,0,0,0,0,0,0,0,1,0,0,291610
472,0,0,1,0,0,0,1,0,0,1,0,291640
473,0,0,0,1,0,0,0,0,0,0,0,291650
474,0,0,0,0,0,0,0,0,0,0,1,291690
475,0,1,0,0,0,0,0,0,0,0,0,291750
476,0,0,0,0,2,3,0,0,0,0,0,291760
477,0,0,0,0,0,0,1,1,0,1,0,291770
478,0,0,2,1,0,3,2,0,1,2,2,291800
479,0,0,0,0,0,0,0,0,0,0,1,291810
480,0,0,0,0,0,0,0,0,0,1,0,291835
481,0,0,0,0,0,0,0,1,1,0,2,291840
482,0,0,0,0,0,1,2,0,0,1,1,291920
483,0,0,0,0,0,1,0,0,0,0,0,291930
484,0,0,0,0,0,0,0,0,2,0,0,291955
485,0,0,0,0,0,0,0,0,1,0,0,292010
486,0,0,0,0,0,0,0,1,0,0,0,292030
487,0,1,1,0,0,0,0,0,0,0,0,292040
488,0,0,0,0,0,0,0,0,0,1,0,292050
489,1,0,0,0,0,0,0,0,0,0,0,292100
490,0,0,0,0,1,0,0,0,0,0,0,292120
491,0,0,0,0,0,0,0,0,1,1,0,292170
492,0,0,0,0,0,0,2,1,0,0,0,292210
493,0,1,0,0,0,0,0,0,0,3,2,292230
494,1,0,0,1,0,0,0,0,0,1,0,292250
495,0,0,0,0,0,0,0,0,0,1,0,292310
496,0,0,1,1,0,1,0,0,0,0,1,292380
497,0,0,0,0,0,0,0,1,0,0,0,292390
498,2,2,0,1,0,0,0,0,0,0,0,292400
499,0,0,0,1,0,1,0,0,0,0,0,292430
500,0,0,0,0,0,0,0,0,0,0,1,292450
501,0,0,0,0,0,0,0,0,1,0,0,292510
502,0,0,0,0,0,0,0,1,2,0,0,292530
503,0,0,0,0,1,0,0,0,0,0,0,292550
504,0,0,0,0,0,0,0,0,2,0,0,292570
505,0,0,0,0,0,0,1,0,0,1,0,292600
506,0,1,0,0,0,0,0,0,0,0,0,292730
507,14,18,7,15,18,8,22,17,24,20,29,292740
508,0,0,0,0,0,0,0,0,0,1,0,292820
509,0,0,0,0,0,0,0,0,1,0,2,292860
510,1,1,1,1,2,0,1,0,3,2,0,292870
511,0,0,0,0,0,0,0,0,0,0,1,292890
512,0,0,0,0,0,0,0,1,0,0,0,292910
513,0,0,0,0,0,0,1,0,0,0,0,292900
514,1,0,0,1,0,0,0,0,0,0,0,292920
515,0,0,0,0,0,0,1,0,0,0,0,292935
516,0,0,0,0,0,0,0,1,0,0,0,292940
517,0,0,0,0,1,0,0,0,0,0,0,293000
518,0,0,0,0,0,0,0,0,1,1,0,293010
519,0,0,0,0,0,0,0,0,0,1,0,293030
520,0,0,0,0,0,0,0,0,0,0,1,293050
521,0,1,0,0,1,0,0,0,0,0,0,293060
522,0,0,0,1,0,0,0,0,0,0,1,293070
523,0,0,0,0,0,0,0,0,0,0,1,293080
524,0,0,0,0,0,0,0,0,1,0,0,293130
525,0,0,1,2,2,3,1,0,0,1,0,293135
526,0,0,0,0,0,0,1,0,0,0,0,293200
527,0,0,0,1,0,0,0,0,0,0,0,293210
528,2,0,0,0,0,0,3,0,3,1,0,293250
529,0,0,0,0,0,1,0,0,0,0,0,293260
530,0,1,0,0,0,0,0,0,0,1,0,293290
531,0,3,2,1,2,2,0,1,3,3,3,293330
532,0,0,0,0,0,0,0,0,0,0,1,293350
533,0,0,0,0,1,0,0,1,0,0,0,310020
534,0,0,0,0,0,0,2,2,2,9,11,310030
535,0,0,0,0,0,0,0,0,1,0,0,310140
536,0,1,0,2,0,0,1,1,0,2,1,310150
537,7,8,0,2,0,0,1,0,1,2,2,310160
538,0,0,0,0,1,2,0,1,0,0,3,310163
539,0,0,0,0,0,0,0,3,0,0,1,310170
540,1,1,1,0,0,0,1,4,2,3,2,310190
541,0,0,0,0,0,0,0,0,0,1,0,310205
542,3,0,0,0,0,0,0,0,2,1,0,310210
543,0,0,0,0,0,1,0,0,4,4,13,310230
544,0,0,0,1,1,0,0,0,0,0,0,310260
545,0,0,0,0,0,0,1,0,0,0,0,310280
546,0,0,0,1,2,1,3,1,1,0,0,310290
547,0,0,0,0,1,1,0,0,0,0,0,310340
548,1,5,7,3,0,1,1,0,0,0,0,310350
549,1,0,0,0,0,0,0,0,0,0,0,310370
550,0,0,0,0,0,0,0,0,0,1,0,310380
551,0,1,2,1,2,7,2,0,0,1,0,310400
552,1,0,0,1,0,0,1,1,0,0,3,310420
553,0,2,0,2,1,1,1,2,1,0,0,310430
554,1,0,0,0,0,0,0,0,0,0,0,310440
555,0,0,0,0,0,0,0,0,0,0,1,310490
556,2,0,0,0,0,0,0,2,0,0,0,310510
557,0,0,1,0,0,0,1,0,0,0,0,310540
558,1,1,0,2,2,2,4,1,1,1,2,310560
559,0,0,0,0,0,0,0,2,0,0,0,310570
560,1,0,1,2,0,0,2,5,5,6,5,310590
561,0,0,0,0,0,0,0,1,0,0,0,310600
562,26,37,41,33,27,37,87,127,181,179,255,310620
563,0,0,0,0,0,0,2,0,0,0,0,310650
564,0,0,0,0,0,0,1,0,0,0,0,310665
565,2,4,5,5,4,7,10,26,32,55,50,310670
566,0,1,0,0,0,0,2,1,1,0,0,310710
567,0,0,0,2,0,0,0,1,0,0,4,310730
568,0,0,0,0,0,0,0,0,1,1,0,310740
569,0,1,1,0,1,0,0,1,0,0,0,310760
570,0,0,0,0,0,0,1,0,0,0,0,310790
571,0,0,0,0,0,0,0,0,1,1,2,310800
572,0,0,1,1,0,1,0,0,0,0,0,310820
573,0,0,1,1,0,0,0,0,0,0,0,310840
574,0,0,1,0,0,0,0,0,0,0,0,310900
575,3,0,0,0,0,0,0,0,3,6,12,310930
576,0,0,0,0,0,0,0,0,0,1,0,310940
577,0,0,0,0,0,0,0,1,1,1,0,310960
578,0,0,0,0,0,1,0,1,0,0,0,310970
579,0,0,0,0,0,0,0,0,2,4,0,310270
580,0,0,0,0,0,0,0,1,0,2,0,310990
581,0,0,0,0,0,0,1,0,0,0,0,311000
582,0,0,0,0,0,0,0,1,0,0,0,311060
583,0,0,0,0,0,1,0,0,0,0,0,311090
584,1,1,0,0,0,0,0,0,0,0,0,311120
585,0,0,0,4,0,1,0,0,0,0,0,311140
586,0,0,0,0,1,1,0,1,1,0,0,311150
587,1,0,1,1,1,1,0,0,1,0,0,311160
588,0,0,0,0,0,0,0,1,0,0,0,311190
589,0,1,1,1,2,0,1,0,0,0,0,311170
590,1,0,0,0,0,0,0,0,0,0,0,311200
591,0,0,1,3,0,0,0,0,0,0,0,311210
592,0,0,0,0,0,0,0,0,0,0,2,311230
593,0,0,0,1,1,0,0,0,0,0,0,311250
594,0,1,4,0,1,0,0,0,0,0,0,311270
595,0,1,0,0,0,0,0,0,0,0,0,311280
596,0,0,0,0,0,0,1,0,0,0,0,311300
597,0,0,0,0,0,0,0,0,0,0,1,311320
598,1,0,1,0,1,0,0,0,0,0,0,311330
599,0,1,0,0,0,2,0,0,1,2,1,311340
600,0,0,0,0,0,0,0,0,0,1,0,311360
601,0,0,1,2,0,0,0,0,1,0,0,311420
602,1,0,0,0,0,0,0,0,0,0,0,311430
603,1,4,0,1,7,2,1,0,0,0,0,311440
604,0,0,0,0,0,0,0,1,0,0,0,311460
605,1,1,0,0,1,0,0,0,0,1,1,311530
606,0,0,0,0,0,0,0,0,0,0,1,311550
607,0,0,0,0,0,0,0,0,0,1,0,311580
608,1,0,1,0,0,1,0,0,0,0,0,311590
609,0,0,0,0,0,1,0,0,0,0,0,311615
610,0,0,0,0,1,0,0,0,0,0,1,311660
611,0,0,0,0,0,0,0,0,1,0,0,311670
612,0,0,0,0,1,0,0,0,0,0,0,311520
613,0,1,1,0,0,0,0,0,0,0,0,311740
614,0,0,0,0,0,0,0,3,1,0,1,311750
615,0,0,0,0,0,0,0,0,1,0,0,311760
616,0,0,0,0,0,0,0,0,5,8,3,311770
617,0,0,0,0,0,0,0,0,1,0,0,311787
618,0,0,0,0,0,0,0,0,1,1,0,311800
619,0,0,0,1,1,0,0,0,0,0,0,311810
620,0,2,0,2,0,1,2,0,0,3,1,311830
621,11,1,2,4,6,9,15,21,22,32,65,311860
622,0,0,0,0,0,0,0,0,0,1,0,311870
623,0,0,1,0,0,0,0,0,0,0,0,311880
624,0,0,0,0,0,0,1,0,2,3,0,311900
625,0,0,0,0,1,0,0,0,1,0,0,311930
626,1,1,4,5,1,1,1,0,2,0,0,311940
627,0,1,0,0,0,0,0,0,0,0,0,311960
628,3,2,2,0,0,0,0,0,0,0,0,311970
629,4,0,0,0,0,0,0,0,0,0,0,311995
630,0,0,0,0,0,0,1,0,0,0,0,312010
631,0,0,0,0,0,1,0,0,1,1,0,312040
632,1,1,0,0,1,0,0,0,0,0,0,312080
633,2,2,4,1,0,1,0,1,0,0,2,312090
634,1,0,0,0,0,0,0,0,0,0,0,312100
635,0,1,0,0,1,0,0,0,0,0,0,312120
636,1,0,0,0,0,0,0,0,0,0,0,312125
637,1,1,5,1,1,2,3,0,2,1,0,312160
638,0,0,0,0,0,0,0,0,1,0,0,312170
639,5,10,3,9,4,1,2,0,0,0,1,312230
640,0,0,0,0,0,0,1,0,0,0,0,312300
641,0,0,0,0,0,0,1,0,4,2,4,312320
642,0,0,0,0,1,0,0,0,0,0,0,312380
643,0,0,0,1,1,2,2,0,1,9,12,312410
644,0,0,0,0,0,3,2,1,1,6,1,312420
645,0,0,1,0,0,0,0,0,1,0,0,312430
646,0,0,0,0,1,0,0,0,0,0,0,312440
647,0,0,0,0,0,0,0,0,0,0,1,312450
648,0,0,0,0,0,0,1,0,0,0,0,312470
649,0,0,0,0,0,0,0,0,0,1,0,312480
650,0,0,0,1,0,0,0,0,0,1,0,312570
651,0,0,0,0,0,0,0,0,0,1,0,312600
652,16,11,6,1,3,5,15,8,11,8,21,312610
653,0,0,0,0,0,0,0,0,0,0,1,312640
654,0,0,0,0,0,0,0,0,0,0,1,312690
655,0,0,0,0,0,0,0,0,0,1,1,312740
656,2,0,1,0,0,0,0,0,0,1,1,312760
657,3,1,1,4,0,2,2,1,0,2,3,312770
658,0,0,0,0,0,0,0,1,0,0,0,312800
659,0,0,0,1,1,0,0,1,0,3,2,312810
660,0,0,0,0,0,0,0,0,0,0,1,312820
661,1,0,0,0,0,0,0,0,3,0,0,312830
662,2,0,0,0,0,0,0,0,0,0,0,312850
663,0,0,0,0,0,0,0,0,0,1,0,312860
664,0,1,0,1,1,1,0,0,0,0,3,312870
665,0,1,0,0,0,0,0,0,0,0,0,312880
666,0,0,0,0,0,0,1,0,0,0,0,312920
667,0,0,1,0,0,0,0,0,0,0,0,312930
668,0,1,0,1,0,0,0,0,0,0,0,312950
669,0,0,0,0,0,0,0,0,0,1,0,312965
670,1,1,0,0,1,0,5,1,2,2,10,312980
671,1,0,0,0,0,1,0,0,0,2,1,313010
672,1,0,1,0,0,0,0,0,5,0,1,313040
673,0,0,0,0,2,0,0,0,0,0,0,313055
674,0,0,0,0,0,0,0,0,0,1,0,313080
675,0,0,0,0,0,0,1,0,0,0,0,313090
676,0,0,0,0,0,0,0,0,1,0,0,313110
677,0,0,0,0,0,0,0,0,0,0,1,313120
678,3,8,4,11,6,2,0,2,1,4,5,313130
679,0,0,1,0,0,0,0,0,1,0,0,313150
680,2,2,2,0,1,1,8,0,7,0,0,313170
681,0,0,0,0,0,0,1,0,2,6,13,313190
682,0,0,0,1,0,0,0,0,0,0,2,313220
683,1,0,0,1,2,0,0,1,3,0,1,313240
684,0,0,0,0,0,0,0,0,0,0,1,313250
685,1,0,0,0,2,0,1,1,0,5,9,313330
686,0,2,0,0,0,0,0,1,0,0,0,313340
687,2,2,4,0,0,0,0,0,0,1,1,313350
688,0,0,1,0,0,0,0,0,0,0,0,313370
689,0,0,1,1,1,1,0,1,0,0,1,313375
690,0,0,0,0,0,0,0,0,1,1,1,313380
691,3,1,1,0,0,5,0,1,0,1,0,313420
692,0,0,0,0,0,0,1,0,0,0,0,313440
693,0,0,0,0,0,0,0,0,1,0,0,313450
694,0,0,0,0,0,0,1,0,0,1,0,313460
695,0,0,1,0,0,0,0,0,0,0,0,313490
696,0,0,0,0,0,0,1,0,0,0,0,313505
697,0,1,2,0,1,1,2,2,6,3,1,313510
698,1,0,0,0,0,0,0,0,0,0,0,313545
699,0,0,0,0,0,0,0,0,1,1,0,313550
700,0,0,0,0,0,0,0,0,1,0,0,313560
701,0,0,0,1,0,0,0,0,0,0,0,313600
702,4,10,2,1,0,0,2,0,1,6,3,313620
703,2,2,0,0,1,1,0,1,1,2,1,313630
704,0,0,0,0,0,0,0,0,0,1,0,313665
705,11,16,12,16,11,19,8,11,18,8,11,313670
706,2,0,0,0,0,0,0,0,0,0,0,313690
707,0,0,0,0,0,0,0,1,0,1,5,313720
708,0,0,0,1,0,0,0,0,3,0,0,313740
709,0,0,0,0,0,0,0,0,0,0,5,313750
710,1,0,0,0,0,0,1,0,0,4,2,313760
711,0,0,0,0,0,0,0,0,3,2,1,313770
712,1,0,0,0,0,0,4,10,11,17,10,313820
713,1,1,1,1,0,0,0,0,0,0,0,313840
714,0,0,0,0,1,0,0,0,0,0,1,313850
715,0,1,0,0,0,0,0,0,0,0,0,313860
716,0,0,0,0,0,0,0,0,1,0,0,313868
717,0,0,0,0,0,0,0,2,1,2,1,313870
718,0,0,0,0,0,0,0,1,0,0,0,313880
719,0,0,0,1,0,1,0,0,2,0,0,313940
720,0,0,0,0,0,0,0,1,1,0,0,313950
721,0,0,0,0,0,0,0,0,0,0,2,313980
722,0,0,0,0,0,1,1,0,0,0,0,313990
723,0,0,0,0,0,2,5,0,3,1,0,314000
724,0,1,0,2,0,0,0,0,0,1,1,314015
725,0,0,0,0,0,0,0,0,0,0,1,314020
726,0,0,0,1,0,0,0,0,0,0,0,314040
727,0,0,0,0,0,0,0,0,0,1,0,314060
728,0,0,0,0,0,0,0,0,0,0,1,314070
729,0,0,0,0,1,0,1,1,0,0,0,314080
730,0,0,0,0,1,0,3,0,3,0,0,314110
731,0,0,0,0,0,0,0,0,0,0,1,314150
732,0,0,0,0,0,0,0,1,0,0,0,314310
733,0,0,0,0,0,0,0,1,0,0,0,314315
734,0,0,0,0,0,1,0,0,0,0,0,314320
735,1,0,3,3,4,5,9,19,14,6,5,314330
736,3,0,1,5,3,1,1,0,0,2,1,314390
737,0,1,1,0,0,0,0,0,0,0,0,314400
738,0,0,2,0,0,0,0,0,0,0,0,314410
739,0,0,0,0,0,1,0,1,1,1,0,314460
740,0,0,0,0,0,0,0,0,0,2,11,314470
741,2,5,7,5,0,7,14,9,8,4,6,314480
742,2,5,2,0,0,3,6,7,2,4,4,314490
743,0,0,2,0,0,1,0,0,0,0,2,314500
744,0,0,0,0,1,0,0,0,0,0,0,314510
745,3,0,0,0,0,0,3,1,4,7,5,314520
746,0,0,0,0,0,0,0,0,5,1,0,313660
747,0,1,0,0,0,0,0,0,0,0,0,314530
748,0,0,0,0,0,0,1,0,0,0,0,314545
749,1,0,0,0,0,0,0,1,0,0,0,314560
750,0,1,0,2,0,0,2,0,0,0,0,314590
751,0,0,0,0,0,0,0,2,0,1,2,314600
752,3,3,1,0,1,1,0,3,4,2,1,314610
753,1,1,0,0,0,0,0,0,0,0,0,314650
754,0,0,0,0,1,0,0,0,0,0,0,314660
755,0,0,0,0,0,0,2,0,0,0,0,314690
756,0,4,0,0,1,0,0,3,1,2,2,314710
757,0,0,1,0,0,1,0,1,2,1,1,314700
758,2,2,0,0,0,0,0,0,0,1,1,314720
759,0,0,0,0,0,0,0,0,0,0,2,314730
760,2,4,8,3,4,0,1,0,3,16,22,314740
761,0,0,0,0,0,0,1,0,2,0,0,314760
762,1,1,7,5,3,3,3,4,4,2,1,314790
763,2,0,0,0,0,3,0,1,1,1,3,314800
764,0,0,0,0,3,1,2,1,0,2,0,314810
765,0,0,0,0,0,1,2,1,1,1,12,314830
766,0,0,0,0,0,0,0,0,0,0,2,314875
767,1,0,0,0,0,0,0,0,0,0,0,314890
768,0,0,1,0,0,0,0,4,2,0,9,314930
769,1,0,0,0,0,0,0,0,0,0,1,314940
770,0,0,0,0,0,0,0,0,0,0,1,314970
771,0,0,0,0,0,0,1,0,0,0,0,314980
772,0,0,0,0,0,0,0,0,0,1,0,314990
773,0,0,0,0,0,0,0,0,0,0,1,315010
774,0,0,1,0,0,0,0,0,0,1,1,315015
775,0,2,0,0,0,0,0,1,0,0,0,315050
776,0,0,0,0,0,0,0,1,0,0,0,315060
777,0,0,0,0,0,0,0,0,0,7,12,315120
778,2,2,0,1,5,0,1,0,0,2,0,315150
779,0,0,0,0,0,0,1,0,0,0,0,315160
780,0,1,3,4,3,2,4,2,10,12,12,315180
781,1,1,1,0,1,2,3,3,11,11,0,315210
782,0,0,1,0,0,0,0,0,0,0,0,315213
783,0,1,0,0,0,0,0,0,0,0,0,315217
784,0,0,0,1,0,1,1,1,0,1,2,315220
785,0,0,1,1,0,0,0,0,0,0,0,315230
786,1,0,0,0,3,4,0,1,3,0,1,315250
787,0,0,1,1,2,0,2,0,0,0,0,315270
788,2,0,1,0,2,0,1,0,1,0,0,315280
789,0,0,0,0,4,2,2,3,0,5,12,315290
790,0,0,0,0,1,0,0,0,0,0,0,315330
791,0,2,5,4,0,1,1,1,1,1,0,315340
792,0,0,0,1,0,0,0,0,0,0,0,315400
793,1,0,0,0,0,0,0,0,0,0,0,315415
794,0,0,0,5,5,5,3,5,5,6,17,315420
795,1,0,0,0,0,0,0,0,0,0,0,315445
796,0,0,0,0,0,0,0,1,0,0,0,315450
797,2,0,0,2,0,0,3,2,13,10,12,315460
798,0,0,0,0,0,1,0,1,1,0,0,315470
799,0,0,0,0,0,0,0,0,1,0,0,315520
800,0,0,0,0,0,0,0,2,0,0,1,315530
801,0,0,0,0,0,0,0,0,0,1,0,315540
802,0,0,1,1,0,0,0,0,0,0,0,315550
803,0,0,1,0,0,0,0,1,0,1,0,315560
804,0,2,0,0,0,0,1,0,0,1,0,315570
805,0,0,0,1,0,0,0,0,0,0,0,315580
806,0,0,0,0,0,3,0,0,0,0,0,315600
807,0,1,0,0,0,0,0,0,0,0,0,315610
808,1,1,1,0,0,0,0,0,0,0,0,315620
809,0,0,0,0,0,0,1,0,0,0,0,315630
810,1,0,1,3,0,6,3,3,8,13,8,315670
811,2,0,0,0,1,1,0,0,0,0,0,315690
812,0,0,0,0,1,1,0,1,0,0,1,315700
813,0,0,0,0,0,1,0,0,0,0,0,315730
814,4,0,0,0,0,0,1,0,1,1,1,315733
815,0,0,0,0,0,0,0,0,0,1,0,315737
816,1,3,4,0,4,10,11,5,14,10,10,315780
817,0,2,0,0,0,0,0,0,0,0,0,315790
818,0,0,0,0,0,0,1,0,0,0,0,315800
819,0,0,0,0,0,0,0,1,0,0,0,315920
820,0,0,0,0,2,0,0,0,0,1,0,315960
821,1,0,0,0,0,0,0,0,0,0,0,315850
822,0,1,1,5,1,0,0,0,0,0,0,315880
823,0,0,0,0,0,0,0,0,0,0,1,315890
824,0,0,0,0,0,0,0,0,1,0,0,315900
825,0,0,0,0,0,0,0,0,0,0,1,316000
826,0,0,0,1,0,0,0,0,0,0,1,316040
827,0,0,0,0,2,1,0,1,0,0,0,316070
828,0,0,0,0,0,0,0,0,0,1,0,316110
829,0,0,0,0,0,0,0,0,1,0,0,316120
830,0,0,0,0,0,0,0,0,0,1,0,316165
831,0,0,0,0,1,0,0,0,1,0,0,316180
832,1,0,4,4,2,3,0,0,0,1,13,316210
833,1,1,1,3,0,1,1,4,2,0,1,316250
834,0,0,0,1,0,0,0,0,0,0,0,316257
835,0,1,0,2,0,2,0,0,0,0,0,316290
836,0,0,1,1,0,1,2,0,0,1,2,316292
837,0,0,0,0,0,1,0,0,0,0,0,316294
838,1,0,0,0,0,0,0,1,0,0,4,316295
839,1,0,0,0,0,0,0,0,0,0,0,316320
840,0,0,0,0,0,0,0,0,1,0,0,316350
841,1,0,0,1,0,0,0,1,2,1,0,316370
842,0,0,0,1,0,0,0,0,0,0,0,316400
843,1,0,1,3,0,0,0,0,0,0,0,316470
844,0,0,0,0,1,0,0,1,0,0,0,316520
845,1,1,0,0,0,0,0,0,0,0,0,316500
846,0,0,4,1,0,0,0,1,4,9,2,316510
847,0,1,0,1,1,0,1,0,0,0,0,316530
848,0,0,0,0,0,0,0,0,1,1,0,316540
849,0,0,0,0,0,0,0,0,0,1,0,316553
850,0,0,1,0,0,0,0,0,0,0,0,316620
851,0,0,0,0,0,0,0,1,0,0,0,316695
852,0,0,0,1,0,2,0,0,1,0,0,316710
853,1,4,1,2,2,3,5,12,17,6,27,316720
854,0,0,0,0,1,1,0,0,0,0,0,316730
855,0,0,0,1,1,1,0,1,0,0,0,316750
856,0,0,3,4,2,2,1,0,0,2,1,316790
857,0,0,0,0,0,1,0,0,0,0,0,316800
858,0,0,0,0,0,0,1,0,0,5,5,316810
859,0,0,0,0,1,0,0,0,0,0,0,316820
860,0,0,0,0,1,1,0,0,0,0,0,316840
861,0,0,0,2,0,0,2,1,1,1,0,316860
862,1,0,0,0,0,0,8,10,2,9,0,316870
863,0,0,0,0,0,0,0,0,0,1,0,316890
864,2,1,2,0,2,1,1,3,0,1,2,316930
865,2,4,1,1,0,0,0,0,0,0,0,316935
866,0,1,0,0,0,0,0,0,0,0,1,316940
867,0,0,0,0,0,1,0,0,0,0,0,316960
868,0,0,0,0,0,0,0,1,0,0,0,316980
869,0,0,0,0,0,1,1,3,1,1,1,316990
870,0,0,0,0,0,0,0,0,0,0,2,317005
871,4,6,2,8,13,10,5,3,7,4,6,317010
872,11,10,6,9,12,15,8,10,11,7,9,317020
873,2,0,0,0,0,0,0,1,4,1,4,317040
874,0,0,0,0,0,1,0,0,0,0,0,317060
875,0,0,3,0,4,2,3,1,3,3,2,317070
876,1,0,0,0,0,0,0,0,0,0,0,317100
877,0,1,2,1,0,0,5,1,0,9,9,317120
878,0,0,0,0,3,0,1,1,0,0,1,317130
879,0,0,0,0,0,0,0,0,1,0,0,317160
880,0,0,0,0,0,0,0,2,1,0,0,317200
881,0,0,0,0,0,0,3,2,1,0,0,320020
882,0,0,0,0,0,0,0,3,2,1,0,320060
883,0,0,0,0,0,0,1,0,0,0,0,320070
884,0,0,0,0,0,0,0,1,0,0,0,320080
885,0,0,1,0,0,0,0,0,0,0,0,320090
886,0,0,0,0,0,0,0,0,2,0,1,320115
887,0,2,1,1,0,3,3,2,2,1,7,320120
888,0,0,0,1,2,2,1,0,4,0,1,320130
889,0,0,0,0,0,0,0,0,0,0,2,320140
890,2,0,0,0,0,0,0,0,0,0,0,320150
891,0,1,0,0,0,0,0,0,0,1,0,320190
892,0,1,1,0,0,0,0,0,1,1,0,320210
893,0,0,0,0,0,1,0,2,0,0,0,320240
894,1,0,0,0,0,0,0,0,0,0,0,320270
895,0,0,0,0,0,0,0,0,0,5,0,320280
896,0,0,0,0,0,0,1,0,0,0,0,320305
897,0,0,0,0,0,0,0,1,0,0,0,320316
898,1,11,1,0,0,1,0,4,1,2,4,320320
899,0,0,0,0,0,0,0,1,0,0,0,320332
900,0,0,0,0,0,0,0,0,1,0,0,320334
901,0,0,0,1,0,0,1,0,0,0,0,320340
902,0,0,0,0,1,0,0,1,0,0,0,320370
903,0,0,0,0,0,0,1,1,1,1,0,320380
904,0,0,0,0,0,0,1,0,0,0,0,320390
905,0,1,0,0,0,0,0,0,0,0,0,320410
906,0,0,0,0,0,0,1,0,0,0,0,320430
907,0,0,0,0,0,0,2,0,0,0,0,320450
908,0,0,0,0,0,0,1,0,0,0,0,320490
909,0,0,1,0,0,0,0,0,0,0,0,320495
910,1,0,1,1,0,0,2,1,2,0,4,320500
911,0,0,0,0,0,1,2,2,1,0,0,320503
912,0,0,1,0,2,3,2,0,2,0,1,320520
913,5,2,1,1,1,4,2,0,1,1,0,320530
914,3,0,0,0,0,0,0,1,0,0,0,330010
915,0,0,1,0,0,0,0,0,0,0,0,330020
916,0,0,0,0,0,0,0,0,1,0,0,330022
917,0,0,0,1,0,0,0,0,0,0,0,330023
918,1,0,0,0,0,0,0,0,0,0,0,330025
919,3,1,0,1,2,0,5,1,0,0,1,330030
920,2,1,0,1,0,0,0,0,0,9,11,330040
921,1,1,10,2,5,7,5,4,3,4,1,330045
922,0,0,0,0,1,0,0,0,0,0,0,330050
923,0,0,0,0,0,0,0,0,0,0,1,330060
924,0,1,3,1,4,0,0,0,0,0,1,330070
925,0,0,0,1,0,0,0,0,0,0,1,330080
926,0,0,0,0,0,0,0,2,0,1,0,330090
927,2,5,5,5,1,4,2,1,1,0,4,330100
928,1,4,5,2,0,0,1,0,2,1,0,330110
929,0,0,0,1,0,0,0,0,0,0,0,330115
930,0,0,0,0,1,0,1,0,0,0,0,330120
931,0,0,0,0,0,0,0,0,0,1,0,330130
932,0,0,0,0,0,0,0,1,1,0,0,330150
933,0,0,0,0,0,0,0,0,1,0,0,330160
934,2,6,5,7,6,9,5,0,1,9,6,330170
935,0,0,1,1,1,1,0,0,0,0,0,330180
936,1,0,0,0,0,1,0,2,2,0,0,330185
937,0,0,0,0,0,0,1,0,0,0,0,330187
938,0,1,0,0,0,0,0,2,0,2,0,330190
939,1,0,0,0,0,0,1,0,0,1,2,330200
940,0,0,2,0,1,0,0,0,0,1,0,330210
941,4,0,0,2,8,1,0,0,4,2,0,330220
942,0,0,0,3,2,2,1,1,1,0,0,330227
943,2,0,4,0,0,0,5,1,4,1,2,330240
944,0,0,0,0,0,0,2,0,0,0,0,330245
945,0,0,0,1,0,5,2,0,0,0,0,330250
946,0,0,0,0,0,2,0,0,0,0,0,330260
947,0,0,0,1,1,0,0,0,0,0,1,330270
948,0,1,0,0,0,0,0,0,0,0,3,330280
949,0,1,2,0,0,0,0,1,1,1,3,330285
950,0,0,0,0,0,0,4,0,0,2,1,330290
951,0,0,0,0,1,0,0,0,0,0,2,330300
952,0,0,4,2,1,0,0,0,0,0,0,330320
953,2,1,1,1,0,2,0,1,0,4,4,330330
954,5,4,5,8,4,0,0,2,4,1,2,330340
955,6,4,0,3,3,3,0,4,1,0,1,330350
956,0,1,1,4,1,1,4,1,2,1,1,330370
957,0,1,0,0,0,0,0,0,0,0,0,330380
958,2,0,2,1,0,6,5,0,1,7,3,330385
959,3,2,2,0,1,1,0,1,1,1,0,330390
960,0,0,0,1,2,0,0,0,0,0,1,330395
961,0,0,0,0,0,0,0,1,0,1,0,330400
962,0,0,0,0,0,0,4,0,0,0,0,330411
963,3,1,0,1,1,0,1,2,0,1,0,330414
964,5,2,1,0,0,0,2,2,2,2,2,330420
965,1,0,0,0,0,0,0,0,0,0,0,330430
966,0,0,0,0,0,0,0,0,1,0,0,330450
967,0,0,1,0,0,4,1,1,0,0,2,330452
968,54,44,45,55,62,58,51,55,47,25,26,330455
969,0,0,0,1,0,0,0,0,0,0,0,330470
970,0,0,0,0,3,3,1,0,0,0,0,330480
971,5,5,2,4,2,10,8,8,5,3,5,330490
972,0,1,0,0,0,0,0,0,0,0,1,330500
973,6,3,4,1,4,4,1,3,4,1,1,330510
974,0,0,0,1,0,0,0,0,0,0,0,330515
975,1,0,0,0,0,0,0,0,0,0,0,330520
976,0,0,0,0,0,0,1,0,1,0,0,330530
977,3,0,1,4,0,1,0,0,0,1,0,330550
978,0,0,0,0,0,0,0,4,0,0,0,330555
979,0,0,0,0,0,0,1,0,0,0,0,330560
980,1,0,1,0,0,0,0,0,0,1,1,330570
981,0,0,0,0,0,0,0,0,0,0,1,330575
982,4,3,19,13,5,6,2,6,12,9,3,330580
983,0,0,0,0,0,0,0,0,0,1,0,330590
984,5,2,2,0,0,1,2,0,0,0,1,330610
985,0,1,0,0,1,0,0,1,2,5,12,330620
986,0,2,1,6,6,1,0,1,0,0,3,330630
987,0,1,1,0,1,1,5,0,0,0,0,350010
988,1,0,0,0,0,0,0,0,0,0,1,350030
989,0,0,0,0,0,0,0,0,0,8,0,350040
990,0,0,0,1,0,0,0,0,0,0,0,350055
991,0,0,3,0,0,0,2,0,2,0,1,350060
992,0,0,0,0,0,0,0,0,1,0,1,350070
993,1,0,1,0,3,0,0,0,0,0,0,350075
994,0,0,0,0,0,0,0,0,0,2,0,350080
995,0,0,0,0,2,0,2,1,2,0,0,350100
996,0,0,0,0,0,0,1,0,10,11,6,350110
997,1,0,0,0,0,0,0,0,0,0,0,350115
998,0,0,0,0,0,2,0,0,0,0,1,350120
999,5,1,3,2,0,0,0,0,1,1,0,350130
1000,0,3,0,0,0,0,0,0,0,0,0,350150
1001,4,10,10,10,1,0,1,0,1,4,0,350160
1002,0,0,0,0,0,0,0,0,7,6,0,350170
1003,0,0,2,0,0,0,0,1,0,0,1,350190
1004,0,0,0,0,0,0,0,0,11,1,0,350200
1005,1,2,1,3,3,1,2,1,1,0,2,350210
1006,0,0,0,0,0,0,0,0,0,1,1,350220
1007,0,0,0,1,0,0,0,1,0,0,0,350230
1008,0,0,0,0,0,0,1,0,0,0,0,350250
1009,0,0,0,0,1,0,0,0,0,0,0,350260
1010,1,0,0,0,0,0,0,0,0,0,0,350270
1011,2,4,15,11,13,10,9,11,13,16,10,350280
1012,0,0,0,0,0,0,0,1,0,0,1,350290
1013,0,0,0,0,2,4,1,0,0,1,0,350310
1014,2,13,8,4,4,6,2,5,5,1,6,350320
1015,2,1,2,0,1,1,0,0,4,0,3,350330
1016,0,0,0,1,0,0,0,0,0,0,0,350360
1017,0,0,0,0,0,0,0,1,0,0,0,350370
1018,0,1,4,0,0,0,0,0,0,0,0,350380
1019,0,0,0,0,0,1,1,1,2,4,2,350390
1020,2,4,0,2,0,1,10,3,0,0,0,350400
1021,0,0,0,1,0,2,2,0,12,8,8,350410
1022,0,0,3,6,7,7,2,2,2,2,2,350450
1023,1,0,0,0,0,0,0,0,0,0,0,350460
1024,1,0,2,4,4,0,0,1,1,0,0,350520
1025,0,1,0,0,0,2,0,0,0,0,1,350530
1026,2,3,2,2,1,0,4,4,2,0,5,350550
1027,0,0,0,0,2,8,2,1,1,0,0,350560
1028,0,1,0,8,2,1,8,3,12,11,14,350570
1029,4,4,4,1,1,0,2,4,1,2,1,350590
1030,0,1,6,5,14,8,12,6,3,4,9,350600
1031,0,0,0,0,1,0,0,0,0,0,0,350610
1032,0,0,1,0,0,0,0,1,0,0,0,350630
1033,0,0,1,0,0,0,2,1,0,0,1,350635
1034,0,0,0,0,0,0,0,1,0,0,0,350640
1035,6,6,2,0,0,3,4,8,13,3,4,350650
1036,1,0,0,0,0,0,0,0,0,1,1,350660
1037,0,0,0,1,4,0,0,0,0,0,0,350690
1038,0,0,1,1,0,0,0,0,0,0,0,350700
1039,0,0,0,0,1,0,0,0,0,1,0,350710
1040,0,0,0,0,0,0,0,0,0,1,0,350745
1041,0,3,15,20,29,9,24,12,2,2,3,350750
1042,1,0,1,1,0,2,0,0,6,7,3,350760
1043,0,0,0,0,0,0,1,0,0,0,0,350775
1044,0,0,0,2,0,1,0,0,0,1,3,350780
1045,0,0,0,1,0,1,0,0,0,0,0,350790
1046,2,0,0,0,0,0,2,0,0,0,0,350810
1047,0,0,0,0,0,0,1,0,0,0,0,350820
1048,1,1,1,0,0,0,1,0,0,0,0,350840
1049,0,0,0,1,2,0,0,1,0,0,3,350850
1050,3,0,0,0,0,0,0,0,1,0,1,350860
1051,1,3,1,1,0,0,0,1,3,1,0,350870
1052,0,0,0,0,5,0,0,0,0,0,0,350880
1053,2,0,0,0,0,1,0,0,0,0,0,350890
1054,0,0,0,0,0,0,0,0,3,10,10,350900
1055,0,0,0,0,0,0,0,1,1,0,1,350910
1056,0,0,0,0,0,0,0,2,0,0,2,350920
1057,0,0,0,0,0,0,0,1,2,2,2,350925
1058,0,0,3,1,3,1,0,0,0,0,0,350940
1059,0,1,0,0,0,0,0,0,0,0,0,350945
1060,10,8,6,7,13,4,8,6,13,9,13,350950
1061,0,5,0,0,0,0,0,0,1,1,0,350960
1062,3,0,0,1,1,1,0,0,0,0,0,350970
1063,0,0,1,0,0,0,0,0,0,0,0,350990
1064,0,0,0,0,0,0,0,0,1,0,0,351000
1065,0,0,1,0,0,0,0,0,0,0,0,351020
1066,0,0,0,0,0,2,0,0,0,0,0,351030
1067,0,0,0,0,0,0,1,0,0,1,0,351040
1068,1,2,0,2,2,0,0,0,1,1,0,351050
1069,0,4,1,3,3,3,1,2,30,38,29,351060
1070,0,0,0,0,1,0,0,0,0,0,0,351070
1071,0,0,0,0,1,0,0,0,0,0,0,351080
1072,1,0,0,0,0,0,0,0,0,0,0,351090
1073,0,1,0,0,0,0,0,0,0,0,0,351100
1074,6,6,12,6,7,3,6,5,10,7,4,351110
1075,1,0,0,0,0,1,0,0,0,0,0,351120
1076,0,0,0,0,0,0,0,0,0,0,3,351130
1077,0,0,0,0,0,0,1,0,0,0,0,351140
1078,0,1,0,0,0,2,0,0,0,0,0,351150
1079,0,0,0,0,0,0,0,0,0,0,1,351160
1080,0,0,0,0,2,5,1,0,0,0,0,355720
1081,0,0,0,3,0,0,0,0,0,1,0,351230
1082,0,2,0,0,0,0,1,0,0,0,0,351240
1083,0,0,0,0,0,5,0,0,0,0,0,351260
1084,0,0,2,0,0,0,0,0,0,0,0,351280
1085,0,0,0,0,0,0,0,0,0,0,1,351290
1086,2,1,0,1,0,2,3,1,37,55,74,351300
1087,0,0,0,2,3,0,1,0,0,2,0,351310
1088,1,2,0,0,0,0,0,0,0,1,1,351340
1089,0,0,0,0,0,0,0,0,1,0,2,351350
1090,0,0,0,0,0,0,0,1,1,0,2,351360
1091,7,4,3,4,5,0,1,0,8,10,19,351380
1092,0,0,0,0,0,0,0,1,0,0,0,351390
1093,0,0,0,0,9,2,0,0,1,0,0,351400
1094,0,0,0,0,0,1,0,0,0,0,0,351410
1095,0,0,0,1,0,0,0,0,0,0,0,351420
1096,0,0,1,0,0,0,1,0,0,0,0,351430
1097,4,6,4,5,4,5,13,32,5,2,7,351440
1098,1,0,1,0,0,0,0,0,0,0,0,351450
1099,0,0,0,0,0,0,0,0,0,0,1,351480
1100,0,0,0,5,2,1,2,3,2,16,51,351500
1101,1,1,1,0,4,21,73,44,4,1,22,351510
1102,1,0,0,0,0,0,1,1,3,8,3,351518
1103,0,0,0,1,0,0,0,0,0,0,0,351519
1104,0,0,0,0,1,0,1,0,0,0,0,355730
1105,0,0,0,0,3,2,0,1,0,1,0,351535
1106,0,0,0,0,1,3,0,0,2,0,0,351540
1107,0,0,1,0,5,3,0,1,0,0,0,351560
1108,3,0,0,2,4,1,0,2,8,3,2,351550
1109,1,2,2,4,0,0,0,1,0,0,2,351570
1110,0,0,0,0,0,0,0,0,1,0,1,351610
1111,1,5,12,8,10,1,2,5,14,6,12,351620
1112,1,1,0,0,1,0,1,0,6,13,15,351630
1113,0,1,0,0,1,2,0,1,11,11,11,351640
1114,0,0,0,0,0,0,0,1,0,0,0,351650
1115,0,0,0,3,4,0,0,0,0,0,0,351660
1116,0,0,0,0,0,0,0,0,0,0,1,351670
1117,0,0,0,0,1,0,0,0,0,0,0,351690
1118,0,0,0,0,0,0,0,0,1,0,0,351720
1119,0,0,0,0,0,0,0,0,1,0,0,351730
1120,0,0,0,1,0,1,0,1,0,0,0,351740
1121,0,0,0,1,0,0,3,4,1,0,1,351750
1122,0,0,0,2,1,0,0,0,0,0,0,351770
1123,0,0,0,0,0,0,0,0,1,0,0,351780
1124,0,0,0,1,2,1,1,2,1,0,1,351820
1125,0,0,0,0,0,0,0,0,1,0,7,351830
1126,5,0,1,2,0,1,1,1,5,3,7,351840
1127,0,0,0,0,0,0,0,0,0,1,0,351860
1128,3,3,1,1,0,0,2,0,2,5,0,351870
1129,11,8,6,7,11,8,7,11,26,42,57,351880
1130,0,0,1,0,0,0,0,0,0,0,0,351890
1131,0,1,0,1,1,1,3,2,2,3,5,351907
1132,0,0,0,0,2,0,0,0,0,0,0,351920
1133,0,0,1,0,0,0,0,0,0,0,0,351930
1134,0,0,0,0,1,0,0,0,0,0,0,351940
1135,0,3,2,2,0,3,0,0,7,1,0,351960
1136,0,0,2,0,0,0,1,1,9,14,12,351970
1137,0,1,0,0,0,0,1,0,0,0,0,351980
1138,0,0,0,0,0,0,3,2,1,0,0,352000
1139,0,0,1,0,0,0,0,0,0,0,0,352030
1140,0,0,0,0,0,1,0,0,0,0,0,352044
1141,0,0,0,0,1,0,0,0,0,2,2,352050
1142,0,0,0,0,0,1,0,0,1,0,1,352060
1143,0,0,0,0,0,0,1,0,0,0,0,352080
1144,0,3,0,1,0,0,0,0,0,0,0,352130
1145,0,0,0,0,0,0,0,2,1,0,1,352140
1146,0,0,0,1,0,0,0,0,0,0,0,352150
1147,0,0,0,1,0,0,0,0,1,3,3,352160
1148,0,0,1,0,0,0,1,0,1,0,2,352180
1149,0,0,0,0,1,0,0,0,1,1,0,352190
1150,1,0,0,0,0,0,1,0,0,0,0,352210
1151,0,0,1,0,1,1,1,0,22,27,21,352220
1152,2,1,0,1,6,1,5,0,1,3,1,352230
1153,5,0,0,0,0,0,0,0,1,0,0,352240
1154,2,2,2,1,1,0,1,1,15,21,16,352250
1155,0,0,3,0,0,0,0,0,1,0,1,352260
1156,0,0,1,0,1,0,1,0,1,1,2,352270
1157,0,0,0,1,0,0,0,0,0,0,0,352280
1158,4,2,8,3,4,1,2,4,15,22,19,352310
1159,0,0,1,0,0,0,0,1,1,0,0,352320
1160,3,2,0,2,6,6,4,5,2,4,4,352340
1161,0,0,1,0,0,0,0,0,0,1,0,352350
1162,0,0,1,0,0,2,3,0,0,1,0,352390
1163,0,0,3,0,0,0,0,0,0,1,11,352400
1164,1,0,9,11,5,1,2,1,0,2,0,352410
1165,0,0,2,0,6,4,5,2,1,1,0,352430
1166,1,4,1,0,1,1,0,0,1,2,8,352440
1167,1,0,0,0,1,0,0,0,2,0,0,352450
1168,1,0,0,0,0,0,0,0,0,0,0,352460
1169,1,0,1,0,0,0,0,0,0,0,0,352470
1170,1,0,0,1,0,1,3,1,0,2,1,352480
1171,3,0,2,1,1,1,0,1,2,6,12,352500
1172,0,0,1,0,0,1,0,0,3,0,1,352510
1173,0,0,0,0,0,0,0,0,0,0,1,352520
1174,0,3,2,5,14,3,4,3,1,3,2,352530
1175,1,0,0,0,0,0,0,0,0,0,0,352540
1176,0,0,0,1,1,1,0,2,0,0,0,352570
1177,0,5,5,2,4,2,3,3,6,6,12,352590
1178,0,0,0,0,0,0,0,0,1,0,0,352610
1179,4,0,2,0,0,0,0,0,0,0,0,352620
1180,0,1,0,2,0,0,2,3,1,0,0,352640
1181,0,0,0,1,0,0,0,0,0,0,0,352650
1182,0,0,0,0,0,0,0,0,0,0,1,352660
1183,0,1,0,0,0,0,0,1,0,0,0,352670
1184,0,4,0,2,0,2,0,2,0,1,1,352680
1185,1,4,2,0,0,0,0,0,1,1,2,352690
1186,0,0,0,2,0,4,1,1,1,0,2,352710
1187,1,0,0,1,0,0,0,2,0,5,17,352720
1188,0,0,0,0,0,1,0,1,0,0,0,352730
1189,0,0,0,0,0,0,1,0,1,0,0,352740
1190,0,3,4,0,0,0,1,0,0,0,0,352760
1191,0,0,0,0,0,1,1,0,0,0,0,352800
1192,0,0,0,0,0,0,0,0,0,1,0,352810
1193,1,1,0,0,0,0,0,0,1,0,0,352820
1194,1,0,0,0,1,1,0,0,0,3,8,352840
1195,0,0,1,1,0,0,0,2,0,1,0,352850
1196,0,0,0,0,0,8,0,0,0,0,1,352860
1197,0,0,1,0,0,0,0,0,0,0,0,352870
1198,0,0,0,2,9,4,7,6,2,4,1,352900
1199,0,1,0,2,2,0,1,0,0,0,0,352920
1200,0,2,1,3,0,0,0,0,0,0,1,352930
1201,1,1,2,5,0,2,1,1,19,22,27,352940
1202,0,0,0,0,0,0,0,0,0,0,4,352950
1203,0,0,0,0,1,0,0,0,0,0,0,352970
1204,0,0,0,0,0,1,0,0,0,0,3,352980
1205,0,0,0,2,1,0,0,0,0,2,1,353010
1206,0,0,0,0,0,4,1,1,0,0,0,353020
1207,0,0,0,2,3,0,0,4,0,0,1,353030
1208,0,0,5,1,1,5,4,1,4,2,2,353050
1209,6,5,8,9,2,4,3,2,4,9,13,353060
1210,1,1,0,0,0,1,1,2,2,3,4,353070
1211,14,0,1,1,2,1,3,0,14,18,23,353080
1212,0,0,0,0,1,1,0,0,11,7,2,353110
1213,0,0,0,0,0,0,1,0,0,0,0,353120
1214,0,0,0,1,0,0,1,1,1,4,3,353130
1215,0,0,0,0,1,5,2,1,0,0,1,353140
1216,0,0,0,0,0,0,0,1,0,0,0,353150
1217,0,0,0,0,0,0,0,0,0,0,2,353180
1218,0,2,0,0,0,1,2,0,0,0,1,353190
1219,0,0,0,0,0,0,1,0,0,0,0,353200
1220,0,0,0,0,0,0,0,0,0,1,0,353210
1221,0,2,1,0,0,0,0,0,0,0,0,353220
1222,2,0,1,0,0,0,0,0,0,0,0,353282
1223,0,0,0,0,0,0,0,0,0,0,2,353300
1224,0,0,0,0,0,0,0,0,2,0,0,353310
1225,1,0,0,1,0,0,1,2,0,0,0,353340
1226,0,1,1,1,1,1,7,2,0,0,0,353350
1227,0,0,0,0,0,0,0,1,3,0,0,353360
1228,0,0,0,0,0,0,0,0,0,0,1,353380
1229,0,0,2,1,4,4,4,4,0,0,0,353390
1230,0,0,0,0,0,0,0,0,1,0,0,353410
1231,0,0,0,1,0,0,0,0,0,0,0,353420
1232,3,3,1,1,3,1,0,1,0,6,6,353430
1233,5,8,4,3,5,6,8,5,40,67,82,353440
1234,0,0,0,0,0,0,0,0,1,0,1,353460
1235,0,0,1,2,1,7,1,1,0,0,0,353470
1236,1,0,0,0,0,1,4,6,2,1,0,353480
1237,0,1,0,0,0,0,0,0,0,0,0,353475
1238,0,0,3,0,0,0,0,0,1,0,1,353490
1239,0,0,0,0,0,1,0,0,0,0,0,353500
1240,0,0,0,0,0,0,1,0,0,1,1,353510
1241,0,0,0,0,0,0,0,1,1,0,0,353530
1242,0,0,0,1,1,2,0,0,0,0,0,353540
1243,0,0,0,0,0,0,0,1,0,4,4,353550
1244,0,0,0,0,0,0,0,0,0,1,0,353580
1245,0,0,0,1,0,0,0,0,1,0,0,353620
1246,0,0,0,0,0,0,0,1,0,0,0,353630
1247,1,0,0,0,0,0,0,0,0,0,0,353640
1248,1,2,4,2,0,0,2,0,0,0,1,353650
1249,1,0,1,0,0,1,0,0,0,1,0,353670
1250,0,0,0,0,0,0,0,0,0,0,2,353700
1251,0,1,0,0,1,0,1,0,0,0,1,353710
1252,0,0,0,0,0,0,0,0,0,0,1,353720
1253,1,0,0,0,1,2,5,0,0,0,0,353730
1254,1,0,0,0,0,2,0,1,0,0,0,353740
1255,0,0,0,1,0,1,0,0,0,0,0,353750
1256,0,0,0,2,0,0,0,0,0,0,0,353760
1257,0,1,0,0,0,0,0,0,0,1,1,353770
1258,0,0,0,0,0,0,0,0,0,1,0,353780
1259,2,7,2,1,1,0,0,0,1,1,2,353800
1260,0,0,1,3,0,0,1,1,0,0,0,353810
1261,0,0,0,0,0,0,0,0,0,1,0,353860
1262,1,1,1,2,3,4,4,8,15,15,10,353870
1263,0,0,0,0,1,1,1,1,0,0,0,353880
1264,0,0,1,1,0,1,1,0,0,0,0,353900
1265,0,0,0,0,1,0,0,0,0,0,0,353910
1266,0,1,0,1,1,0,0,1,0,0,0,353920
1267,0,1,0,0,0,0,1,0,0,0,6,353930
1268,0,0,0,0,0,0,0,0,0,0,6,353950
1269,1,2,1,0,1,0,0,0,0,0,7,353980
1270,0,0,0,0,0,0,0,1,0,0,0,353990
1271,0,0,0,0,0,0,0,1,0,0,0,354000
1272,0,1,0,0,0,0,0,0,0,0,0,354020
1273,0,0,0,0,0,0,0,1,0,0,0,354050
1274,0,0,0,0,1,0,0,0,0,1,0,354060
1275,3,0,0,0,0,2,0,1,0,0,1,354070
1276,0,0,0,1,0,0,0,1,0,0,1,354080
1277,0,0,0,0,0,0,0,0,1,0,0,354090
1278,0,2,0,1,1,1,0,2,10,9,12,354100
1279,0,0,0,0,0,0,1,0,0,1,0,354105
1280,0,0,0,0,1,1,0,0,0,0,0,354120
1281,0,0,0,5,0,0,1,2,0,0,2,354130
1282,7,16,7,5,9,11,5,6,3,12,4,354140
1283,0,0,0,0,1,2,2,4,4,5,4,354150
1284,1,0,1,0,0,0,1,0,4,1,0,354160
1285,0,0,0,0,0,0,0,1,0,0,0,354170
1286,0,0,0,0,1,0,0,0,0,0,0,354230
1287,0,0,0,2,5,1,0,0,0,0,1,354240
1288,1,0,1,1,0,0,2,0,0,0,0,354260
1289,0,0,0,0,0,0,1,0,0,0,0,354270
1290,0,0,0,0,0,0,0,1,0,0,0,354290
1291,0,0,0,0,0,2,0,0,0,0,0,354300
1292,0,1,0,0,1,0,0,0,0,2,5,354330
1293,16,31,22,25,43,51,23,18,26,9,13,354340
1294,0,0,0,0,0,0,0,0,0,1,0,354380
1295,0,0,1,0,3,0,0,1,0,0,3,354390
1296,1,0,0,0,0,0,0,0,0,0,0,354400
1297,0,0,0,0,0,0,0,0,5,1,0,354410
1298,0,0,0,0,0,1,0,0,0,0,0,354420
1299,0,0,0,0,0,0,0,0,0,1,0,354350
1300,1,0,0,1,0,0,0,0,0,0,0,354425
1301,0,0,0,0,0,0,0,1,0,0,0,354460
1302,0,0,0,0,0,0,1,0,0,1,1,354500
1303,0,0,1,0,0,0,0,0,0,1,0,354520
1304,0,0,0,0,0,0,1,0,2,0,0,354530
1305,0,1,0,0,0,3,0,0,0,3,0,354560
1306,1,1,3,0,0,0,2,0,0,1,0,354580
1307,0,0,1,0,0,0,0,0,0,0,0,354630
1308,0,0,0,0,0,0,2,0,0,0,0,354640
1309,0,0,1,0,0,0,0,0,0,0,0,354670
1310,2,1,0,1,0,1,0,0,0,0,1,354680
1311,0,1,1,1,3,1,5,0,1,1,0,354750
1312,0,1,0,0,0,0,0,0,0,0,0,354760
1313,0,0,0,1,0,1,1,0,0,1,6,354730
1314,0,1,1,0,1,0,0,0,0,0,0,354770
1315,3,2,7,7,2,3,1,13,35,53,60,354780
1316,0,0,0,0,0,0,0,0,0,2,0,354790
1317,0,0,0,0,0,0,0,0,0,0,1,354805
1318,0,0,0,0,0,0,1,0,10,9,11,354810
1319,0,1,0,0,0,0,0,0,0,0,0,354840
1320,1,6,2,7,7,1,4,1,10,21,12,354850
1321,0,0,0,0,2,2,1,1,0,0,0,354860
1322,7,12,6,6,6,4,6,10,7,26,20,354870
1323,0,0,2,1,0,0,5,3,24,26,21,354880
1324,7,7,4,4,4,7,5,7,2,3,1,354890
1325,0,0,0,0,0,1,0,0,2,0,0,354900
1326,1,1,4,1,6,2,1,2,2,4,0,354910
1327,0,0,0,1,0,3,1,2,2,2,0,354940
1328,0,0,0,0,0,0,0,0,0,0,1,354950
1329,0,0,0,0,0,0,0,0,0,0,1,354960
1330,0,0,0,0,0,0,0,0,1,9,23,354970
1331,0,6,6,13,18,11,7,6,9,12,4,354980
1332,3,2,0,2,5,7,6,8,8,10,14,354990
1333,0,0,0,0,0,0,0,0,0,0,6,354995
1334,1,0,0,0,0,0,0,0,0,0,0,355000
1335,0,0,0,2,4,3,2,1,0,0,0,355010
1336,0,0,0,0,1,3,0,0,0,1,0,355020
1337,184,172,120,137,121,81,89,59,638,925,1053,355030
1338,1,1,0,1,3,0,0,0,1,0,0,355040
1339,0,0,0,0,0,0,1,1,0,2,1,355060
1340,0,0,0,1,1,0,0,0,0,0,0,355070
1341,0,1,0,0,3,0,0,0,0,0,0,355090
1342,1,0,1,2,4,3,5,3,2,2,1,355100
1343,0,0,0,0,0,0,0,0,0,1,0,355110
1344,0,0,0,0,0,0,0,0,0,0,1,355130
1345,0,0,0,0,0,0,1,1,0,0,0,355140
1346,0,0,0,1,1,0,0,0,0,0,0,355160
1347,0,0,0,0,1,1,0,4,1,1,2,355150
1348,1,3,1,2,5,11,3,7,4,4,3,355170
1349,0,0,0,0,0,0,0,0,0,0,1,355210
1350,3,1,2,0,0,0,2,0,1,1,3,355220
1351,3,4,1,0,2,1,1,2,1,1,5,355240
1352,1,5,4,1,1,2,5,0,28,30,30,355250
1353,0,0,0,0,0,0,0,2,0,1,3,355260
1354,0,0,1,0,0,0,0,2,2,4,4,355270
1355,5,7,4,4,2,1,2,0,23,40,50,355280
1356,0,0,0,0,0,0,0,0,0,0,1,355300
1357,1,0,0,0,0,0,0,0,0,0,0,355320
1358,1,0,1,0,0,0,0,0,2,1,0,355340
1359,2,4,4,3,0,2,2,0,0,1,1,355370
1360,0,2,0,0,1,0,0,1,0,0,0,355380
1361,0,0,1,0,0,0,0,0,0,0,0,355390
1362,0,0,0,0,0,0,0,1,0,0,0,355395
1363,2,0,1,1,4,0,0,0,0,0,0,355400
1364,4,9,8,1,4,2,2,13,2,0,5,355410
1365,0,0,0,0,1,0,0,0,0,0,0,355420
1366,2,0,0,0,0,0,0,0,0,0,0,355430
1367,0,0,0,0,4,0,0,0,0,0,1,355450
1368,4,1,2,0,0,0,1,0,0,0,0,355480
1369,2,0,1,2,3,1,0,1,1,1,0,355500
1370,0,0,0,0,0,0,0,0,0,1,0,355510
1371,0,0,1,1,0,0,0,2,3,1,0,355540
1372,0,0,0,2,0,0,1,0,0,0,0,355560
1373,0,0,0,0,0,0,1,2,0,1,0,355600
1374,0,0,0,1,2,3,1,1,0,1,1,355620
1375,1,1,0,0,0,0,1,1,1,3,0,355630
1376,0,0,0,0,0,1,0,0,0,0,0,355635
1377,0,0,0,1,1,0,0,0,0,1,0,355640
1378,0,0,0,1,0,1,0,0,11,10,10,355645
1379,0,1,0,1,0,0,2,0,0,0,0,355650
1380,0,1,3,1,2,0,1,0,0,0,0,355660
1381,4,0,0,0,0,1,0,0,0,1,2,355670
1382,0,0,0,0,0,1,0,0,0,0,0,355680
1383,2,0,0,0,0,0,0,0,2,1,6,355700
1384,0,0,1,2,1,1,7,0,1,1,1,355710
1385,0,0,0,0,0,0,1,0,0,0,0,410010
1386,0,0,0,0,0,0,0,1,0,0,0,410020
1387,0,1,2,0,2,6,6,1,2,3,5,410040
1388,0,0,0,0,0,0,0,0,0,1,0,410060
1389,0,1,1,0,1,0,0,0,0,0,0,410050
1390,0,0,0,0,0,0,1,0,0,0,0,410110
1391,0,0,0,0,0,0,0,0,0,0,1,410115
1392,0,0,0,1,0,0,0,0,0,0,0,410130
1393,0,1,2,5,2,0,2,1,1,2,5,410140
1394,1,1,0,0,0,1,2,0,0,0,3,410150
1395,0,0,0,0,0,0,1,1,0,0,2,410160
1396,0,0,2,2,2,1,3,1,1,1,1,410180
1397,0,0,0,1,0,0,0,0,0,0,0,410190
1398,0,0,0,0,0,1,0,2,0,0,1,410200
1399,0,0,0,1,0,0,0,0,0,0,0,410210
1400,0,0,1,0,0,0,0,0,0,0,0,410230
1401,0,0,0,0,0,1,0,0,0,0,0,410280
1402,0,0,0,0,0,0,1,0,0,0,1,410290
1403,0,0,0,0,0,0,2,4,2,0,0,410300
1404,0,1,2,2,2,0,0,0,0,0,0,410304
1405,0,0,0,0,0,0,0,4,0,0,0,410322
1406,0,0,0,1,0,0,0,0,0,0,0,410330
1407,0,0,0,0,0,0,0,0,1,0,1,410345
1408,0,1,0,1,0,0,0,0,0,0,0,410350
1409,0,0,0,1,0,1,0,0,0,0,0,410360
1410,0,0,1,0,2,0,0,4,1,1,1,410370
1411,0,0,2,0,0,0,0,0,0,0,0,410380
1412,0,0,0,0,0,0,0,0,0,0,1,410395
1413,0,0,5,4,2,2,3,0,0,0,0,410400
1414,3,1,2,3,1,2,3,3,2,2,4,410420
1415,0,0,0,1,1,0,0,2,0,5,6,410425
1416,3,1,0,1,0,0,0,0,0,0,0,410430
1417,0,0,0,0,0,0,1,0,0,0,0,410440
1418,0,1,1,0,1,1,0,1,0,0,0,410445
1419,0,0,0,0,0,0,1,0,0,0,0,410460
1420,0,0,0,0,0,0,0,1,1,1,1,410465
1421,0,0,0,1,0,0,0,0,0,0,0,410470
1422,0,1,1,3,0,7,6,3,1,7,6,410480
1423,0,1,3,2,4,0,2,3,2,3,1,410490
1424,0,0,0,0,0,0,1,0,0,0,1,410520
1425,0,0,0,0,0,0,0,0,0,1,0,410530
1426,1,1,0,0,1,1,0,2,1,0,0,410550
1427,1,0,0,0,0,0,0,0,0,0,0,410570
1428,3,7,4,10,8,8,3,3,1,1,3,410580
1429,0,0,0,0,0,1,0,0,0,0,0,410610
1430,0,0,0,0,0,0,0,0,1,0,0,410620
1431,13,4,1,0,2,1,0,0,0,0,3,410640
1432,0,0,0,1,0,0,0,0,0,0,0,410650
1433,1,0,0,1,0,0,0,0,2,0,1,410660
1434,25,38,34,46,45,63,39,27,22,52,48,410690
1435,0,0,0,0,0,2,0,0,0,0,0,410700
1436,0,0,0,0,0,0,0,0,1,0,0,410725
1437,0,0,0,0,0,1,0,0,0,0,0,410740
1438,0,0,0,0,0,0,0,1,0,0,0,410760
1439,0,0,0,1,0,1,1,0,0,2,3,410765
1440,0,0,1,2,0,0,0,0,0,0,0,410775
1441,0,0,0,0,1,0,0,0,0,0,0,410790
1442,0,1,0,0,0,0,0,0,0,0,0,410810
1443,1,0,0,0,0,0,0,0,0,0,0,410820
1444,2,1,0,4,9,7,4,1,7,10,1,410830
1445,0,0,0,0,0,0,0,0,0,0,1,410840
1446,0,1,0,0,0,0,0,0,0,0,0,410855
1447,0,0,0,0,0,1,0,2,1,1,0,410860
1448,0,0,0,1,0,0,0,0,0,0,0,410865
1449,0,1,0,1,0,0,0,1,0,0,2,410880
1450,0,0,0,0,0,0,0,0,2,0,2,410895
1451,0,0,0,1,0,0,0,0,0,0,0,410900
1452,0,0,0,1,2,3,2,1,0,0,0,410930
1453,10,11,7,6,3,6,11,8,12,11,11,410940
1454,1,0,0,0,0,0,0,0,1,2,1,410960
1455,1,0,0,2,1,0,0,1,2,1,0,410970
1456,0,0,0,1,1,0,0,2,1,0,0,410980
1457,0,0,0,0,0,0,0,0,1,0,0,410990
1458,0,0,0,0,0,0,0,1,1,0,2,411007
1459,0,0,0,1,0,0,0,0,0,0,0,411010
1460,0,0,0,0,0,0,2,0,3,1,1,411050
1461,0,0,4,0,1,1,1,0,0,0,4,411070
1462,0,0,0,1,1,0,1,0,2,0,3,411095
1463,0,0,0,1,0,0,0,0,0,0,0,411100
1464,0,0,0,0,0,0,0,1,1,0,1,411125
1465,0,0,1,0,0,0,0,1,0,0,0,411140
1466,0,0,0,0,0,1,0,0,0,0,0,411150
1467,0,0,0,1,1,1,0,2,0,0,2,411180
1468,0,1,0,0,1,1,2,0,0,0,0,411190
1469,1,0,0,0,1,0,0,0,0,1,0,411200
1470,0,0,1,0,0,0,0,0,0,0,3,411210
1471,0,0,0,1,0,1,0,0,0,0,0,411270
1472,0,0,1,0,0,0,0,0,0,0,0,411280
1473,1,2,1,0,0,0,0,0,0,0,0,411300
1474,0,3,0,1,0,1,0,0,2,1,1,411320
1475,2,0,1,0,0,0,0,0,0,0,0,411330
1476,0,0,0,0,0,0,0,1,0,0,0,411340
1477,3,5,5,11,10,11,8,10,9,7,19,411370
1478,0,0,0,4,0,4,0,0,0,0,0,411420
1479,0,0,0,0,0,1,0,0,0,0,0,411430
1480,1,0,0,0,0,0,0,0,0,0,1,411440
1481,0,0,0,0,1,0,0,0,0,0,0,411460
1482,1,0,0,0,0,0,0,2,3,1,0,411470
1483,0,0,0,0,1,0,0,0,0,0,0,411490
1484,0,0,0,0,0,0,0,1,0,0,0,411510
1485,2,11,12,2,1,2,1,1,2,5,2,411520
1486,0,0,0,0,0,0,0,0,1,0,0,411530
1487,0,0,0,0,0,0,0,1,0,0,0,411545
1488,0,0,0,0,0,0,0,1,0,0,1,411550
1489,0,0,0,0,0,0,0,0,0,0,1,411560
1490,0,0,1,0,0,0,0,4,2,1,2,411570
1491,0,0,0,0,0,0,0,0,0,1,0,411575
1492,0,0,0,0,0,0,0,0,0,1,0,411580
1493,0,0,0,2,1,0,0,0,0,1,0,411610
1494,0,0,0,0,0,0,0,0,0,1,0,411620
1495,1,0,1,0,0,0,0,0,0,0,0,411650
1496,0,0,0,0,0,0,0,0,0,0,1,411660
1497,0,0,1,0,0,0,0,0,0,0,1,411700
1498,0,0,0,0,0,0,0,0,1,0,0,411710
1499,0,0,0,0,0,0,0,0,0,0,1,411722
1500,0,0,1,0,1,0,0,0,0,0,3,411730
1501,0,0,0,0,0,0,1,0,0,0,0,411750
1502,0,0,0,0,0,1,3,6,4,0,0,411760
1503,2,6,6,1,1,1,2,0,0,0,6,411770
1504,0,0,0,0,1,0,0,0,0,0,0,411780
1505,0,1,0,0,0,0,0,0,0,0,0,411810
1506,4,2,0,1,3,2,0,1,2,1,0,411820
1507,1,2,0,1,2,1,1,2,1,2,5,411840
1508,0,0,0,3,1,4,1,1,3,3,4,411850
1509,1,0,0,0,0,0,0,0,0,0,0,411860
1510,0,0,0,0,1,0,0,0,0,0,0,411880
1511,0,2,1,1,2,0,1,3,4,7,7,411915
1512,0,0,0,0,0,0,0,0,0,0,1,411920
1513,1,1,0,0,1,1,0,0,0,0,2,411930
1514,0,0,0,0,1,0,0,1,0,0,1,411940
1515,2,4,6,3,1,1,1,2,1,0,3,411950
1516,0,0,0,1,1,0,0,0,0,0,1,411960
1517,9,5,7,8,9,15,19,24,21,11,22,411990
1518,0,1,0,1,0,0,0,0,1,0,4,411995
1519,0,0,0,0,0,0,1,0,0,0,0,412000
1520,0,1,2,0,2,1,0,0,2,0,1,412015
1521,0,0,0,0,0,0,1,0,0,0,0,412030
1522,0,0,0,0,0,1,0,0,0,1,2,412060
1523,0,1,3,2,3,0,0,0,0,0,1,412080
1524,0,0,0,0,0,0,1,0,0,0,0,412090
1525,0,0,1,0,0,1,0,0,0,0,0,412110
1526,1,0,1,0,1,1,0,0,0,0,0,412120
1527,0,1,0,0,0,0,0,0,0,0,0,412130
1528,0,0,0,0,1,1,0,0,0,0,0,412150
1529,0,0,0,0,0,1,0,2,1,0,1,412170
1530,0,0,0,0,0,0,0,1,0,0,0,412175
1531,0,0,0,0,1,0,0,0,1,0,0,412180
1532,0,0,0,1,0,0,0,0,0,0,0,412190
1533,0,1,0,0,0,0,0,0,0,0,0,412200
1534,0,0,0,0,0,0,0,0,1,0,0,412210
1535,0,0,0,0,0,0,0,1,0,0,0,412215
1536,0,0,1,0,0,0,0,0,0,0,0,412220
1537,1,0,0,0,0,0,2,0,0,0,0,412230
1538,0,0,0,1,1,1,0,1,1,2,1,412240
1539,0,0,0,0,2,1,0,0,0,0,0,412250
1540,0,0,2,0,0,1,0,0,0,0,0,412280
1541,0,0,0,0,0,0,0,0,0,1,0,412300
1542,0,0,0,0,0,0,0,0,0,0,1,412330
1543,0,0,0,0,0,0,1,0,0,0,0,412350
1544,0,1,0,0,0,0,0,0,0,0,0,412370
1545,0,0,0,0,2,0,0,0,0,0,0,412390
1546,0,1,0,0,1,0,0,2,0,0,1,412410
1547,0,0,0,0,0,0,1,0,0,0,0,412420
1548,0,0,0,0,0,0,0,1,0,0,0,412440
1549,0,0,0,0,0,0,0,0,0,1,0,412470
1550,0,0,0,1,0,0,0,1,1,0,0,412500
1551,0,0,0,0,0,0,0,0,0,0,1,412510
1552,0,0,0,0,0,0,0,0,0,0,1,412520
1553,0,0,0,0,0,0,0,1,0,0,1,412540
1554,0,2,3,3,3,1,2,1,2,3,6,412550
1555,1,3,1,0,2,1,2,0,1,0,0,412560
1556,0,0,0,0,0,0,0,0,0,0,1,412575
1557,0,0,0,0,0,1,0,0,0,0,0,412580
1558,0,0,0,0,0,0,0,1,0,0,0,412600
1559,0,0,0,0,0,0,0,0,0,1,0,412610
1560,0,0,0,0,0,0,0,0,0,1,0,412620
1561,1,6,2,0,0,0,2,5,1,6,4,412625
1562,0,0,0,0,0,0,1,3,0,0,1,412630
1563,0,0,1,0,0,0,0,0,0,0,0,412650
1564,0,0,1,0,0,0,0,0,0,0,0,412660
1565,0,0,2,0,0,0,0,0,0,0,0,412670
1566,0,0,0,0,0,0,0,0,0,1,2,412680
1567,0,0,0,0,0,0,0,0,0,1,0,412700
1568,0,1,1,1,0,0,3,2,1,2,9,412710
1569,1,2,1,0,0,0,0,0,1,0,0,412720
1570,0,0,0,0,0,0,0,0,0,2,0,412730
1571,0,0,1,2,0,1,0,0,0,0,0,412750
1572,1,0,0,0,0,0,0,0,0,1,0,412760
1573,4,3,3,2,5,2,7,1,0,0,0,412770
1574,0,1,0,0,0,0,0,0,0,0,0,412785
1575,0,0,0,0,0,0,0,0,0,2,0,412796
1576,0,0,1,0,0,0,0,1,0,1,0,412800
1577,3,1,2,3,1,0,1,2,1,2,2,412810
1578,0,3,8,5,5,2,4,5,1,3,3,412820
1579,2,0,0,0,0,0,0,0,0,0,0,412840
1580,0,0,0,0,1,0,0,0,0,0,1,412860
1581,0,0,0,0,0,0,0,0,0,1,5,412870
1582,0,0,0,0,1,0,0,0,0,0,0,412880
1583,1,0,0,0,0,0,0,0,0,0,0,420005
1584,0,0,0,0,0,0,1,0,0,0,0,420010
1585,0,0,0,0,0,0,0,1,0,0,0,420020
1586,0,3,0,0,0,0,0,0,0,0,0,420050
1587,0,0,0,1,1,0,0,1,0,0,0,420055
1588,0,0,1,0,0,0,0,0,0,0,0,420070
1589,0,0,0,0,0,0,0,1,0,0,0,420090
1590,8,0,0,0,0,0,0,0,0,0,0,420100
1591,0,0,0,0,1,0,0,0,0,0,0,420110
1592,0,0,0,0,0,0,0,0,1,1,1,420120
1593,0,0,3,0,0,8,0,0,0,0,0,420125
1594,0,0,1,0,0,0,0,1,0,0,0,420130
1595,4,0,0,1,2,0,0,0,0,0,0,420140
1596,0,0,1,0,0,0,1,0,0,0,0,420150
1597,0,0,0,0,0,0,0,1,0,0,0,420165
1598,0,0,0,0,0,0,0,0,1,0,0,420195
1599,0,0,0,1,3,0,1,0,1,1,2,420200
1600,0,0,0,0,1,0,0,1,0,0,1,420207
1601,1,0,0,0,0,0,0,0,1,0,0,421280
1602,0,0,0,0,5,9,9,4,0,1,0,420210
1603,0,1,0,0,0,0,0,0,0,0,0,420213
1604,0,0,0,0,1,0,0,0,0,0,0,420215
1605,0,0,0,2,1,1,1,4,1,1,0,420230
1606,6,8,12,5,5,4,7,9,6,10,7,420240
1607,0,0,0,0,0,0,0,0,0,1,0,420245
1608,0,0,1,0,0,0,0,0,1,0,0,420270
1609,0,0,1,0,2,1,1,2,0,0,1,420280
1610,1,0,0,0,0,0,0,0,0,0,0,420285
1611,4,4,1,2,3,8,7,2,6,3,1,420290
1612,1,0,1,0,0,0,0,2,0,0,0,420300
1613,0,0,0,1,0,0,0,0,2,0,0,420310
1614,3,0,0,0,0,0,0,2,2,2,1,420320
1615,0,0,2,0,0,0,0,0,0,0,0,420330
1616,0,0,0,0,1,1,0,0,0,2,0,420340
1617,0,0,0,0,1,0,0,0,0,0,0,420360
1618,0,1,0,0,1,0,1,0,1,1,0,420380
1619,0,0,0,3,1,0,1,0,1,1,0,420395
1620,2,0,0,0,0,0,0,0,0,0,0,420415
1621,0,0,0,0,0,0,3,0,0,0,0,420417
1622,1,1,2,2,2,3,3,1,2,0,0,420420
1623,1,5,2,6,1,7,6,4,0,0,0,420425
1624,1,1,1,2,0,2,3,12,3,0,0,420430
1625,2,0,0,0,0,0,0,0,0,0,0,420440
1626,3,2,1,2,2,6,8,4,4,3,6,420460
1627,0,2,0,0,0,1,0,0,0,0,1,420470
1628,0,2,2,0,0,0,0,0,2,1,0,420480
1629,0,0,0,0,0,0,0,1,1,0,0,420500
1630,0,0,0,0,0,0,0,0,0,1,0,420530
1631,27,22,25,18,24,13,17,9,6,2,11,420540
1632,0,0,0,0,0,0,0,0,4,0,1,420545
1633,0,0,0,0,0,0,1,0,0,1,0,420550
1634,0,0,0,0,0,0,0,0,0,1,1,420580
1635,1,0,0,0,0,0,0,1,0,0,0,420590
1636,1,0,0,0,0,0,0,0,0,0,0,420600
1637,0,0,1,0,0,0,0,0,0,0,0,420610
1638,1,0,1,1,1,0,0,1,0,0,0,420630
1639,0,0,0,0,0,1,0,0,0,0,0,420640
1640,1,0,0,1,0,4,0,0,1,0,1,420650
1641,0,0,0,0,0,0,0,0,0,1,2,420670
1642,0,0,0,0,1,0,0,0,0,0,0,420690
1643,1,0,0,0,1,0,0,4,0,1,3,420700
1644,0,0,0,0,0,2,0,0,0,2,0,420710
1645,1,0,2,0,0,0,0,0,1,0,0,420720
1646,2,0,0,0,1,0,1,0,4,1,0,420730
1647,0,2,1,0,0,0,0,0,1,1,2,420750
1648,0,0,0,0,0,1,0,0,0,0,0,420780
1649,0,0,3,0,0,0,0,0,0,0,0,420790
1650,0,1,1,1,2,1,1,2,0,4,0,420810
1651,3,2,2,0,9,8,10,2,2,1,4,420820
1652,0,0,0,0,0,0,10,5,0,0,1,420830
1653,0,0,0,0,0,0,2,0,0,1,1,420840
1654,2,0,0,0,0,0,0,0,0,0,1,420845
1655,3,1,1,0,2,0,1,1,1,0,0,420850
1656,0,0,0,0,0,0,0,0,1,0,0,420870
1657,1,0,0,0,0,0,0,0,0,0,0,420880
1658,1,1,0,0,1,2,0,1,4,3,2,420890
1659,7,14,9,15,16,18,7,13,15,8,12,420910
1660,0,2,0,2,4,7,9,5,5,2,2,420930
1661,2,0,0,0,0,0,1,0,1,0,0,420940
1662,2,0,2,0,0,0,0,0,0,0,0,420950
1663,0,0,0,0,0,0,0,0,0,1,0,420960
1664,0,0,0,0,0,0,1,0,0,0,0,420970
1665,0,0,0,0,0,1,1,0,0,0,0,420990
1666,0,1,0,0,0,0,0,0,0,0,0,421000
1667,1,7,2,0,3,1,2,1,1,2,3,421010
1668,2,0,0,0,0,0,0,0,0,0,0,421020
1669,0,0,0,0,0,0,0,0,1,0,0,421050
1670,1,0,0,0,0,0,0,3,0,0,0,421080
1671,0,1,2,3,3,4,0,0,0,0,0,421100
1672,2,0,0,0,0,1,0,0,0,1,1,421120
1673,2,0,0,0,2,0,0,0,0,0,0,421130
1674,0,1,1,2,1,0,0,0,0,0,0,421150
1675,0,0,0,0,0,0,0,0,0,1,0,421160
1676,0,0,0,0,0,0,0,0,3,0,0,421170
1677,3,7,3,4,12,14,9,5,4,1,5,421190
1678,0,0,0,0,0,0,0,0,1,0,0,421200
1679,0,0,0,0,0,0,0,0,0,2,0,421210
1680,0,1,1,0,0,0,0,0,0,0,0,421220
1681,0,0,0,0,1,0,0,0,0,0,0,421225
1682,0,0,0,1,0,1,0,0,0,0,0,421250
1683,0,0,0,0,0,0,0,1,0,0,1,421265
1684,0,0,0,0,0,0,1,0,0,0,0,421270
1685,0,2,0,0,4,1,0,0,0,0,0,421320
1686,0,0,0,0,0,0,0,0,1,0,0,421330
1687,0,0,0,0,0,1,0,0,0,0,0,421340
1688,0,0,0,0,0,0,0,1,0,0,0,421350
1689,0,0,1,0,0,0,0,1,0,0,1,421360
1690,0,0,0,0,0,0,0,0,0,0,1,421370
1691,1,1,0,0,0,2,2,0,1,0,0,421380
1692,0,0,0,0,0,0,1,1,0,0,1,421400
1693,0,0,0,0,0,0,1,0,0,0,0,421420
1694,0,0,0,1,0,1,0,0,0,0,0,421450
1695,0,1,0,0,0,0,0,0,0,0,0,421460
1696,1,0,3,1,1,1,1,1,4,2,2,421480
1697,0,0,0,1,0,0,2,1,0,0,0,421470
1698,0,0,0,0,0,0,1,0,0,0,0,421490
1699,0,0,0,0,2,0,1,1,0,4,0,421500
1700,0,0,0,0,0,1,0,0,1,0,0,421507
1701,0,0,0,1,0,0,1,0,0,0,1,421530
1702,1,0,0,0,0,0,0,1,0,0,0,421545
1703,0,0,0,0,0,0,0,0,0,1,0,421550
1704,0,1,0,0,0,0,0,0,0,0,0,421567
1705,0,0,0,0,0,0,1,0,0,0,0,421568
1706,0,0,0,1,0,0,0,0,0,0,0,421569
1707,0,0,0,0,0,0,0,0,1,0,0,421570
1708,1,4,0,0,1,0,1,5,0,0,5,421580
1709,0,0,0,1,1,0,1,1,0,0,0,421590
1710,0,0,0,0,0,0,0,1,0,0,0,421600
1711,0,0,1,1,0,1,0,0,0,0,0,421620
1712,0,0,0,0,0,1,0,1,0,0,0,421630
1713,0,0,0,0,0,0,0,0,0,1,0,421635
1714,2,0,0,0,0,0,0,0,0,0,0,421625
1715,0,0,0,0,1,0,0,0,0,0,0,421650
1716,5,6,7,9,3,13,13,9,2,2,6,421660
1717,0,0,0,0,0,0,0,1,0,0,0,421690
1718,0,0,0,0,1,0,0,0,0,0,0,421700
1719,1,0,0,0,0,0,0,0,0,0,0,421710
1720,0,0,0,6,0,1,1,1,1,1,1,421720
1721,2,0,0,0,0,0,0,0,0,0,0,421730
1722,0,0,0,0,0,0,0,1,0,0,0,421755
1723,0,0,0,0,0,0,0,1,1,1,0,421770
1724,2,3,2,0,0,0,0,0,0,0,0,421780
1725,0,0,0,0,0,0,1,0,0,0,0,421790
1726,0,0,0,0,0,0,0,1,0,0,0,421795
1727,0,3,0,0,0,0,0,1,0,0,0,421800
1728,0,1,0,0,0,0,1,0,0,0,0,421820
1729,0,0,0,0,0,0,0,0,1,0,0,421825
1730,0,0,0,0,0,0,0,1,0,0,7,421830
1731,1,0,0,0,0,0,0,0,0,0,0,421860
1732,3,1,1,12,7,6,4,6,4,7,3,421870
1733,0,0,0,0,0,0,0,1,0,0,0,421875
1734,0,0,0,0,0,0,0,1,0,0,1,421880
1735,0,0,0,0,1,0,0,3,5,0,0,421890
1736,1,0,1,0,0,0,0,0,0,0,1,421900
1737,0,1,0,0,0,0,0,0,0,0,0,421930
1738,2,0,0,0,0,0,0,1,1,1,0,421950
1739,0,1,0,0,0,0,0,0,0,0,0,421960
1740,0,1,1,0,1,0,0,0,0,0,1,421970
1741,0,1,1,0,0,0,0,0,0,0,0,430030
1742,2,3,0,0,0,0,0,0,0,0,0,430040
1743,0,0,0,0,1,0,0,0,0,0,0,430047
1744,0,0,0,0,0,0,2,1,0,0,0,430050
1745,1,0,0,0,0,0,0,0,0,0,0,430055
1746,3,3,1,1,2,7,1,3,4,4,3,430060
1747,0,0,0,0,0,0,0,0,0,0,1,430066
1748,0,0,0,0,0,0,0,1,0,0,0,430070
1749,0,0,2,1,0,0,0,0,0,0,0,430080
1750,0,0,0,0,0,3,4,1,2,1,0,430090
1751,4,0,0,0,0,0,1,0,0,0,0,430110
1752,0,0,0,0,0,0,0,1,0,0,0,430140
1753,0,1,0,0,0,0,0,0,0,0,0,430150
1754,0,0,0,0,0,0,0,0,1,0,0,430155
1755,5,1,1,1,2,1,3,1,4,5,0,430160
1756,0,0,2,1,0,0,2,1,0,0,0,430170
1757,0,0,5,0,1,0,0,0,0,0,0,430192
1758,1,0,0,0,0,0,0,0,0,0,0,430195
1759,2,0,0,0,1,0,0,0,0,0,0,430180
1760,0,0,0,3,0,2,1,2,0,0,0,430200
1761,0,0,0,0,0,1,2,2,0,1,0,430210
1762,0,0,0,0,1,2,0,0,0,0,0,430223
1763,0,0,0,0,0,0,0,0,2,1,0,430230
1764,3,0,1,0,0,2,1,0,0,1,0,430235
1765,2,0,0,0,1,0,1,0,0,0,0,430240
1766,0,0,0,1,0,0,0,0,0,0,0,430250
1767,3,0,0,0,0,0,0,0,0,0,0,430270
1768,0,1,1,0,0,0,0,0,0,0,0,430280
1769,2,1,0,0,0,0,1,0,3,2,2,430300
1770,3,3,2,1,3,2,0,0,1,0,4,430310
1771,0,1,0,1,1,1,0,0,0,0,0,430320
1772,1,0,0,0,1,0,0,0,0,0,0,430340
1773,0,0,0,0,0,1,0,3,3,3,3,430350
1774,0,0,0,0,0,0,0,0,1,0,0,430367
1775,0,1,0,0,0,0,0,0,0,0,0,430370
1776,0,0,0,0,0,1,0,0,0,0,0,430380
1777,0,1,1,0,1,0,0,0,0,0,0,430390
1778,0,0,0,0,0,0,0,0,0,0,1,430410
1779,0,1,0,0,0,0,0,0,0,0,0,430435
1780,1,0,1,0,1,0,0,1,0,0,1,430440
1781,0,0,1,0,0,0,0,2,0,0,0,430450
1782,5,3,4,1,3,5,9,9,1,5,6,430460
1783,0,0,0,0,0,0,0,2,1,1,0,430463
1784,0,0,0,0,0,0,2,0,0,1,0,430465
1785,0,0,0,0,0,0,0,0,0,1,0,430466
1786,0,0,0,1,0,0,0,0,0,0,0,430469
1787,3,3,2,4,2,3,4,7,0,11,9,430470
1788,1,0,0,0,0,0,0,0,0,0,0,430480
1789,0,0,0,0,2,4,5,1,0,3,7,430490
1790,5,1,3,2,2,6,8,4,18,10,15,430510
1791,0,0,0,0,1,0,0,0,0,0,0,430511
1792,0,0,0,0,0,1,0,0,0,0,1,430512
1793,0,0,0,0,0,0,1,0,0,0,0,430513
1794,0,0,0,0,0,0,0,0,1,0,0,430515
1795,6,0,1,4,1,1,3,0,1,1,0,430530
1796,0,0,1,1,1,0,0,2,0,0,0,430535
1797,0,2,0,0,1,0,0,0,0,0,0,430537
1798,1,0,0,0,0,0,0,0,0,0,0,430540
1799,0,0,0,0,0,0,0,0,1,0,1,430545
1800,0,0,0,0,0,0,0,0,0,3,0,430570
1801,2,1,0,0,1,0,1,0,0,0,0,430580
1802,0,0,1,0,0,0,0,2,0,0,0,430585
1803,1,1,0,0,0,0,0,0,0,0,1,430587
1804,1,0,0,1,0,0,0,0,0,2,1,430590
1805,1,0,0,0,0,1,2,0,1,0,0,430597
1806,0,0,0,0,0,0,0,0,0,2,1,430600
1807,0,0,0,0,0,0,0,1,0,0,0,430605
1808,0,0,1,4,9,3,6,4,4,4,3,430610
1809,0,0,0,0,0,0,0,2,1,2,0,430620
1810,0,0,0,0,0,0,0,1,0,0,0,430630
1811,0,0,1,0,0,0,0,0,0,0,0,430635
1812,1,0,0,0,0,0,0,0,0,0,0,430637
1813,0,0,0,1,0,0,0,0,0,0,0,430640
1814,0,0,0,0,0,0,0,1,0,0,0,430645
1815,0,0,1,0,0,0,0,0,0,0,1,430660
1816,1,0,0,1,2,1,0,1,1,2,0,430676
1817,2,0,0,0,0,0,0,1,0,0,0,430680
1818,0,0,0,1,0,0,0,0,0,0,0,430690
1819,0,0,0,0,1,0,1,0,0,0,0,430692
1820,0,0,0,0,0,0,1,1,0,0,0,430693
1821,4,4,6,3,6,6,7,5,6,7,4,430700
1822,0,1,0,0,0,0,0,1,0,2,2,430705
1823,1,0,0,0,0,0,0,0,0,0,0,430730
1824,1,0,1,4,0,1,0,0,0,0,0,430750
1825,0,0,0,2,0,0,0,2,1,0,0,430755
1826,1,1,1,1,0,0,0,0,0,1,1,430760
1827,4,0,0,1,0,1,1,1,0,1,0,430770
1828,1,0,1,2,1,1,0,0,0,0,0,430780
1829,0,1,0,0,0,0,0,0,0,1,2,430783
1830,0,0,1,1,2,1,1,0,0,0,0,430790
1831,1,0,0,0,0,0,0,3,0,0,4,430800
1832,0,0,0,0,0,0,0,0,0,1,0,430805
1833,1,0,0,0,0,0,0,0,0,0,0,430807
1834,0,0,0,0,0,0,1,0,0,0,0,430810
1835,1,0,0,0,0,1,0,0,0,1,0,430820
1836,0,1,0,0,0,0,1,0,0,0,1,430830
1837,0,0,0,0,0,1,1,0,0,0,0,430845
1838,4,2,0,1,2,2,0,2,3,2,2,430850
1839,0,0,0,0,0,0,0,1,0,0,2,430860
1840,0,1,1,0,0,0,0,0,0,0,0,430870
1841,0,0,0,1,0,0,2,1,0,0,0,430885
1842,0,2,0,1,1,0,0,0,0,0,0,430890
1843,1,0,0,0,0,0,0,0,0,0,0,430900
1844,0,1,4,1,0,5,1,4,1,0,1,430910
1845,6,2,3,2,7,6,10,6,3,1,1,430920
1846,0,0,1,1,2,0,2,1,2,2,1,430930
1847,0,0,0,1,0,0,0,0,0,0,1,430940
1848,0,1,0,0,0,0,0,0,0,0,0,430950
1849,0,1,0,0,0,0,0,0,0,0,0,430960
1850,0,0,0,0,0,1,3,0,0,0,0,430965
1851,0,0,3,0,0,0,0,0,0,0,0,430970
1852,0,0,4,1,0,0,0,0,0,0,0,430980
1853,0,1,0,1,0,1,0,0,0,0,0,430990
1854,0,0,0,0,5,3,1,2,0,0,0,430995
1855,2,2,2,5,2,4,1,0,0,2,2,431000
1856,0,0,0,0,1,0,0,1,0,0,0,431010
1857,0,0,1,4,6,6,2,3,1,2,0,431020
1858,0,0,1,0,0,0,0,0,0,0,0,431030
1859,0,0,0,0,0,0,0,0,0,0,1,431033
1860,0,0,0,4,0,0,0,0,0,0,0,431046
1861,0,0,0,0,0,0,0,1,0,1,0,431050
1862,0,0,0,0,0,0,0,0,1,0,0,431053
1863,0,0,0,0,0,1,0,0,0,0,0,431065
1864,0,0,0,0,2,3,2,1,1,0,2,431070
1865,0,0,0,0,0,0,1,0,0,0,0,431075
1866,0,0,0,0,0,0,1,0,0,0,0,431080
1867,0,0,0,0,0,0,0,0,0,1,0,431100
1868,2,0,0,0,0,0,1,0,0,0,0,431115
1869,0,0,0,0,0,0,0,0,0,0,3,431127
1870,2,3,0,0,1,2,2,11,0,0,2,431130
1871,0,0,0,0,0,0,1,0,0,1,0,431125
1872,0,2,0,0,1,3,0,0,2,2,1,431140
1873,0,0,1,0,0,0,0,1,0,0,0,431150
1874,0,0,0,0,0,0,1,0,0,0,0,431160
1875,0,0,0,0,0,0,1,2,0,1,0,431173
1876,0,0,0,0,0,0,1,0,0,0,0,431175
1877,1,1,1,1,1,2,4,3,1,1,1,431180
1878,0,0,4,7,1,0,0,0,0,0,0,431190
1879,0,0,0,0,1,0,0,0,0,0,0,431198
1880,0,0,0,0,0,1,0,0,0,0,0,431205
1881,0,0,0,0,1,2,0,0,1,0,0,431213
1882,0,0,0,0,0,0,1,0,0,0,0,431217
1883,1,0,0,0,0,0,0,0,0,0,0,431225
1884,0,0,0,0,0,0,0,0,1,0,0,431230
1885,0,1,0,0,1,0,0,0,2,1,2,431240
1886,1,0,0,0,0,0,0,0,0,1,0,431242
1887,0,0,0,0,0,0,1,0,0,0,0,431245
1888,0,0,0,0,0,0,3,0,1,0,0,431247
1889,0,0,0,0,0,0,0,1,0,0,0,431260
1890,0,1,0,0,0,0,0,0,1,0,0,431261
1891,0,0,0,0,0,0,1,1,0,0,0,431262
1892,2,3,2,1,0,2,0,0,1,1,1,431265
1893,0,1,0,0,0,2,1,0,0,0,0,431270
1894,0,0,0,1,0,0,0,1,1,0,0,431275
1895,0,0,0,0,0,0,0,0,3,0,0,431280
1896,5,0,1,0,0,1,6,0,0,0,0,431295
1897,0,0,0,0,0,0,0,0,0,2,0,431320
1898,2,0,0,0,0,0,0,0,0,0,0,431330
1899,0,0,0,0,0,0,0,1,0,0,0,431339
1900,0,2,4,2,3,0,7,0,2,3,2,431340
1901,0,0,0,0,0,0,0,1,1,0,0,431342
1902,0,2,0,0,0,0,0,0,2,1,0,431350
1903,0,0,1,0,0,0,0,0,0,0,0,431360
1904,0,0,0,0,0,1,0,0,1,0,0,431365
1905,1,2,0,0,1,1,1,0,0,5,0,431370
1906,0,0,0,0,0,1,0,0,1,0,2,431380
1907,0,0,1,0,0,1,0,0,0,1,0,431390
1908,0,0,0,0,0,0,0,1,0,0,0,431400
1909,0,0,0,0,0,0,0,1,0,0,0,431402
1910,0,0,0,0,0,0,0,2,0,3,0,431405
1911,0,0,1,0,0,1,0,0,0,0,0,431406
1912,44,40,60,28,37,30,13,25,23,11,9,431410
1913,0,1,0,0,0,0,0,0,0,0,0,431413
1914,1,1,0,0,0,0,0,0,0,0,0,431430
1915,1,8,2,0,5,4,9,4,2,5,5,431440
1916,0,0,0,0,0,1,1,0,0,0,0,431450
1917,0,0,0,1,0,0,0,0,0,0,0,431455
1918,0,0,0,0,0,0,0,2,0,0,1,431460
1919,0,0,0,1,0,0,0,0,0,0,0,431470
1920,1,0,0,0,0,0,0,1,0,0,0,431477
1921,0,0,0,0,2,1,1,0,0,0,0,431480
1922,20,11,22,27,23,31,24,35,26,30,24,431490
1923,0,0,0,0,0,0,0,0,1,0,0,431515
1924,0,0,0,0,0,0,1,1,0,0,0,431517
1925,1,0,0,0,0,0,0,0,0,0,0,431532
1926,0,0,1,0,0,0,0,0,0,0,0,431535
1927,1,1,2,0,0,0,1,0,0,0,0,431550
1928,11,9,13,7,12,6,6,7,7,3,7,431560
1929,0,0,0,0,0,0,1,1,1,0,0,431570
1930,0,2,0,0,2,3,0,0,0,0,0,431590
1931,0,0,0,0,0,1,1,0,0,0,0,431600
1932,0,0,0,0,0,1,5,6,2,1,1,431610
1933,0,0,3,0,0,0,0,0,0,0,0,431620
1934,2,0,3,3,0,0,1,0,1,0,0,431630
1935,0,0,0,0,0,0,1,0,2,0,0,431640
1936,0,1,0,0,1,0,0,0,0,0,0,431645
1937,0,0,0,0,0,0,0,1,0,0,0,431647
1938,0,0,0,5,1,1,0,0,2,0,0,431660
1939,1,1,0,2,5,3,1,2,0,1,3,431710
1940,0,0,0,0,0,0,0,0,0,0,1,431670
1941,0,3,0,0,0,0,0,0,0,0,0,431673
1942,1,1,0,0,0,0,0,0,1,7,2,431680
1943,0,0,0,3,4,3,4,7,7,3,3,431690
1944,0,0,0,1,0,0,0,0,0,0,0,431695
1945,2,2,0,0,1,0,0,0,0,0,1,431720
1946,0,6,1,0,0,1,2,2,0,0,1,431730
1947,1,3,5,0,0,0,3,2,0,0,0,431750
1948,0,0,0,0,0,0,1,0,2,0,1,431760
1949,0,1,0,0,0,0,0,0,0,0,0,431770
1950,0,0,0,0,0,3,1,0,0,0,0,431755
1951,0,0,0,0,0,0,0,1,0,0,0,431780
1952,0,0,0,0,0,0,0,0,0,0,1,431790
1953,0,0,0,0,0,1,0,0,0,0,0,431795
1954,0,1,0,0,1,0,0,1,2,0,0,431800
1955,0,0,0,1,0,0,0,0,0,0,0,431805
1956,0,0,0,0,0,0,0,0,0,0,1,431810
1957,1,0,0,0,0,0,2,0,0,2,0,431830
1958,1,0,0,0,0,0,0,0,0,0,0,431840
1959,1,0,0,0,0,0,0,0,0,0,0,431842
1960,0,0,0,0,0,0,0,1,1,0,0,431850
1961,3,4,6,0,0,0,0,2,0,0,0,431860
1962,0,0,0,0,0,0,0,0,1,0,0,431861
1963,6,1,1,4,1,1,5,1,0,2,0,431870
1964,1,0,0,0,0,0,0,0,1,0,0,431880
1965,0,0,1,2,1,0,0,0,0,1,0,431890
1966,0,0,0,0,0,0,0,0,1,0,0,431900
1967,0,3,2,0,0,0,0,0,1,0,0,431915
1968,0,0,0,0,0,0,0,0,0,1,0,431920
1969,1,0,0,0,0,0,0,0,0,0,0,431930
1970,3,0,1,0,0,0,0,0,0,0,0,431937
1971,12,4,0,0,0,0,1,0,1,0,0,431940
1972,0,0,0,0,0,0,0,1,0,0,0,431950
1973,45,0,0,0,0,0,0,0,0,0,0,431960
1974,0,0,0,0,4,0,0,0,0,0,0,431970
1975,1,0,0,0,0,0,0,0,0,0,0,431975
1976,0,0,0,1,0,0,0,1,0,0,0,431980
1977,2,1,1,0,0,1,0,1,3,1,0,431990
1978,1,2,1,3,0,1,1,11,1,3,1,432000
1979,0,0,0,1,2,6,4,4,2,0,0,432010
1980,0,1,0,0,0,0,0,0,0,0,0,432020
1981,0,0,0,0,0,0,0,1,0,0,0,432030
1982,2,3,1,2,0,0,0,0,0,0,0,432032
1983,0,0,0,0,0,0,0,0,0,1,0,432035
1984,0,0,0,1,0,0,2,0,0,0,0,432040
1985,0,0,0,0,0,0,0,0,0,0,2,432045
1986,6,0,0,0,0,0,2,5,1,1,0,432060
1987,10,10,7,3,0,2,1,2,4,2,1,432080
1988,0,2,7,1,0,2,0,0,1,2,3,432090
1989,0,0,7,2,1,0,1,0,0,0,0,432100
1990,0,0,0,0,1,0,0,0,0,0,0,432110
1991,1,0,1,1,0,0,0,0,0,0,0,432120
1992,0,0,0,1,0,0,0,2,1,2,0,432130
1993,0,0,0,0,1,1,1,1,0,0,0,432132
1994,0,0,0,1,1,0,0,0,0,0,0,432135
1995,0,0,0,0,0,0,1,0,0,0,0,432140
1996,0,0,0,0,0,0,1,1,1,1,0,432143
1997,0,1,0,0,0,0,1,2,0,0,0,432145
1998,1,1,0,0,0,0,0,0,0,0,0,432149
1999,0,0,1,1,0,2,0,0,1,1,1,432150
2000,0,0,2,2,2,0,0,2,0,1,0,432160
2001,0,1,0,0,0,0,0,1,0,0,0,432170
2002,0,0,0,0,0,0,1,0,1,0,0,432180
2003,2,0,1,0,0,0,0,0,0,0,0,432190
2004,0,0,0,0,0,0,0,1,0,0,1,432195
2005,1,2,0,0,0,0,0,0,0,0,0,432200
2006,1,0,0,0,0,0,0,0,0,0,0,432220
2007,0,0,0,1,0,0,0,0,0,0,0,432225
2008,0,0,0,0,0,0,0,0,0,0,1,432230
2009,3,1,4,5,3,5,2,0,3,0,1,432240
2010,0,0,0,2,5,1,6,9,4,5,3,432250
2011,0,0,0,0,0,0,0,1,0,0,0,432252
2012,0,0,0,0,0,0,0,0,0,1,0,432255
2013,2,1,1,0,0,1,0,2,2,5,0,432260
2014,0,0,0,0,0,0,0,1,0,0,0,432270
2015,0,0,0,0,0,0,0,0,0,0,1,432290
2016,3,4,2,1,5,8,7,5,6,1,3,432300
2017,0,1,0,0,1,0,1,0,0,0,0,432310
2018,0,0,0,0,0,0,0,1,1,1,0,432320
2019,0,0,0,0,0,0,0,0,5,0,0,432335
2020,1,0,0,0,0,0,0,0,0,0,0,432345
2021,1,1,0,0,0,1,0,0,0,0,0,432350
2022,0,0,0,0,0,4,0,0,0,0,0,432360
2023,0,0,0,0,0,1,0,0,0,0,0,432380
2024,0,0,1,0,0,0,0,0,0,0,0,500060
2025,0,0,0,0,0,0,0,0,0,1,0,500100
2026,0,0,1,0,0,0,0,0,0,0,0,500110
2027,0,0,0,0,0,0,0,1,0,0,0,500150
2028,0,0,0,0,0,0,0,0,0,0,1,500200
2029,0,0,0,0,0,0,0,0,0,1,0,500210
2030,0,0,0,0,1,0,0,0,0,0,0,500215
2031,0,0,2,0,0,0,0,0,0,0,0,500240
2032,3,2,4,3,2,10,4,7,4,4,8,500270
2033,0,0,0,0,0,0,1,0,0,0,0,500290
2034,0,0,0,0,0,0,0,0,0,0,1,500295
2035,0,0,0,0,1,0,0,0,0,0,0,500315
2036,0,0,0,0,0,0,0,0,0,0,1,500320
2037,0,0,0,0,0,0,0,0,0,1,0,500325
2038,0,1,0,0,0,0,0,0,0,0,0,500350
2039,3,1,0,3,1,2,0,6,0,0,2,500370
2040,0,0,0,0,0,0,0,1,0,0,0,500380
2041,0,0,0,0,1,0,0,0,0,0,0,500430
2042,0,0,0,0,0,0,0,0,0,0,1,500520
2043,0,0,0,0,0,0,2,0,0,0,0,500570
2044,1,0,0,0,0,0,0,0,0,0,0,500600
2045,0,0,0,1,0,1,0,0,0,0,0,500620
2046,0,0,0,1,0,0,0,0,0,0,0,500660
2047,0,1,0,0,0,0,0,0,0,0,0,500720
2048,0,0,1,0,0,0,0,0,0,0,0,500740
2049,0,0,0,0,0,0,0,1,0,2,0,500769
2050,0,1,1,0,0,0,1,0,0,0,0,500790
2051,2,0,0,0,0,0,0,0,0,0,1,500830
2052,17,17,16,17,3,0,0,0,0,2,0,510025
2053,0,0,0,0,0,0,0,1,0,1,0,510125
2054,0,0,0,0,0,0,0,0,0,1,0,510140
2055,0,0,1,0,0,0,0,0,2,1,0,510160
2056,0,0,0,0,0,0,0,2,0,0,2,510180
2057,0,0,0,0,0,2,1,0,0,1,1,510250
2058,0,0,1,1,0,0,0,0,0,0,0,510279
2059,0,1,0,0,0,0,0,0,0,0,0,510285
2060,0,0,0,0,0,0,0,0,0,1,0,510320
2061,0,0,0,0,1,0,1,1,0,0,0,510325
2062,2,5,2,1,6,5,3,5,0,1,0,510340
2063,0,0,1,0,0,0,0,0,0,0,2,510350
2064,1,0,0,0,0,0,0,0,0,0,0,510385
2065,0,0,1,0,0,2,0,0,0,0,0,510480
2066,0,2,0,0,0,0,0,0,0,0,0,510515
2067,1,0,0,0,0,0,0,0,0,0,0,510517
2068,0,0,0,1,0,0,0,1,0,0,0,510520
2069,0,0,0,0,0,0,0,0,0,1,0,510525
2070,1,0,0,0,0,0,0,0,0,0,0,510558
2071,0,0,0,0,0,0,0,0,0,2,0,510560
2072,0,0,0,0,0,0,0,0,0,0,1,510562
2073,0,0,2,0,0,0,0,0,0,0,0,510615
2074,1,0,0,0,0,0,0,0,0,0,0,510895
2075,0,0,0,0,0,0,1,0,0,0,0,510622
2076,0,0,1,1,0,0,0,0,0,0,0,510629
2077,0,0,0,0,0,0,0,0,1,0,0,510700
2078,0,0,0,0,0,0,1,1,0,1,0,510704
2079,0,1,0,0,1,0,3,0,1,2,2,510760
2080,0,1,2,0,1,0,0,2,0,0,2,510792
2081,0,0,1,0,0,1,0,0,0,0,0,510795
2082,0,0,0,0,0,0,1,0,0,0,2,510800
2083,0,0,0,0,0,2,1,0,2,1,2,510805
2084,0,1,3,0,0,1,0,5,0,0,0,510840
2085,0,0,0,0,0,0,0,0,0,0,1,510550
2086,0,1,1,1,0,1,1,0,0,0,0,520005
2087,0,0,0,0,0,0,0,0,0,1,0,520010
2088,0,0,0,0,1,0,0,0,0,0,0,520013
2089,0,0,0,2,1,0,1,1,0,0,4,520025
2090,0,0,0,0,0,0,0,0,1,0,5,520030
2091,0,0,0,0,0,0,0,1,0,0,0,520055
2092,0,0,0,0,1,0,0,2,0,0,0,520060
2093,0,1,0,0,0,0,0,0,0,0,0,520085
2094,1,4,1,1,2,2,1,4,0,1,5,520110
2095,3,4,0,0,0,1,2,0,0,3,0,520130
2096,6,2,6,0,1,2,1,2,1,1,2,520140
2097,1,0,0,0,1,0,0,0,0,0,0,520170
2098,0,0,0,0,0,0,1,0,0,0,0,520320
2099,0,0,0,0,0,0,0,3,2,0,0,520330
2100,0,0,0,0,0,0,0,0,1,0,0,520360
2101,0,0,1,0,0,0,0,0,0,0,0,520393
2102,0,0,0,0,0,0,1,0,0,0,0,520410
2103,0,0,0,0,0,1,1,0,1,0,0,520450
2104,0,0,0,0,0,0,0,0,0,1,0,520470
2105,0,0,0,0,0,0,0,1,0,0,0,520500
2106,0,1,3,2,6,5,2,1,1,0,0,520510
2107,0,0,0,0,0,0,0,0,0,1,0,520540
2108,0,0,0,0,0,0,0,2,0,10,5,520549
2109,0,0,0,1,0,0,0,0,0,0,0,520551
2110,0,1,0,1,1,2,0,0,0,1,0,520580
2111,0,0,0,0,0,0,0,2,1,0,1,520620
2112,0,1,0,0,0,1,0,0,0,0,0,520640
2113,0,0,0,0,1,1,0,0,0,0,0,520650
2114,0,0,0,0,0,0,1,0,0,0,0,520830
2115,0,0,0,2,0,0,0,0,0,0,0,520750
2116,1,0,0,0,0,0,0,2,0,0,1,520800
2117,0,0,0,0,0,0,2,0,0,0,0,520850
2118,19,29,13,35,25,23,12,28,27,26,5,520870
2119,0,0,0,0,0,0,0,0,0,1,1,520880
2120,1,1,0,0,0,0,0,1,0,0,0,520890
2121,1,0,0,0,0,0,0,0,0,0,0,520960
2122,0,0,0,0,0,0,0,0,0,0,1,520970
2123,2,0,1,1,0,1,0,0,0,0,0,521000
2124,1,0,0,0,0,0,0,0,1,0,0,521020
2125,1,0,0,0,0,0,0,2,0,0,0,521120
2126,0,1,0,0,0,0,0,0,4,1,0,521150
2127,0,0,0,0,3,0,1,0,0,0,1,521180
2128,3,4,2,1,2,2,0,1,0,0,0,521190
2129,0,2,0,0,0,0,1,0,0,1,0,521210
2130,0,0,0,0,0,0,2,0,0,0,0,521230
2131,1,2,0,1,0,0,0,0,6,2,12,521250
2132,0,0,0,0,0,0,0,0,1,0,0,521280
2133,0,0,0,0,0,0,0,1,0,0,0,521300
2134,0,0,0,0,0,0,0,0,0,0,1,521308
2135,1,0,0,0,0,2,0,0,0,0,1,521310
2136,0,0,0,0,0,0,0,1,0,1,0,521380
2137,0,0,0,0,0,0,0,0,0,1,0,521440
2138,0,0,0,1,0,0,0,0,0,0,0,521500
2139,1,1,0,0,0,0,0,0,0,0,0,521520
2140,0,0,0,0,0,0,0,0,0,4,4,521523
2141,0,0,0,0,0,0,0,0,1,0,0,521525
2142,1,0,0,0,0,0,0,0,0,0,0,521570
2143,0,0,0,0,0,0,0,0,1,0,0,521600
2144,0,0,1,0,0,0,0,0,0,0,1,521640
2145,0,0,0,0,0,0,0,1,0,0,0,521645
2146,0,1,0,0,0,0,0,0,0,0,0,521720
2147,0,0,0,0,1,0,0,0,0,0,0,521730
2148,1,0,1,1,0,0,0,0,0,0,0,521740
2149,0,0,0,0,0,0,0,0,11,12,10,521760
2150,0,0,0,3,0,0,0,0,0,1,1,521770
2151,1,0,0,0,1,0,0,0,0,0,0,521800
2152,0,0,1,0,0,0,0,0,0,0,0,521850
2153,0,0,0,0,0,1,0,0,0,0,0,521860
2154,0,1,2,0,0,0,0,0,0,0,0,521870
2155,1,0,0,0,0,1,0,0,0,0,0,521878
2156,4,4,1,1,2,0,0,3,3,4,3,521880
2157,0,0,0,0,0,0,0,1,0,0,0,521910
2158,0,0,1,0,0,0,0,0,0,0,0,521930
2159,2,0,0,0,0,0,0,0,0,0,0,521970
2160,0,0,0,1,0,0,0,0,0,1,0,521975
2161,0,0,0,3,0,0,0,0,0,0,0,521990
2162,0,0,0,0,0,0,0,0,1,0,1,522010
2163,0,0,0,0,0,0,0,0,0,1,0,522020
2164,0,0,0,0,0,0,0,0,0,0,1,522040
2165,0,2,0,3,0,0,0,0,0,0,0,522045
2166,1,0,1,1,0,0,0,0,0,0,0,522050
2167,0,2,0,0,0,0,0,0,0,0,0,522060
2168,0,2,1,3,1,1,0,0,3,2,0,522140
2169,1,0,0,1,1,0,0,0,3,14,7,522185
2170,0,1,0,2,0,0,0,0,0,0,0,522200
2171,30,38,36,55,22,20,24,27,166,548,718,530010
