,QUANTIDADE_RATE,SUICIDE_RATE,MUNCOD
0,3.9312812045445606,11.793843613633685,110001
1,9.315757603987144,9.315757603987144,110002
2,2.561212990472288,2.561212990472288,110045
3,5.649270679155321,5.649270679155321,110004
4,5.415064710023285,10.83012942004657,110006
5,8.91146459920688,4.45573229960344,110094
6,7.159349215156341,8.949186518945428,110011
7,12.950348364371001,2.5900696728742005,110013
8,18.53453601878166,6.178178672927222,110140
9,9.949258780220873,19.898517560441746,110050
10,5.030307603309942,7.545461404964914,110015
11,21.02441460145594,13.140259125909962,110018
12,6.353044455909872,6.160527957245937,110020
13,5.256333882328206,10.512667764656413,110028
14,10.155377272265666,5.077688636132833,110149
15,8.270956536123402,4.135478268061701,110032
16,1.2103313887342355,7.261988332405412,120020
17,1.5647697310943218,8.084643610653995,120040
18,2.3180880409837963,9.272352163935183,120050
19,2.498500899460324,9.994003597841298,120060
20,44.01892813909981,22.009464069549903,120070
21,5.410377103284099,5.410377103284099,130068
22,3.5289550764018776,7.057910152803755,130100
23,5.619766592360864,3.746511061573909,130170
24,1.3143910801665897,4.17788593338666,130260
25,1.607406931138687,3.214813862277374,130290
26,0.878487595755148,4.392437978775741,130340
27,2.244517765358113,44.89035530716226,130380
28,1.6123571048515823,4.837071314554748,130420
29,6.023733510029516,7.2284802120354215,140010
30,10.1667344448963,20.333468889792602,140070
31,4.563828400052158,1.3039509714434738,150010
32,9.242827565808932,1.8485655131617864,150020
33,1.8100857980668281,1.810085798066828,150040
34,2.6921523758244716,8.973841252748239,150060
35,2.131547484095749,2.7128786161218628,150080
36,13.012361743656474,2.1687269572760792,150120
37,2.4754517699480156,3.300602359930687,150130
38,1.1705771978447608,2.823156771272658,150140
39,1.6396130513198885,1.6396130513198883,150150
40,7.247310442569091,1.6105134316820202,150170
41,6.00624649635621,6.006246496356209,150180
42,0.7457121551081283,4.47427293064877,150210
43,2.7756960057734474,5.551392011546894,150215
44,28.294862248696944,2.978406552494416,150220
45,1.0243120464218218,5.633716255320021,150240
46,1.722029928880164,3.444059857760328,150293
47,10.128633647320976,10.128633647320976,150304
48,6.4270450053826504,1.6067612513456626,150345
49,1.0149914233224728,13.194888503192148,150360
50,1.84098323232472,6.259342989904049,150420
51,2.346352985343115,2.3463529853431155,150442
52,3.2545726746078243,3.2545726746078243,150445
53,6.263701847792045,1.2527403695584092,150470
54,1.7709772252328837,7.083908900931535,150480
55,1.3549768298962088,4.064930489688627,150506
56,12.530935747626955,3.132733936906739,150543
57,3.9534286109628574,4.941785763703572,150553
58,1.452728223603928,7.263641118019639,150650
59,45.48085669395518,8.269246671628215,150660
60,2.8262958566502743,1.4131479283251371,150670
61,7.211191769626461,3.2049741198339823,150730
62,24.805688771291553,4.134281461881925,150745
63,17.845192951148785,4.461298237787196,150747
64,1.7432536085349697,5.229760825604909,150760
65,5.4773511529824175,5.4773511529824175,150797
66,0.9048463570885663,2.7145390712656994,150810
67,3.830243603493182,3.8302436034931815,150820
68,8.37030216790826,1.6740604335816522,150830
69,0.42131340240064374,6.530357737209978,160030
70,11.742602160638798,11.742602160638798,170070
71,10.257462303826033,30.7723869114781,170100
72,21.159542953872197,42.319085907744395,170110
73,10.229597635826323,7.956353716753807,170210
74,9.200478424878094,13.80071763731714,170700
75,7.015656606994609,8.184932708160378,170950
76,16.72240802675585,16.72240802675585,171070
77,7.807620237351655,15.61524047470331,171190
78,23.860653781913623,23.860653781913623,171195
79,19.786307874950534,19.78630787495053,171250
80,5.247966413014956,5.247966413014956,171320
81,8.019889325527307,4.881671763364448,172100
82,1.9857029388403495,15.885623510722795,171610
83,61.81743251596951,20.605810838656502,171630
84,15.051173991571343,15.051173991571345,171650
85,66.34819532908705,39.808917197452224,171750
86,1.8929355644733852,1.8929355644733847,171820
87,32.425421530479895,32.42542153047989,172025
88,4.325446602361693,8.650893204723388,172120
89,2.6944736345754854,2.6944736345754854,210005
90,3.6560397777127815,7.312079555425563,210070
91,15.554518587649712,6.221807435059883,210095
92,18.382530790739075,2.9025048616956437,210120
93,5.735589331803843,5.735589331803843,210130
94,4.220344169066988,3.1652581268002407,210140
95,5.370857725978839,21.48343090391536,210150
96,54.269175108538356,18.08972503617945,210180
97,4.863813229571985,4.863813229571986,210200
98,5.539859287574095,8.309788931361144,210210
99,24.72973927789161,7.065639793683318,210220
100,4.256224728665674,17.024898914662696,210230
101,9.532888465204957,9.532888465204957,210310
102,11.607661056297156,23.215322112594308,210312
103,1.2663838409421895,1.2663838409421897,210320
104,0.827746047512623,4.966476285075738,210330
105,83.7954405422058,2.4645717806531118,210350
106,55.36377255259559,3.256692503093858,210370
107,7.899518129394107,15.799036258788213,210375
108,4.749465685110425,2.374732842555213,210405
109,71.6674629718108,23.88915432393693,210407
110,5.686341407938133,5.686341407938133,210440
111,16.37912207905656,5.45970735968552,210455
112,20.159258139300473,10.079629069650236,210465
113,24.008643111520147,4.001440518586692,210467
114,9.427699366380038,7.856416138650031,210530
115,18.739459054281966,12.492972702854646,210535
116,2.9530756282668396,4.42961344240026,210540
117,3.9079291883231075,11.723787564969324,210542
118,29.3513354857646,9.783778495254866,210545
119,18.381226640524478,12.254151093682987,210547
120,6.292870178088226,18.87861053426468,210560
121,8.989033379277283,5.992688919518187,210660
122,11.24985937675779,33.74957813027337,210700
123,1.6337199803953601,4.0842999509884015,210750
124,46.33443163097199,10.29654036243822,210760
125,4.735745406326956,23.678727031634782,210770
126,5.213084842955819,15.639254528867458,210820
127,36.0,8.0,210825
128,9.71180226770583,2.4279505669264574,210860
129,4.793634053976319,4.7936340539763185,210870
130,5.319997872000851,10.639995744001704,210927
131,6.4802514337556305,6.480251433755631,210945
132,5.075884472869397,20.30353789147759,210950
133,13.00221037576388,26.004420751527764,210955
134,35.91954022988506,35.919540229885065,210970
135,4.774295194671886,9.548590389343772,210980
136,1.136195789258405,4.54478315703362,210990
137,8.382698111098692,2.7942327036995636,211000
138,39.09728708269076,2.172071504593931,211050
139,2.9681517319165356,8.904455195749605,211070
140,44.91354143274197,22.456770716370983,211080
141,19.697641207465406,9.848820603732703,211100
142,9.109957183201239,9.10995718320124,211105
143,23.510971786833856,15.673981191222571,211110
144,0.5668355836706005,3.4010135020236034,211120
145,1.2822062740184712,3.4802741723358506,211130
146,9.563429445799263,4.781714722899632,211170
147,39.21348944036749,5.601927062909641,211180
148,10.476689366160294,3.4922297887200977,211210
149,1.769566986958291,1.7695669869582908,211270
150,64.76893681790213,16.192234204475533,211300
151,9.787800485474904,9.787800485474905,211400
152,13.287270794578793,13.287270794578793,220025
153,4.320494264543863,4.320494264543863,220120
154,10.275380189066995,5.1376900945334985,220200
155,10.303967027305513,20.60793405461102,220260
156,44.68275245755139,8.936550491510276,220320
157,2.5589845949127388,20.47187675930191,220370
158,21.579628830384117,10.789814415192057,220465
159,20.89427496865859,20.89427496865859,220527
160,7.973845785822502,7.973845785822502,220580
161,13.121637580370031,26.243275160740065,220650
162,8.635177054341833,4.649710721568678,220770
163,4.952456418383519,9.904912836767037,220780
164,2.6228132294699296,18.35969260628951,220790
165,4.936321453253036,9.872642906506073,221000
166,1.1761966036146874,8.939094187471623,221100
167,9.140558945179498,2.2851397362948744,221110
168,28.317915801397017,14.158957900698507,221120
169,6.43097155902828,14.46968600781363,230020
170,5.599940267303816,3.733293511535877,230030
171,5.81598231941375,11.631964638827501,230040
172,2.5275502982509352,5.055100596501871,230100
173,1.3581605074087655,5.432642029635061,230110
174,9.346667912889055,4.673333956444528,230130
175,12.901006278489723,12.901006278489726,230160
176,274.1970540536022,13.375466051395225,230190
177,4.45632798573975,13.368983957219253,230200
178,6.720430107526882,26.88172043010753,230205
179,1.8828845791752966,1.8828845791752968,230220
180,16.651556920572073,7.4006919646987,230240
181,47.102191275855006,4.095842719639567,230250
182,1.2900895322135355,16.77116391877596,230280
183,74.37156031533542,11.155734047300312,230320
184,10.636034886194427,5.3180174430972125,230330
185,1.4068852966417646,4.220655889925294,230350
186,3.3128763220447075,6.073606590415298,230370
187,7.979890675497746,3.9899453377488734,230380
188,8.655385813822651,4.3276929069113255,230400
189,22.20452666074546,3.8283666656457687,230420
190,11.189437171310283,16.784155756965426,230423
191,3.7974443199726586,9.493610799931645,230428
192,144.23076923076923,5.3418803418803416,230430
193,2.816384660294533,5.518591564090638,230440
194,3.797804868785842,3.797804868785842,230495
195,4.946821667078902,14.840465001236705,230520
196,1.5168062128382478,15.168062128382475,230523
197,4.028197381671702,8.056394763343404,230530
198,8.097165991902834,24.291497975708502,230533
199,5.08001016002032,10.16002032004064,230535
200,3.8981035726119244,4.8726294657649065,230550
201,2.405233788724264,14.431402732345585,230580
202,4.191466174867969,8.382932349735936,230610
203,1.9251131003946482,11.550678602367887,230630
204,6.2762326913270305,4.707174518495274,230640
205,2.902926149558755,8.708778448676266,230690
206,5.927682276229994,2.963841138114997,230700
207,33.23976953759787,3.693307726399764,230710
208,22.56058997792021,7.396914746859085,230730
209,9.573958831977022,3.191319610659008,230750
210,3.39472120852075,10.184163625562249,230760
211,5.05050505050505,15.151515151515152,230763
212,1.779327769968506,9.341470792334658,230765
213,2.617115938236064,10.468463752944256,230800
214,12.88992008249549,12.88992008249549,230810
215,28.3376430165421,3.5422053770677624,230830
216,172.27258606568952,14.120703775876189,230840
217,5.869233478107759,5.869233478107759,230860
218,4.874244492103724,6.498992656138297,230870
219,7.793624814901411,15.587249629802821,230910
220,3.526963637004903,17.63481818502451,230940
221,9.393199323689648,4.696599661844824,230950
222,1.4102184428367954,4.2306553285103865,230960
223,6.701963675356879,6.701963675356879,231110
224,2.3093354887131228,6.928006466139369,231130
225,1.2713265020722622,10.170612016578096,231140
226,25.50927444335119,7.28836412667177,231160
227,35.305655442955214,3.922850604772802,231180
228,6.378364587319811,6.378364587319812,231190
229,5.717879810166391,17.15363943049917,231210
230,2.071894747746814,8.287578990987258,231240
231,1.4596480302049832,7.784789494426577,231290
232,10.323646311877356,13.764861749169807,231330
233,4.015043027877781,5.353390703837043,231340
234,5.081559022308044,5.081559022308044,231375
235,7.311544929443592,21.934634788330776,231390
236,49.45598417408506,2.4727992087042527,231400
237,1.6658337497917708,14.992503748125934,231410
238,4.422039444591846,4.422039444591847,240310
239,7.059404892167589,3.5297024460837947,240360
240,6.532105297537396,6.532105297537396,240450
241,0.2259427461081362,3.1631984455139066,240810
242,0.7852097884252225,5.103863624763947,240325
243,4.235493434985176,12.706480304955528,241250
244,1.0308215647871355,4.123286259148542,250180
245,1.4698749136448488,5.879499654579395,250320
246,0.7311152920074476,4.630396849380502,250400
247,3.2750376629331233,9.825112988799374,250430
248,5.278716216216217,5.278716216216217,250440
249,4.037304695385361,20.186523476926805,250460
250,6.012144531954548,15.03036132988637,250600
251,3.3966814422309404,6.793362884461881,250630
252,4.025440785766041,8.050881571532083,250700
253,1.23213709250146,4.1892661145049646,250750
254,2.2219753360737697,4.44395067214754,250890
255,7.526719855486979,7.526719855486978,250940
256,27.808676307007786,55.61735261401557,251335
257,3.791325447376403,11.373976342129211,251600
258,13.083209210579286,4.0256028340243954,260005
259,59.43215279466191,2.7014614906664507,260010
260,5.151718097985678,10.303436195971356,260020
261,7.839652964695429,7.8396529646954285,260070
262,14.801657785671994,4.933885928557332,260105
263,10.74537053619399,5.969650297885551,260110
264,1.3574599209958327,2.7149198419916654,260120
265,4.954664816925135,6.606219755900179,260190
266,4.148172729912474,6.22225909486871,260210
267,12.812299807815503,2.5624599615631007,260220
268,10.514141520344864,10.514141520344863,260230
269,15.284677111196025,22.927015666794038,260270
270,13.865779256794234,6.932889628397117,260280
271,18.56801512804601,4.886319770538424,260290
272,4.948290365678658,9.896580731357316,260310
273,17.433751743375172,17.433751743375172,260340
274,19.82591566950838,7.0350023343416845,260345
275,23.54880489815142,11.77440244907571,260360
276,16.1537840239076,4.0384460059769,260370
277,41.15226337448559,5.144032921810699,260390
278,16.93172885045655,2.4188184072080787,260400
279,3.3695749842753164,3.3695749842753164,260410
280,2.361665446472853,2.3616654464728533,260420
281,8.550662676357417,25.65198802907225,260430
282,9.291521486643438,4.645760743321719,260450
283,11.456503475139387,3.8188344917131287,260460
284,7.961783439490445,7.961783439490445,260480
285,2.72086632383751,2.7208663238375097,260510
286,10.251753782164878,2.929072509189965,260520
287,8.29393713195654,16.58787426391308,260550
288,4.431249169140781,17.724996676563126,260560
289,9.235600160083736,3.0785333866945788,260570
290,3.606410755759438,5.770257209215099,260600
291,26.49875708210829,2.52369115067698,260620
292,12.013310748309127,7.2079864489854755,260640
293,16.4647567548831,1.7331322899876949,260680
294,10.578316566701575,5.289158283350789,260720
295,2.7533039647577096,5.506607929515419,260765
296,12.788164769037124,4.166930093281759,260790
297,17.1909919202338,17.1909919202338,260795
298,5.972823652381663,8.959235478572493,260810
299,18.76289949340171,12.508599662267807,260820
300,15.345661014348194,15.345661014348195,260860
301,6.165988407941794,6.165988407941795,260870
302,5.014039310068191,5.014039310068191,260880
303,12.468827930174562,5.3437833986462415,260890
304,8.746610688358261,8.746610688358261,260920
305,20.92757449411613,4.829440267872953,260940
306,26.102244025273116,4.86218271059009,260960
307,6.366182836771071,7.957728545963841,261000
308,6.9230502959604,6.9230502959604,261050
309,10.725394158235316,1.7875656930392192,261060
310,19.491218292508368,4.2637040014862055,261070
311,8.971157727904785,4.4855788639523935,261090
312,13.847346848343857,2.769469369668772,261100
313,6.118542388387589,4.6617465816286385,261110
314,18.5459940652819,3.70919881305638,261130
315,20.444427577451634,4.284760270723397,261160
316,6.371049949031601,2.123683316343867,261180
317,8.270888127967181,8.270888127967181,261220
318,6.376331059108589,6.376331059108589,261290
319,2.9670068834559697,8.901020650367908,261360
320,12.488960650853265,3.5682744716723613,261370
321,5.5853440571939235,5.585344057193924,261380
322,3.5059835452505608,5.843305908750935,261390
323,15.465170227338003,4.418620064953714,261420
324,12.427570565299117,3.1068926413247797,261450
325,21.200664287481008,7.066888095827003,261460
326,7.052683546089288,3.5263417730446434,261500
327,15.070738277791383,3.7676845694478462,261530
328,4.526013261218855,2.263006630609428,261540
329,3.3161996352180405,3.3161996352180405,261560
330,17.44464958060155,5.088022794342119,261640
331,2.1350641586779684,5.124153980827123,270030
332,1.737679849864461,3.4753596997289216,270140
333,10.31778786628147,20.63557573256294,270150
334,3.4783818567602354,3.478381856760236,270230
335,3.802498241344563,3.802498241344563,270240
336,8.896401405631421,4.448200702815711,270260
337,4.84507861140047,12.112696528501177,270290
338,3.9851751484477744,11.955525445343325,270400
339,3.2065950915774404,2.2348996092812463,270430
340,1.9135093761959434,3.827018752391887,270470
341,3.998080921157844,3.9980809211578436,270510
342,2.6951272100043124,5.390254420008625,270630
343,1.5504597113044016,3.1009194226088037,270670
344,7.905763301446754,7.905763301446754,270710
345,2.630921217064155,3.946381825596233,270770
346,2.2388393856624726,2.2388393856624726,270915
347,1.504279675677302,6.017118702709207,270930
348,3.8251157097502198,3.82511570975022,270940
349,1.9996738993333394,4.922274213743606,280030
350,17.62114537444934,8.810572687224669,280130
351,4.330379052513064,4.330379052513064,280210
352,2.9324653235975484,2.9324653235975484,280320
353,3.7560096153846154,7.512019230769232,280460
354,4.39734400422145,2.198672002110725,280480
355,3.3620225927918233,4.482696790389098,280670
356,10.45505632661596,10.45505632661596,290100
357,4.672242209036116,4.672242209036116,290260
358,16.38896476372576,1.8209960848584177,290270
359,3.806188863091387,3.8061888630913865,290320
360,7.1078257161134415,7.1078257161134415,290370
361,27.693159789531986,9.231053263177328,290440
362,18.224895206852562,18.22489520685256,290450
363,4.305581468777358,1.435193822925786,290460
364,1.8920401869335706,5.6761205608007135,290520
365,0.3368216832326798,2.3577517826287586,290570
366,2.7289597205545246,2.7289597205545246,290580
367,9.984025559105431,13.312034078807242,290590
368,3.7227309954582677,3.722730995458268,290620
369,1.1147402097941075,3.3442206293823227,290650
370,4.397537379067722,4.397537379067722,290690
371,5.257070760172432,10.514141520344863,290800
372,5.485764441274892,5.485764441274892,290830
373,1.4640645359647453,2.9281290719294906,290840
374,2.9519423780847798,2.95194237808478,290850
375,2.8149983110010135,8.444994933003041,290990
376,2.479635989436751,6.199089973591876,291005
377,8.919015340706386,8.919015340706386,290050
378,11.275912915257177,5.2042674993494655,291072
379,5.099788518144888,1.5936839119202777,291080
380,3.863390511512904,7.726781023025807,291190
381,124.59210916641946,11.865915158706615,291300
382,14.316904685207058,7.158452342603528,291350
383,5.6708309468586435,2.8354154734293218,291360
384,39.38170719700699,9.845426799251749,291410
385,0.45239452421667886,6.333523339033504,291480
386,12.05836247437598,12.05836247437598,291500
387,2.9692974642199657,2.9692974642199657,291560
388,28.111320830488737,8.03180595156821,291580
389,4.877810838495683,4.877810838495684,291600
390,9.233610341643582,9.233610341643583,291630
391,3.5870150056794405,7.174030011358881,291750
392,1.7846626095336675,5.353987828601003,291760
393,2.89863474303603,5.79726948607206,291770
394,9.86381766733042,4.93190883366521,291800
395,2.7054691057973694,5.861849729227632,291840
396,3.922568497852394,5.883852746778591,291980
397,7.017051434987019,7.017051434987018,292040
398,2.16169476869866,8.646779074794638,292060
399,8.511000468105026,2.1277501170262565,292100
400,2.3768777334093936,4.753755466818787,292200
401,8.588114050154587,8.588114050154589,292225
402,4.348204191668841,17.392816766675367,292240
403,31.9642000958926,15.9821000479463,292303
404,5.49178977428744,5.491789774287441,292420
405,2.0466220503059698,4.09324410061194,292510
406,2.5177501384762575,2.517750138476257,292520
407,8.578904473898683,8.578904473898682,292620
408,11.499540018399264,2.874885004599816,292630
409,7.292882147024503,7.292882147024502,292670
410,1.3541025583736688,2.505089732991287,292740
411,6.862005077883757,3.4310025389418786,292840
412,2.602675550465879,5.2053511009317575,292800
413,1.9353215536761432,5.80596466102843,292870
414,1.855356413967123,1.855356413967123,292880
415,6.531678641410843,13.063357282821686,292900
416,5.098659052669148,5.098659052669149,292925
417,5.26066600031564,2.63033300015782,292930
418,16.561775422325272,5.5205918074417575,292960
419,4.895002202750991,9.790004405501982,292970
420,2.1945224719101124,6.583567415730338,292990
421,3.03112970203995,6.062259404079901,293015
422,7.229612492770387,7.229612492770388,293060
423,1.470047776552738,3.675119441381845,293070
424,8.040076689962273,1.2369348753788112,293135
425,5.122425980944576,5.122425980944576,293245
426,18.752051005578735,4.688012751394684,293250
427,1.0126684827188124,2.0253369654376248,293290
428,13.91643182687959,6.958215913439795,293300
429,4.582951420714941,6.8744271310724105,293320
430,3.1544113008218675,6.022057937932656,293330
431,2.788155913678693,2.7881559136786933,310150
432,6.272974770095474,17.56432935626733,310160
433,7.369920896182381,17.19648209109222,310260
434,2.676587885763229,2.676587885763229,310340
435,11.704119850187267,23.408239700374533,310370
436,0.9589290680168387,6.712503476117871,310400
437,15.53196997152472,5.1773233238415735,310490
438,4.163544008660171,24.98126405196103,310510
439,18.76876876876877,3.128128128128128,310540
440,2.1947632947786584,8.047465414188414,310560
441,9.600614439324117,9.600614439324117,310600
442,4.7151233420794245,6.57739894777466,310620
443,7.645844483523205,3.8229222417616016,310630
444,2.341119898114462,2.8093438777373545,310670
445,2.467308166790032,2.4673081667900316,310710
446,1.998321410015587,7.993285640062347,310740
447,8.902341315766046,8.902341315766048,310910
448,6.978367062107467,20.9351011863224,310950
449,8.58663918942126,17.17327837884252,310970
450,2.2534195641886563,2.2534195641886563,311000
451,3.4287673581347504,17.143836790673753,311060
452,3.672554996511073,7.345109993022146,311120
453,6.883023023712014,3.441511511856007,311160
454,10.332713370531103,10.332713370531103,311250
455,6.153846153846153,6.1538461538461515,311260
456,20.858786018653714,2.979826574093388,311330
457,4.355353273592404,8.710706547184808,311340
458,9.72100709633518,25.922685590227147,311430
459,9.330223258913696,9.330223258913696,311530
460,9.005763688760807,4.502881844380403,311550
461,28.121484814398205,14.060742407199102,311570
462,7.457677679170706,7.457677679170707,311730
463,8.542627712284299,17.085255424568597,311790
464,3.188678672294938,4.707097087673478,311860
465,4.101049868766404,8.202099737532809,311910
466,77.17132033113512,14.031149151115475,311930
467,6.344832587060167,6.344832587060168,311940
468,16.550810989738498,16.550810989738498,312030
469,2.5038183229424873,10.01527329176995,312090
470,24.37538086532602,24.37538086532602,312110
471,22.807381297947337,2.0733982998133937,312160
472,9.933939303630854,9.933939303630854,312200
473,65.1890482398957,21.729682746631898,312260
474,2.9117167481947357,2.911716748194736,312510
475,19.952114924181963,19.952114924181963,312540
476,9.058791557206268,9.058791557206266,312595
477,2.9229937301784488,17.53796238107069,312610
478,8.507742045261187,5.104645227156713,312710
479,25.303643724696357,75.91093117408906,312738
480,8.289124668435013,16.578249336870027,312760
481,2.135983851962079,6.051954247225892,312770
482,5.873025195278088,17.619075585834263,312800
483,5.160491278769739,10.320982557539477,312830
484,14.84560570071259,14.845605700712591,312860
485,15.298122155505412,7.649061077752706,312870
486,5.634596422031272,5.071136779828144,312980
487,12.236906510034265,12.236906510034265,313030
488,12.100677637947726,4.033559212649242,313090
489,5.066882853668423,15.20064856100527,313120
490,4.594127938806215,6.1255039184082865,313130
491,8.383283732237917,8.383283732237919,313170
492,3.9357682619647356,9.83942065491184,313190
493,10.309278350515465,11.340206185567009,313240
494,4.51304269338388,36.10434154707104,313350
495,3.236385604556831,19.418313627340986,313380
496,9.56699768478656,4.78349884239328,313420
497,2.598482486228043,5.196964972456086,313440
498,5.116398055768738,15.349194167306216,313460
499,3.9288099634620672,7.8576199269241345,313490
500,20.016012810248196,40.03202562049639,313610
501,2.0512399745646244,12.307439847387743,313630
502,5.143950802545014,4.789195574783289,313670
503,10.59322033898305,10.59322033898305,313753
504,3.2387614976033166,1.6193807488016585,313760
505,4.925865720900449,4.9258657209004495,313770
506,0.9792017547295445,7.833614037836356,313820
507,1.8742737189339131,5.62282115680174,313840
508,13.356484573260317,26.71296914652064,313862
509,17.946877243359655,53.84063173007896,313870
510,9.541984732824428,4.770992366412214,313900
511,10.44004802422091,5.220024012110455,313920
512,3.386769022352676,5.644615037254459,313940
513,4.389044943820225,4.389044943820225,313950
514,11.694538650450239,8.353241893178742,314000
515,12.236906510034265,24.47381302006853,314053
516,9.201324990798675,9.201324990798676,314160
517,3.1241213408728794,15.620606704364398,314180
518,13.381506757660912,6.690753378830456,314220
519,14.866572511707426,29.73314502341485,314300
520,2.072624772011275,4.14524954402255,314310
521,0.9949580500812134,3.482353175284247,314330
522,3.6853791794503254,4.606723974312907,314390
523,14.268049082088842,14.268049082088842,314410
524,11.65093790050099,11.650937900500992,314450
525,4.339430232810432,9.763718023823472,314480
526,1.0561781138771242,10.561781138771241,314520
527,18.839487565938207,18.839487565938207,314537
528,2.386236189658052,23.862361896580524,314560
529,29.46731137572161,2.6788464887019647,314610
530,4.765762760329791,23.828813801648952,314730
531,12.143290831815422,6.071645415907711,314760
532,12.01345506967804,12.01345506967804,314770
533,0.8736829229935872,9.610512152929461,314790
534,12.591704055191428,14.579867853379547,314800
535,2.2226420546103154,13.335852327661893,314810
536,4.040730564085987,4.040730564085987,314870
537,28.10172825628776,14.05086412814388,314875
538,1.5664896533358397,3.13297930667168,314930
539,34.89589391648249,34.895893916482486,315100
540,3.526963637004903,3.5269636370049033,315120
541,3.6093264996751606,10.827979499025481,315140
542,17.378711078928315,2.896451846488052,315150
543,1.2042026673089081,6.623114670198995,315180
544,4.970096585543645,4.9700965855436445,315210
545,4.757470928454434,5.437109632519354,315250
546,3.5976399481939847,10.792919844581952,315280
547,5.1023011378131535,40.81840910250523,315340
548,3.3447765233176536,4.865129488462041,315460
549,24.64268112370626,49.28536224741252,315470
550,17.16738197424893,17.16738197424893,315520
551,5.883737349964697,3.677335843727936,315670
552,7.19804213253995,9.597389510053263,315700
553,9.775171065493646,9.775171065493646,315720
554,3.65468690754099,9.136717268852475,315780
555,2.3627256402986485,4.725451280597297,315960
556,16.169891661725867,5.389963887241954,315990
557,5.281225244256667,5.2812252442566665,316110
558,5.711674663011195,2.8558373315055974,316210
559,7.774840615767377,38.87420307883689,316245
560,16.618104871320476,9.970862922792284,316250
561,12.642757806902948,4.214252602300983,316270
562,23.651844843897823,23.651844843897823,316320
563,2.1998812064148536,13.19928723848912,316370
564,3.221960885394851,3.221960885394851,316553
565,26.10738839091463,8.702462796971544,316680
566,1.2699595306229576,7.619757183737745,316720
567,23.651844843897823,2.956480605487228,316800
568,0.7045528203249397,7.045528203249397,316860
569,3.3734018508731487,4.497869134497532,316870
570,24.113817217265495,24.11381721726549,316905
571,16.046213093709884,32.09242618741977,316910
572,6.329194040430891,8.860871656603248,316930
573,12.623473348691894,12.623473348691896,316935
574,6.701759516498514,2.437003460544914,317010
575,5.4684139973662935,7.241953672187795,317020
576,2.232740912744485,7.442469709148281,317070
577,4.811393379522709,4.811393379522709,317100
578,2.451681444857598,2.451681444857598,317120
579,2.551638790012886,10.206555160051543,317130
580,9.332420829963294,3.1108069433210974,320020
581,6.290495061961376,12.580990123922751,320080
582,12.936610608020699,6.468305304010348,320100
583,9.922087985296411,4.724803802522102,320120
584,2.0652196361083,5.421201544784289,320130
585,7.832080200501252,2.6106934001670843,320140
586,3.2122063842601887,4.818309576390283,320150
587,8.631354834997268,2.8771182783324223,320190
588,3.2050254799525657,6.4100509599051305,320230
589,3.247649513664485,3.2476495136644847,320240
590,3.8636890503052315,11.591067150915695,320245
591,7.134703196347032,7.134703196347033,320260
592,6.7499156260546735,6.7499156260546735,320270
593,17.80785326328911,26.711779894933663,320290
594,3.344929087503345,10.034787262510038,320300
595,8.728288382648163,8.728288382648161,320316
596,6.507027589796981,7.690123515214614,320320
597,6.326711375427053,12.653422750854109,320380
598,1.9611303955600008,7.844521582240003,320390
599,8.267879288962382,8.267879288962384,320440
600,15.027048687637746,22.540573031456624,320455
601,20.81165452653486,8.324661810613946,320460
602,5.351170568561873,2.6755852842809364,320470
603,3.183332073264388,3.9791650915804837,320500
604,3.4437633445829605,10.33129003374888,320501
605,13.899184581171237,4.633061527057079,320503
606,4.0691759918616475,20.34587995930824,320506
607,6.512451807856622,2.6049807231426487,320510
608,2.6727633083053037,3.0839576634291967,320520
609,3.02913476895963,6.333645426006499,320530
610,2.569122233697635,4.110595573916217,330010
611,0.7890044342049202,4.734026605229522,330020
612,2.7862759193317395,5.572551838663479,330040
613,0.605103442433484,2.218712622256108,330045
614,11.29262967703079,3.764209892343597,330050
615,2.7725407563491182,2.7725407563491182,330060
616,19.836022216344883,13.22401481089659,330090
617,0.4079235061841204,4.691120321117384,330100
618,4.762018143289126,2.381009071644563,330130
619,0.5611691172922019,2.805845586461009,330170
620,10.358937173046046,1.7264895288410074,330185
621,0.43030370835735865,4.733340791930946,330190
622,13.028042862261017,13.028042862261016,330225
623,1.2288081789472391,4.50562998947321,330240
624,2.105972538118103,3.7907505686125855,330250
625,1.9606817944159782,2.6142423925546376,330270
626,0.5838393274170948,1.7515179822512843,330285
627,20.10373527401391,4.020747054802783,330290
628,0.6315962331600654,2.5263849326402616,330320
629,1.00194778649695,4.80934937518536,330330
630,1.5025411727584277,1.7529647015514989,330350
631,0.68782413712462,2.0634724113738603,330414
632,6.303034123050984,3.1515170615254915,330420
633,29.173531026908293,1.7160900604063702,330430
634,1.417263688995656,4.251791066986969,330452
635,0.3374095474019005,3.8341994022943235,330455
636,5.306588129162355,2.6532940645811776,330480
637,0.0952538801668086,2.5718547645038323,330490
638,2.8430090407687496,11.372036163074998,330500
639,2.2719527433829376,6.2478700443030775,330580
640,8.38738537239991,2.7957951241333032,330620
641,3.0165798771497845,4.1477973310809535,330630
642,5.691681607330886,5.691681607330886,350010
643,2.816266756787203,8.448800270361607,350030
644,16.208331082176237,5.402777027392078,350050
645,2.7114967462039044,18.98047722342733,350070
646,72.55139056831923,48.36759371221282,350080
647,12.331216474505208,18.496824711757814,350100
648,26.350461133069828,52.700922266139656,350120
649,0.4275916328869277,3.848324695982349,350160
650,2.5517364566587566,7.655209369976269,350170
651,9.832427345385081,11.237059823297233,350190
652,3.4873583260680032,5.231037489102006,350210
653,4.008819402685909,24.05291641611545,350270
654,5.131520880158462,9.236737584285232,350280
655,2.5999913333622224,5.633314555618147,350320
656,2.285157142639509,10.664066665651042,350330
657,1.9431813765496873,6.801134817923906,350400
658,8.940645291073883,8.940645291073883,350450
659,17.811553761206437,11.874369174137625,350460
660,28.900063580139875,5.780012716027975,350520
661,2.7524703421320633,5.504940684264127,350530
662,9.118188298877634,9.118188298877632,350550
663,15.663669684533692,9.398201810720217,350560
664,4.859195466744414,6.7281168001076495,350570
665,42.29017566688354,4.879635653871177,350590
666,1.8832898383061152,6.726035136807555,350600
667,7.715950154961999,2.571983384987333,350610
668,5.059277872405012,3.3728519149366747,350635
669,1.6571106618499982,4.1427766546249964,350650
670,3.1453464599125596,3.14534645991256,350660
671,8.305647840531561,8.305647840531561,350680
672,8.8999644001424,17.7999288002848,350690
673,8.418335133921682,7.015279278268068,350750
674,3.654903967398256,9.746410579728684,350760
675,6.26605677047434,4.177371180316227,350840
676,1.080065235940251,2.160130471880502,350850
677,6.102584444512251,6.10258444451225,350860
678,17.55926251097454,17.559262510974538,350910
679,1.3527955520082249,5.4111822080329,350920
680,3.8978756577665172,11.693626973299553,350940
681,2.7062935702693354,5.497158814609588,350950
682,3.886966999650173,1.9434834998250865,350970
683,5.5250653799403295,7.366753839920438,351040
684,6.8501361464559105,7.706403164762898,351050
685,2.521514825246415,4.790878167968189,351060
686,8.111615833874108,40.55807916937054,351070
687,13.26963906581741,3.3174097664543525,351080
688,9.942746352254932,6.628497568169954,351110
689,10.2590407796871,15.388561169530648,351140
690,8.008328661808282,24.024985985424838,355720
691,5.44188071397475,10.8837614279495,351200
692,18.146185671771793,10.887711403063076,351220
693,5.789885070781345,4.342413803086009,351280
694,1.6824395373291272,3.785488958990536,351300
695,2.885919598279992,2.8859195982799917,351310
696,35.612535612535616,11.870845204178536,351320
697,1.5534221890825488,2.330133283623823,351350
698,36.48137169957591,9.120342924893976,351360
699,15.555114162572481,5.025498421754187,351380
700,3.718716299133539,22.312297794801236,351410
701,21.58708228995769,2.158708228995769,351440
702,2.6211927175777183,1.872280512555513,351500
703,4.394316683755676,2.9295444558371173,351510
704,9.05592030790129,13.583880461851935,351518
705,11.811953697141508,23.623907394283012,351520
706,13.10615989515072,5.82495995340032,351550
707,3.1768219073638733,5.294703178939789,351570
708,7.001820473323065,7.001820473323065,351600
709,10.367558756699315,7.487681324282839,351620
710,2.913718954324542,2.9137189543245423,351630
711,2.6755494909767092,1.3377747454883546,351640
712,2.2430577363061324,13.458346417836793,351670
713,9.131586156515388,9.131586156515388,351690
714,17.602534765006162,8.801267382503081,351700
715,2.4821902847072255,4.964380569414451,351740
716,6.901787562978811,3.4508937814894054,351830
717,4.982685169037595,4.982685169037595,351840
718,5.099959200326397,5.0999592003263965,351860
719,1.9013635945912544,2.8520453918868816,351870
720,2.223683264485629,3.1872793457627338,351880
721,3.600586895663993,3.1505135337059937,351907
722,15.542430836182778,15.542430836182778,351920
723,11.786892975011787,23.57378595002357,351925
724,2.9217553906386957,11.687021562554786,351930
725,5.109426892616878,8.515711487694798,351960
726,2.578449320578604,10.313797282314416,351970
727,12.32741617357002,12.32741617357002,351980
728,10.589854918987609,31.76956475696283,352020
729,7.535795026375282,3.767897513187641,352044
730,10.01661087970885,3.7562290798908187,352050
731,25.425883549453342,25.425883549453346,352080
732,2.8642625955947643,8.592787786784292,352100
733,1.0139005769094283,11.15290634600371,352210
734,3.5102704663394317,1.755135233169716,352220
735,2.498906728306366,11.869806959455238,352230
736,2.1374372127818746,5.343593031954686,352240
737,3.9215344528587988,2.6143563019058655,352250
738,21.66729862954336,21.66729862954336,352260
739,16.37541815799939,9.35738180457108,352270
740,2.218174054572627,4.159076352323677,352310
741,3.433387981425371,4.291734976781712,352340
742,3.506864687626028,3.506864687626028,352400
743,7.2439271743854725,4.829284782923648,352410
744,2.612227838512075,6.530569596280188,352430
745,13.486998098768334,6.0909023671856986,352440
746,1.8448822965094827,5.534646889528449,352470
747,4.072490327835471,6.108735491753207,352480
748,3.2923978533565994,4.938596780034898,352500
749,4.661570016781652,6.992355025172478,352510
750,3.50385423966363,7.007708479327261,352520
751,10.933592095012916,5.466796047506458,352530
752,19.338084977070558,5.525167136305873,352570
753,42.25649693640397,21.128248468201985,352580
754,5.860848797427087,6.105050830653218,352590
755,14.739841792364762,4.9132805974549205,352600
756,7.171029042667623,3.5855145213338115,352640
757,3.9531941808981657,5.9297912713472485,352670
758,5.953709905484856,4.465282429113642,352680
759,1.3292967023472055,6.646483511736027,352690
760,6.49173602004648,6.491736020046481,352710
761,1.1366219595362583,9.092975676290068,352720
762,4.355211009973433,6.5328165149601505,352730
763,17.532581380398575,5.844193793466191,352800
764,2.092028326063535,5.230070815158837,352850
765,2.1255430762559833,7.226846459270344,352900
766,15.312177008766222,7.656088504383111,352920
767,13.364598393818266,2.42992698069423,352930
768,4.978301100637439,2.5973744872890987,352940
769,27.22940776038121,3.4036759700476518,353030
770,24.6398237527901,2.898802794445894,353050
771,1.6132712300732195,7.605421513202319,353060
772,24.766392674502665,7.362981605933225,353070
773,4.330644724733395,8.66128944946679,353080
774,28.818443804034583,28.818443804034587,353090
775,18.007563176534145,6.0025210588447155,353130
776,12.298610257040956,4.099536752346984,353140
777,20.796506186960592,20.796506186960595,353150
778,1.7470300489168413,5.241090146750524,353180
779,9.31098696461825,3.103662321539417,353190
780,15.114873035066505,7.557436517533254,353200
781,18.983436951260025,4.745859237815006,353300
782,1.7174163188898621,3.4348326377797243,353340
783,14.916096954630206,7.458048477315103,353350
784,7.402335436830319,3.70116771841516,353390
785,96.98425160485844,2.3091488477347246,353430
786,3.725536835529012,5.015145740135209,353440
787,4.471751942976219,7.154803108761951,353470
788,7.099247479767145,21.297742439301434,353490
789,7.855459544383346,15.710919088766694,353510
790,105.30749789385004,10.530749789385004,353520
791,4.505316273202379,4.505316273202379,353530
792,8.83880234228262,2.209700585570655,353550
793,5.11849311562676,5.11849311562676,353620
794,3.902477097337535,5.853715646006303,353650
795,11.169440411035406,11.169440411035406,353660
796,4.375601645226219,13.126804935678654,353670
797,4.29202970084553,6.438044551268294,353710
798,3.187860626733399,12.751442506933596,353730
799,2.4390243902439024,4.878048780487805,353800
800,6.003842459173871,18.011527377521613,353810
801,7.802235969817931,5.788755719542336,353870
802,5.502366017387477,5.502366017387476,353910
803,3.7008252840383404,3.700825284038341,353920
804,2.649919177465087,5.2998383549301735,353930
805,1.7317816569686895,2.597672485453034,353980
806,4.198329065032118,12.594987195096351,354020
807,5.412036368884399,10.824072737768798,354070
808,5.881660981061052,17.644982943183155,354080
809,0.32255567310917865,7.741336154620288,354100
810,19.508388607101054,19.50838860710105,354105
811,4.556120008201016,6.834180012301522,354130
812,11.985564053961673,4.88300757753994,354140
813,2.5288286465709082,10.115314586283633,354150
814,5.003752814610959,5.003752814610959,354240
815,1.77210703526493,1.7721070352649297,354260
816,7.656967840735069,22.970903522205205,354290
817,21.533161068044787,21.53316106804479,354310
818,1.6413892718797192,2.4620839078195784,354330
819,6.741882626754722,6.741882626754722,354340
820,4.0479274611398965,4.0479274611398965,354410
821,5.61955605507165,16.858668165214947,354425
822,8.590327291469805,17.18065458293961,354490
823,32.30321955421557,10.767739851405189,354540
824,13.045463440088708,19.568195160133058,354560
825,13.636053726051681,13.636053726051678,354600
826,2.9890898221491558,2.989089822149156,354630
827,4.241961482989734,10.604903707474335,354640
828,18.866737941009998,3.1444563235016663,354660
829,1.7852679687221051,5.355803906166316,354680
830,7.249003262051468,10.873504893077204,354750
831,1.5164496879904767,5.3075739079666695,354730
832,33.28578221588207,9.510223490252018,354770
833,5.033338879327098,5.312968817067493,354780
834,14.64343242055938,29.28686484111876,354790
835,4.385772553835358,8.771545107670716,354800
836,8.280773424237823,5.290494132151943,354850
837,4.109074165163028,4.713349777687002,354870
838,5.012280086211217,3.759210064658413,354880
839,4.063587009525048,5.282663112382561,354890
840,1.110013431162517,5.550067155812585,354910
841,11.254924029262803,33.76477208778841,354950
842,25.57825117842657,14.61614353052947,354970
843,12.426302043460993,5.325558018626139,354980
844,3.5550802808229016,2.5596578021924894,354990
845,19.398642095053347,6.466214031684449,354995
846,4.9149710016710895,9.82994200334218,355010
847,3.650804663779062,3.559947534137501,355030
848,8.59648117370623,5.730987449137486,355040
849,5.84535528069396,8.183497392971544,355070
850,16.237720224080537,8.118860112040267,355080
851,6.568144499178982,19.70443349753695,355090
852,4.162273156112992,3.0523336478161935,355100
853,29.31691586045148,58.63383172090296,355130
854,14.48225923244026,7.24112961622013,355140
855,9.134505594884677,9.134505594884676,355150
856,8.969121759904764,6.522997643567102,355170
857,7.661074082586379,15.322148165172758,355180
858,4.972650422675286,2.486325211337643,355210
859,1.515447716296064,5.607156550295437,355220
860,3.6629097422410415,3.6629097422410415,355240
861,3.095240551778216,5.846565486692184,355250
862,1.78805152449273,2.860882439188368,355280
863,30.50873312485699,7.627183281214247,355300
864,4.297932694374007,8.595865388748013,355330
865,23.325428604750613,3.8875714341251024,355340
866,35.423308537017355,35.42330853701735,355365
867,1.7558954188688523,10.535372513213114,355370
868,25.817555938037863,25.817555938037863,355380
869,1.623624384240452,3.5719736453289945,355410
870,14.949917775452235,14.949917775452235,355495
871,47.14255299735393,4.562182548131027,355500
872,4.529344490618595,6.794016735927893,355540
873,54.65675557498906,21.862702229995627,355580
874,12.900728891182352,1.612591111397794,355620
875,15.605493133583021,3.9013732833957553,355630
876,19.96565906640578,5.324175751041541,355670
877,6.4677474991376345,7.545705415660572,355710
878,25.746652935118433,25.746652935118433,410010
879,19.070073853195105,3.4672861551263825,410040
880,18.191740949608878,4.54793523740222,410050
881,5.294927459493804,15.884782378481415,410100
882,4.814868313351631,4.814868313351631,410110
883,13.180440226703572,13.180440226703572,410130
884,18.08713477176297,6.7826755394111125,410140
885,1.6880913595043765,8.440456797521882,410150
886,28.667670035117894,3.5834587543897367,410160
887,5.092686901609289,10.912900503448476,410180
888,12.500781298831177,12.500781298831177,410190
889,8.806951620479097,5.871301080319399,410200
890,26.721636891128416,7.634753397465261,410210
891,150.76971909220757,15.870496746548168,410230
892,3.078249091916518,3.0782490919165184,410240
893,6.3873275421563624,6.387327542156362,410280
894,24.057256269922416,12.028628134961206,410290
895,15.003750937734434,30.00750187546887,410304
896,25.281253950195932,37.92188092529389,410305
897,101.93679918450562,33.97893306150187,410337
898,7.593951417695806,4.746219636059879,410370
899,28.204103697087927,2.3503419747573266,410400
900,89.41116362242943,12.773023374632777,410410
901,125.67846735109065,5.498432946610216,410420
902,21.24344993626965,7.0811499787565495,410425
903,7.4347073380561435,8.496808386349878,410430
904,14.809329877823028,44.427989633469075,410445
905,6.309148264984228,12.618296529968454,410460
906,40.391347275828025,4.487927475092002,410465
907,3.441716102225226,5.3190157943480765,410480
908,11.188654704130013,5.594327352065005,410490
909,17.784101013693757,8.892050506846877,410510
910,8.500510030601836,17.001020061203672,410530
911,5.022349455075084,10.044698910150167,410540
912,2.513478528609669,8.797174850133842,410550
913,24.33879604088918,16.22586402725945,410560
914,5.797101449275362,5.797101449275362,410570
915,28.643398117960253,3.7910379862006223,410580
916,27.838093647347026,16.70285618840822,410620
917,6.16307496353514,6.16307496353514,410640
918,37.02332469455757,10.578092769873589,410680
919,14.095880282483536,4.92569794257789,410690
920,20.07226013649137,10.036130068245685,410720
921,15.752165922814388,8.401155158834339,410765
922,14.019346698443853,14.01934669844385,410820
923,1.5148990319795186,6.817045643907834,410830
924,2.2607810998700053,16.955858249025038,410840
925,10.11326860841424,6.742179072276159,410860
926,6.065384848668648,9.098077273002973,410880
927,11.60227404571296,23.20454809142592,410895
928,18.20830298616169,18.20830298616169,410920
929,7.330840847445201,21.99252254233561,410930
930,8.316515490896187,9.979818589075423,410940
931,11.115433779803258,13.894292224754071,410960
932,48.2392667631452,6.431902235086026,410970
933,9.371017317640003,3.7484069270560014,410980
934,7.875876191226274,7.875876191226274,411007
935,15.76342255430499,9.458053532582994,411010
936,59.44910496069754,6.605456106744171,411050
937,27.20348204570185,6.800870511425463,411060
938,26.479106330161358,9.929664873810509,411070
939,65.98793363499246,18.85369532428356,411080
940,16.10305958132045,32.2061191626409,411110
941,17.11596063329054,8.557980316645269,411120
942,43.63636363636364,10.90909090909091,411125
943,21.743857360295713,7.247952453431905,411140
944,6.112469437652811,9.16870415647922,411150
945,2.4836698706008,7.451009611802401,411180
946,40.204468439492274,8.61524323703406,411200
947,9.371632069724944,18.743264139449888,411210
948,16.957775139901646,16.957775139901646,411220
949,8.320159747067144,16.64031949413429,411250
950,17.048844940755263,17.048844940755266,411280
951,13.071895424836603,26.14379084967321,411295
952,39.5281586119375,6.24128820188487,411320
953,12.35368603106952,21.61895055437166,411330
954,13.072152911956364,8.416317628245878,411370
955,14.558159848595137,21.83723977289271,411390
956,8.680806736306028,2.8936022454353427,411420
957,31.174499259605643,3.896812407450705,411430
958,34.95281370150297,34.95281370150297,411435
959,21.885030639042895,14.590020426028595,411450
960,3.861376580751038,17.37619461337967,411460
961,16.857720836142953,16.857720836142953,411470
962,2.8608210556429694,2.8608210556429694,411480
963,8.851885820508343,6.6389143653812575,411520
964,45.194335643266044,15.064778547755349,411530
965,6.878052135635188,6.878052135635188,411540
966,68.02721088435374,5.6689342403628125,411560
967,20.92675635276532,11.958146487294467,411570
968,19.922303018228906,29.88345452734336,411575
969,26.323871364015268,17.54924757601018,411580
970,6.045949214026602,12.091898428053206,411620
971,15.885623510722796,15.885623510722795,411680
972,10.682238997293833,3.5607463324312776,411690
973,17.155601303825698,17.155601303825698,411720
974,18.613308515588646,18.61330851558865,411725
975,30.61849357011635,8.164931618697691,411760
976,14.69594098110102,5.878376392440408,411770
977,6.376331059108589,3.1881655295542943,411790
978,22.480329711502435,14.986886474334955,411800
979,4.575911096584409,1.3074031704526885,411820
980,1.1383039271485487,1.1383039271485489,411840
981,71.8622227728906,14.868046090942881,411850
982,36.03278983875326,9.008197459688317,411890
983,14.983518130056938,14.983518130056936,411900
984,20.858279578199234,3.0901154930665533,411915
985,15.824662736875421,3.9561656842188553,411940
986,21.34550955443569,5.568393796809311,411950
987,24.98828674059035,6.2470716851475885,411960
988,7.199942400460797,21.59982720138239,411980
989,22.65255625384803,5.517930369527083,411990
990,7.876186350569055,3.938093175284528,411995
991,15.347721822541967,13.429256594724224,412060
992,13.244448368725443,4.414816122908482,412080
993,21.3526931084183,5.338173277104575,412120
994,5.844193793466191,11.688387586932382,412140
995,3.7365018869334525,14.94600754773381,412170
996,13.223140495867769,13.223140495867767,412200
997,29.967036260113876,29.96703626011388,412210
998,33.84198867831651,3.0765444253015013,412220
999,29.535989603331657,2.9535989603331663,412230
1000,3.0899483978617557,9.269845193585267,412240
1001,10.437323870159691,10.437323870159693,412260
1002,8.553588230262596,8.553588230262596,412340
1003,6.939143709666228,13.878287419332453,412380
1004,9.33184023889511,18.66368047779022,412385
1005,4.349338900487126,4.349338900487127,412405
1006,4.365001418625461,2.1825007093127304,412410
1007,33.63605785401951,16.818028927009756,412535
1008,14.957890287126459,4.22722986375313,412550
1009,11.013701044098859,15.419181461738402,412560
1010,43.5331967169599,10.617852857795095,412625
1011,5.143239212055753,5.143239212055753,412630
1012,4.876145894285157,9.752291788570314,412660
1013,7.7643770381489725,1.2940628396914955,412710
1014,41.19828144311695,5.885468777588135,412720
1015,38.90672113607626,9.726680284019064,412750
1016,7.378004692410985,11.067007038616476,412770
1017,8.159268929503916,32.637075718015666,412785
1018,47.29207403028512,5.456777772725206,412810
1019,14.028442667508374,12.274887334069824,412820
1020,15.108783239323127,20.1450443190975,412850
1021,13.267878466233249,39.803635398699754,420100
1022,5.670863105364637,5.670863105364638,420130
1023,7.450454477723142,19.37118164208017,420140
1024,533.1088664421998,56.11672278338946,420160
1025,52.74261603375527,17.58087201125176,420190
1026,0.7392731466422213,5.914185173137771,420200
1027,9.139097057210748,9.139097057210748,421280
1028,3.5995824484359815,7.199164896871962,420210
1029,15.862944162436547,47.588832487309645,420213
1030,1.5024489918567265,10.517142942997086,420230
1031,2.5824000826368025,11.190400358092813,420240
1032,10.208248264597795,20.41649652919559,420260
1033,9.188924283263907,36.755697133055634,420280
1034,33.380428201027804,5.434023195516153,420290
1035,5.1731050269648104,11.639486310670822,420300
1036,33.3000333000333,8.325008325008326,420330
1037,2.8003360403248387,25.203024362923557,420360
1038,18.381339264378802,5.5144017793136415,420380
1039,8.87941751021133,8.879417510211331,420390
1040,8.23113013416742,16.462260268334838,420395
1041,4.688694151791784,7.501910642866856,420420
1042,44.736057262153295,13.5563809885313,420430
1043,14.972301242701004,7.486150621350503,420455
1044,8.51591292952136,12.773869394282038,420460
1045,27.801647879492496,15.164535206995904,420480
1046,22.32142857142857,22.32142857142857,420520
1047,9.306654257794323,18.61330851558865,420530
1048,4.528258390656968,9.26234670816198,420540
1049,17.5530981218185,26.32964718272775,420620
1050,17.596339961288052,13.19725497096604,420630
1051,16.327673073334577,6.997574174286248,420650
1052,10.68319000053416,32.04957000160248,420690
1053,5.469960798614276,10.939921597228553,420700
1054,9.459842966606754,9.459842966606754,420720
1055,4.537616843633724,9.075233687267447,420730
1056,9.022963441959787,13.534445162939685,420750
1057,21.920210434020166,21.920210434020166,420760
1058,13.225763787858748,39.67729136357625,420770
1059,9.722897423432181,19.445794846864363,420780
1060,17.964609718853858,8.98230485942693,420790
1061,4.649865153910536,23.249325769552684,420810
1062,3.762669614091198,9.406674035227995,420820
1063,11.707202856557497,8.780402142418122,420890
1064,13.509862199405566,6.754931099702783,420900
1065,4.332177508374099,8.837642117083162,420910
1066,17.033840563252326,6.308829838241603,420930
1067,28.690604930370107,6.62090883008541,420940
1068,16.483969339817026,16.483969339817026,420970
1069,26.830271701218095,10.732108680487238,421010
1070,12.476606363069246,62.38303181534622,421030
1071,18.23154056517776,42.5402613187481,421060
1072,52.192066805845506,43.493389004871254,421100
1073,6.739906989283548,13.479813978567094,421160
1074,236.96682464454977,39.49447077409162,421165
1075,4.400827355542842,13.202482066628528,421170
1076,5.460601758313766,10.921203516627534,421175
1077,3.031662685083007,7.882322981215818,421190
1078,52.92405398253506,52.924053982535064,421200
1079,36.91626161324063,49.22168215098751,421210
1080,10.51801209571391,10.51801209571391,421220
1081,24.838549428713364,49.67709885742673,421240
1082,48.75670404680643,24.378352023403217,421310
1083,27.834477639636297,18.5563184264242,421320
1084,2.8403442497230666,11.361376998892267,421360
1085,62.11180124223603,62.111801242236034,421390
1086,5.883737349964697,29.41868674982349,421400
1087,17.496282040066486,26.24442306009973,421470
1088,4.758619048752052,16.655166670632187,421500
1089,8.70473537604457,8.704735376044571,421510
1090,5.98766540925693,5.9876654092569295,421550
1091,11.304544426859598,11.304544426859598,421567
1092,7.242702976750923,9.656937302334565,421580
1093,34.494653328734046,34.49465332873405,421590
1094,10.524100189433803,10.524100189433804,421610
1095,2.851846570654499,2.8518465706544984,421630
1096,190.20446980504042,15.850372483753366,421625
1097,3.7529085040906702,18.76454252045335,421650
1098,2.085784129685714,6.674509214994285,421660
1099,11.644154634373544,46.576618537494184,421680
1100,25.318592286268885,16.879061524179257,421690
1101,7.731560228854182,7.731560228854183,421700
1102,186.9158878504673,62.305295950155774,421710
1103,10.347682119205299,10.3476821192053,421730
1104,9.952724558347848,4.976362279173924,421740
1105,11.411617026132602,34.23485107839781,421750
1106,3.3658700774150114,30.292830696735106,421770
1107,16.24651376892042,10.83100917928028,421800
1108,7.009182028457278,2.33639400948576,421820
1109,12.874983906270117,12.874983906270115,421825
1110,11.487980700192423,3.829326900064141,421870
1111,4.722104169617982,4.722104169617982,421900
1112,2.0105352044714304,14.07374643130001,421950
1113,24.92522432701894,49.85044865403788,421960
1114,7.205406937365799,8.646488324838959,430060
1115,4.909622040929882,8.182703401549803,430160
1116,8.706251088281386,17.412502176562768,430200
1117,5.214262746699806,13.904700657866151,430210
1118,14.64343242055938,14.64343242055938,430220
1119,69.95452955578874,34.977264777894376,430225
1120,8.494011721736177,8.494011721736177,430230
1121,14.119640419823975,18.82618722643197,430270
1122,8.662008431021539,5.774672287347692,430280
1123,4.678636177554242,9.357272355108485,430300
1124,3.141739581206114,8.639783848316814,430310
1125,4.530695461753379,12.081854564675677,430350
1126,1.5404997381150445,7.702498690575223,430390
1127,6.979726801860098,6.979726801860098,430460
1128,4.132146030040701,8.264292060081402,430463
1129,36.114120621162876,36.11412062116288,430469
1130,30.478512648582747,9.6247934679735,430470
1131,7.119718059164857,7.119718059164858,430480
1132,10.13701520759159,9.930137346212168,430510
1133,2.5707601737833876,5.141520347566776,430535
1134,12.86008230452675,12.86008230452675,430590
1135,20.48437672344516,15.757212864188585,430610
1136,3.2517152798100994,13.006861119240398,430640
1137,10.367797620590446,18.143645836033283,430676
1138,4.5191612436731745,9.038322487346347,430680
1139,20.30221294121059,14.50158067229328,430700
1140,38.684719535783366,38.684719535783366,430720
1141,2.114746124727726,4.229492249455451,430760
1142,1.1871267970131891,13.058394767145078,430770
1143,1.4379799258002357,5.751919703200942,430790
1144,7.534091765237701,22.602275295713106,430810
1145,10.134108029591596,16.890180049319323,430820
1146,9.228497600590623,9.228497600590623,430830
1147,6.4867669953295275,22.70368448365335,430850
1148,2.974066143231026,2.9740661432310267,430860
1149,17.01258931609391,34.02517863218782,430870
1150,6.00672753483902,24.02691013935608,430890
1151,0.72688681645381,6.54198134808429,430920
1152,3.0201139589667183,17.113979100811406,430930
1153,3.6001440057602307,16.800672026881074,431020
1154,4.859558752065312,9.719117504130624,431033
1155,12.624668602449185,37.874005807347565,431050
1156,3.551640858076431,14.206563432305725,431100
1157,17.370158068438425,8.685079034219212,431110
1158,23.044129508007835,11.522064754003914,431115
1159,7.028888732691362,10.543333099037042,431130
1160,2.505669076285095,16.286848995853113,431140
1161,2.435519618110524,26.79071579921576,431180
1162,5.819028222286878,17.457084666860634,431265
1163,8.165264962848044,16.330529925696087,431270
1164,29.90430622009569,29.90430622009569,431300
1165,4.90075961774075,19.603038470963,431306
1166,4.836759371221282,19.34703748488513,431320
1167,27.754648903691372,27.754648903691372,431335
1168,7.561436672967863,3.780718336483932,431337
1169,47.83544606553456,23.91772303276728,431349
1170,0.4007887522644565,8.015775045289129,431340
1171,6.746424395070613,2.2488081316902044,431350
1172,23.969319271332694,47.93863854266539,431360
1173,37.30914935139479,17.21960739295144,431370
1174,4.786864842871162,14.360594528613484,431390
1175,30.207722515414826,5.330774561543793,431405
1176,17.10270172385173,12.575515973420387,431410
1177,24.73410833539451,24.73410833539451,431430
1178,2.03260885346342,12.776398507484355,431440
1179,28.24060999717594,28.24060999717594,431470
1180,7.946443663418277,7.340358977225358,431490
1181,9.33009889904833,18.66019779809666,431510
1182,120.22120702091848,24.044241404183694,431520
1183,6.686471358022333,13.85054781304626,431560
1184,5.128205128205128,7.6923076923076925,431570
1185,4.780114722753346,9.560229445506693,431600
1186,9.719117504130624,13.36378656817961,431710
1187,6.278005791460343,18.834017374381027,431680
1188,0.3591373520803031,12.92894467489091,431690
1189,2.7490275315107278,20.617706486330462,431720
1190,3.197544285988361,12.790177143953445,431730
1191,3.948043744324687,9.870109360811716,431740
1192,2.362223324593107,16.535563272151748,431760
1193,4.776461597248758,9.552923194497517,431800
1194,32.467532467532465,32.467532467532465,431805
1195,4.2082228674830615,16.832891469932243,431840
1196,1.7322466372762153,6.495924889785807,431870
1197,28.084628346751543,14.042314173375773,431900
1198,4.005286978812032,12.015860936436095,431950
1199,9.961275541333068,8.716116098666435,431990
1200,2.150907683042244,5.018784593765235,432000
1201,8.547739123001966,12.82160868450295,432010
1202,8.973438621679827,17.946877243359655,432020
1203,12.357884330202667,18.536826495304002,432040
1204,12.754695322215492,12.754695322215493,432080
1205,9.05920188431399,13.588802826470987,432090
1206,18.494544109487702,9.247272054743851,432100
1207,1.7378006395106353,10.426803837063812,432120
1208,3.675524681148234,11.026574043444702,432130
1209,3.2419114309797057,9.725734292939118,432145
1210,24.49279503612687,16.328530024084582,432180
1211,2.3115330086913644,11.557665043456822,432240
1212,9.17473278590761,18.34946557181522,432250
1213,3.9883540063015994,3.9883540063016,432280
1214,7.882798551141626,7.488658623584545,432300
1215,6.825938566552901,6.825938566552901,432380
1216,2.599766021058105,20.79812816846484,500060
1217,2.1060612442609834,12.6363674655659,500110
1218,4.109983149069089,8.219966298138177,500210
1219,9.309686729041568,13.964530093562352,500220
1220,20.48340843916428,6.827802813054758,500240
1221,2.974113771290651,8.00722938424406,500270
1222,12.531328320802006,16.70843776106934,500295
1223,1.8198527739105905,3.6397055478211815,500320
1224,39.68450816012699,9.921127040031747,500325
1225,3.0009302883894007,3.0009302883894007,500330
1226,8.983111749910169,26.949335249730506,500348
1227,1.8342818098858618,11.00569085931517,500370
1228,26.063159723730507,21.719299769775425,500470
1229,2.2225185580299596,6.667555674089879,500540
1230,1.8801233360908476,9.400616680454238,500570
1231,11.401425178147269,9.501187648456057,500620
1232,11.974613818704347,21.55430487366782,500630
1233,5.924521594881214,5.924521594881214,500690
1234,5.1101231539680105,10.22024630793602,500740
1235,3.8613020310448682,3.861302031044868,500769
1236,2.553691360862126,12.768456804310631,500830
1237,18.978933383943822,18.978933383943826,510010
1238,16.956624953369282,16.956624953369285,510180
1239,6.573829584424407,8.765106112565876,510250
1240,5.249619402593312,5.249619402593312,510300
1241,6.192333890643384,6.192333890643384,510320
1242,1.6945763389694941,4.914271383011533,510340
1243,7.819219641879741,7.819219641879741,510460
1244,8.862367433753803,8.862367433753803,510510
1245,11.207411835026898,11.207411835026898,510562
1246,11.73516088905579,2.3470321778111582,510622
1247,11.45475372279496,22.909507445589924,510626
1248,2.9735355337496285,2.9735355337496285,510642
1249,4.562876437306078,6.844314655959117,510675
1250,8.336807002917881,16.673614005835766,510677
1251,8.618460742911317,8.618460742911317,510682
1252,1.6865397264432564,5.0596191793297685,510704
1253,6.0562015503875966,6.0562015503875966,510706
1254,0.4498101801039961,8.09658324187193,510760
1255,11.828720132481665,5.914360066240832,510770
1256,1.173392159393591,5.8669607969679545,510792
1257,1.0118589873315256,5.059294936657627,510795
1258,4.74430045289822,7.2989237736895705,510840
1259,6.4374919531350585,6.4374919531350585,510550
1260,5.326231691078561,5.326231691078561,520010
1261,2.042796588529697,7.14978805985394,520025
1262,7.471049682480388,3.735524841240194,520030
1263,0.5331314542226677,6.6641431777833455,520110
1264,4.598546859192496,4.598546859192496,520130
1265,0.553413639801509,5.903078824549429,520140
1266,10.240655401945725,10.240655401945725,520180
1267,3.507049168829347,14.028196675317387,520330
1268,10.487676979549029,20.975353959098054,520390
1269,8.331944675887353,8.331944675887351,520410
1270,6.541505854647739,6.541505854647737,520430
1271,54.03944879762226,5.403944879762227,520440
1272,25.270393207318307,10.108157282927325,520490
1273,7.813034094127528,6.8364048323615885,520510
1274,4.513653802753328,9.027307605506657,520540
1275,141.68319637291017,28.336639274582037,520552
1276,3.6135653242271486,1.8067826621135743,520620
1277,16.351892731583682,16.351892731583682,520740
1278,6.617695718350871,13.235391436701741,520790
1279,25.90919690126005,1.7272797934173365,520800
1280,14.81327862295762,8.88796717377457,520860
1281,0.9549111421078299,6.616170056032822,520870
1282,7.312614259597806,21.93784277879342,520990
1283,6.573325445342799,6.573325445342798,520995
1284,3.823287645045975,1.9116438225229877,521000
1285,3.7387370546229484,7.477474109245898,521010
1286,20.508613617719444,20.508613617719444,521080
1287,4.610206998294223,23.05103499147112,521090
1288,14.289797084881394,14.289797084881394,521130
1289,22.17540747311232,11.087703736556161,521140
1290,9.754860359173959,9.75486035917396,521150
1291,2.074000331840053,6.222000995520159,521180
1292,8.152616990053808,6.114462742540356,521190
1293,1.5028930691581293,5.009643563860432,521250
1294,12.090436464756378,12.090436464756376,521270
1295,3.2577534532186605,6.515506906437321,521308
1296,7.9579818558013695,15.91596371160274,521375
1297,13.223140495867769,6.6115702479338845,521400
1298,2.178032365560952,2.1780323655609517,521460
1299,9.08298212469118,8.17468391222206,521523
1300,15.77287066246057,31.545741324921142,521550
1301,36.347481927224266,4.038609103024919,521730
1302,11.116669445834027,5.558334722917013,521770
1303,2.207261891623441,15.450833241364087,521800
1304,26.799703141749813,8.24606250515379,521850
1305,1.3821827429877263,5.989458552946813,521880
1306,5.00150045013504,20.00600180054016,521890
1307,33.55444854554371,2.5811114265802857,521930
1308,2.78214419853381,2.7821441985338096,521975
1309,3.0195060088169576,18.117036052901746,522010
1310,5.076915266284206,5.076915266284206,522040
1311,0.8246334504312833,8.246334504312832,522140
1312,124.53300124533001,41.511000415110004,522150
1313,2.49488548475625,9.979541939025001,522160
1314,7.312614259597806,7.312614259597807,522200
1315,3.4874799469903053,5.527326708437465,530010
