,COUNTS,MUNCOD
0,37,110001
1,7,110037
2,7,110040
3,9,110034
4,82,110002
5,23,110045
6,1,110003
7,1,110060
8,50,110004
9,13,110070
10,10,110080
11,3,110090
12,8,110005
13,2,110092
14,3,110006
15,3,110007
16,19,110008
17,11,110094
18,15,110009
19,3,110100
20,10,110010
21,2,110110
22,17,110011
23,91,110012
24,15,110013
25,2,110120
26,1,110130
27,7,110140
28,10,110014
29,14,110033
30,1,110050
31,13,110015
32,1,110145
33,30,110018
34,1,110146
35,263,110020
36,14,110025
37,1,110147
38,1,110026
39,39,110028
40,2,110029
41,2,110148
42,10,110149
43,10,110032
44,5,110150
45,3,110155
46,2,110160
47,6,110170
48,3,110175
49,2,110180
50,100,110030
51,6,120001
52,2,120005
53,4,120010
54,1,120013
55,1,120017
56,27,120020
57,2,120025
58,2,120030
59,6,120033
60,2,120035
61,3,120038
62,5,120080
63,57,120040
64,3,120042
65,2,120043
66,6,120050
67,8,120045
68,24,120060
69,4,120070
70,3,130002
71,1,130006
72,3,130010
73,5,130014
74,1,130020
75,3,130030
76,2,130040
77,8,130050
78,2,130060
79,1,130063
80,3,130068
81,6,130070
82,18,130080
83,1,130083
84,10,130100
85,54,130110
86,2,130115
87,29,130120
88,1,130130
89,8,130140
90,6,130160
91,2,130165
92,13,130170
93,12,130180
94,13,130185
95,25,130190
96,1,130195
97,1,130200
98,1,130210
99,1,130220
100,11,130230
101,11,130240
102,27,130250
103,1,130255
104,697,130260
105,5,130270
106,5,130290
107,3,130300
108,8,130310
109,3,130320
110,3,130330
111,101,130340
112,6,130350
113,3,130353
114,2,130356
115,5,130360
116,2,130370
117,1,130380
118,7,130390
119,2,130395
120,1,130400
121,8,130406
122,38,130420
123,4,130430
124,2,130440
125,8,140005
126,2,140002
127,191,140010
128,2,140015
129,9,140017
130,4,140020
131,5,140023
132,1,140028
133,5,140030
134,2,140040
135,4,140045
136,6,140047
137,1,140050
138,1,140070
139,48,150010
140,11,150013
141,18,150020
142,30,150034
143,91,150040
144,30,150050
145,119,150060
146,2,150070
147,141,150080
148,42,150085
149,12,150090
150,9,150095
151,2,150100
152,7,150110
153,10,150120
154,3,150125
155,45,150130
156,454,150140
157,13,150145
158,20,150150
159,46,150157
160,2,150160
161,32,150170
162,39,150172
163,3,150175
164,11,150178
165,58,150180
166,11,150190
167,21,150200
168,8,150195
169,25,150210
170,27,150215
171,19,150220
172,37,150230
173,65,150240
174,25,150270
175,19,150275
176,13,150276
177,20,150277
178,16,150280
179,4,150285
180,13,150290
181,38,150293
182,18,150295
183,1,150300
184,32,150304
185,24,150307
186,12,150309
187,16,150310
188,25,150320
189,24,150330
190,71,150345
191,10,150350
192,213,150360
193,15,150370
194,9,150375
195,10,150380
196,13,150390
197,2,150400
198,29,150405
199,174,150420
200,18,150430
201,8,150440
202,53,150442
203,72,150445
204,8,150450
205,7,150460
206,29,150470
207,5,150475
208,34,150480
209,65,150490
210,14,150495
211,8,150497
212,6,150500
213,44,150503
214,28,150506
215,39,150510
216,5,150520
217,26,150530
218,13,150540
219,47,150543
220,30,150548
221,3,150549
222,47,150550
223,122,150553
224,8,150555
225,1,150560
226,11,150563
227,94,150565
228,3,150570
229,13,150580
230,10,150590
231,17,150600
232,6,150610
233,2,150611
234,130,150613
235,21,150616
236,49,150618
237,49,150619
238,15,150620
239,9,150630
240,9,150635
241,21,150650
242,7,150655
243,6,150658
244,22,150660
245,40,150670
246,167,150680
247,1,150690
248,10,150700
249,23,150715
250,16,150720
251,187,150730
252,9,150740
253,22,150745
254,3,150747
255,9,150750
256,26,150760
257,13,150770
258,10,150780
259,32,150790
260,57,150795
261,5,150796
262,33,150797
263,29,150800
264,11,150803
265,9,150805
266,91,150808
267,29,150810
268,57,150812
269,33,150815
270,11,150820
271,25,150830
272,17,150835
273,94,150840
274,1,160020
275,1,160021
276,1,160025
277,46,160027
278,101,160030
279,5,160040
280,6,160050
281,1,160015
282,2,160053
283,11,160060
284,2,160070
285,6,160080
286,2,170030
287,2,170035
288,2,170070
289,4,170100
290,4,170105
291,2,170110
292,2,170130
293,4,170190
294,6,170200
295,119,170210
296,4,170215
297,12,170220
298,9,170230
299,1,170240
300,10,170255
301,7,170290
302,3,170300
303,5,170305
304,3,170307
305,3,170310
306,5,170320
307,1,170330
308,1,170360
309,5,170370
310,7,170380
311,5,170384
312,2,170386
313,2,170388
314,1,170410
315,23,170550
316,3,171670
317,3,170555
318,2,170560
319,3,170600
320,6,170650
321,5,170700
322,2,170710
323,1,170720
324,3,170730
325,3,170740
326,3,170755
327,1,170765
328,8,170820
329,3,170825
330,4,170830
331,4,170900
332,15,170930
333,40,170950
334,2,170980
335,6,171050
336,1,171090
337,4,171150
338,1,171180
339,7,171190
340,1,171195
341,1,171240
342,2,171245
343,3,171250
344,1,171270
345,1,171280
346,12,171320
347,2,171330
348,2,171370
349,5,171395
350,5,171420
351,3,171430
352,13,171488
353,3,171550
354,84,172100
355,1,171570
356,2,171380
357,2,171575
358,12,171610
359,3,171620
360,2,171630
361,7,171650
362,8,171660
363,2,171665
364,3,171700
365,2,171720
366,4,171750
367,1,171790
368,1,171800
369,23,171820
370,4,171840
371,2,171850
372,1,171855
373,2,171870
374,2,171875
375,1,171880
376,4,171886
377,1,171889
378,1,171890
379,1,172000
380,2,172010
381,4,172020
382,1,172025
383,1,172030
384,4,172049
385,2,172065
386,1,172080
387,1,172085
388,2,172090
389,1,172093
390,1,172097
391,2,172110
392,14,172120
393,2,172125
394,1,172130
395,8,172208
396,9,172210
397,70,210005
398,1,210010
399,12,210015
400,10,210020
401,4,210030
402,2,210040
403,9,210043
404,23,210047
405,6,210050
406,3,210055
407,30,210060
408,8,210070
409,7,210080
410,13,210083
411,34,210090
412,29,210095
413,16,210100
414,6,210110
415,60,210120
416,6,210125
417,20,210130
418,1,210135
419,60,210140
420,15,210150
421,34,210160
422,32,210170
423,15,210177
424,2,210173
425,5,210180
426,26,210190
427,5,210193
428,2,210197
429,27,210200
430,22,210203
431,5,210207
432,7,210210
433,7,210215
434,9,210220
435,36,210230
436,35,210232
437,14,210235
438,5,210237
439,7,210240
440,2,210250
441,5,210255
442,1,210260
443,10,210270
444,5,210275
445,14,210280
446,6,210290
447,30,210300
448,18,210310
449,8,210312
450,3,210315
451,7,210317
452,44,210320
453,21,210325
454,69,210330
455,10,210340
456,79,210350
457,2,210355
458,31,210360
459,47,210370
460,12,210375
461,21,210380
462,20,210400
463,23,210405
464,4,210407
465,2,210408
466,22,210409
467,6,210410
468,12,210420
469,15,210440
470,6,210450
471,12,210455
472,18,210460
473,3,210462
474,8,210465
475,18,210467
476,5,210470
477,53,210480
478,13,210490
479,6,210500
480,9,210510
481,13,210515
482,7,210520
483,292,210530
484,14,210535
485,33,210540
486,14,210542
487,11,210545
488,11,210547
489,11,210550
490,11,210560
491,7,210565
492,30,210570
493,7,210580
494,9,210594
495,6,210590
496,3,210592
497,2,210596
498,9,210600
499,6,210610
500,2,210620
501,9,210630
502,9,210632
503,3,210635
504,6,210640
505,9,210650
506,11,210660
507,5,210663
508,3,210667
509,18,210670
510,7,210675
511,32,210680
512,4,210690
513,7,210700
514,8,210710
515,2,210720
516,4,210725
517,3,210730
518,13,210735
519,11,210740
520,7,210745
521,39,210750
522,10,210760
523,20,210770
524,24,210780
525,11,210790
526,16,210800
527,6,210805
528,22,210810
529,23,210820
530,14,210825
531,10,210830
532,5,210840
533,21,210845
534,24,210850
535,82,210860
536,13,210870
537,7,210880
538,22,210890
539,15,210900
540,8,210905
541,45,210910
542,7,210920
543,4,210923
544,13,210927
545,3,210930
546,2,210940
547,13,210945
548,9,210950
549,11,210955
550,14,210960
551,7,210970
552,8,210975
553,25,210980
554,83,210990
555,57,211000
556,14,211003
557,7,211010
558,22,211020
559,5,211023
560,1,211027
561,11,211030
562,9,211040
563,11,211050
564,12,211060
565,2,211065
566,28,211070
567,10,211080
568,6,211085
569,7,211090
570,17,211100
571,10,211102
572,9,211105
573,4,211107
574,32,211110
575,85,211120
576,7,211125
577,466,211130
578,5,211140
579,17,211150
580,7,211153
581,2,211157
582,16,211160
583,6,211163
584,14,211170
585,1,211172
586,4,211174
587,13,211176
588,17,211178
589,15,211180
590,4,211190
591,5,211195
592,7,211200
593,59,211210
594,102,211220
595,10,211223
596,3,211227
597,24,211230
598,18,211240
599,14,211245
600,29,211250
601,10,211260
602,24,211270
603,15,211280
604,10,211285
605,15,211290
606,18,211300
607,25,211400
608,4,220005
609,5,220010
610,16,220020
611,2,220025
612,2,220027
613,11,220030
614,34,220040
615,3,220045
616,12,220050
617,6,220060
618,5,220070
619,3,220080
620,6,220090
621,7,220100
622,4,220105
623,8,220110
624,4,220115
625,2,220117
626,46,220120
627,2,220130
628,2,220140
629,24,220150
630,3,220157
631,9,220160
632,7,220170
633,2,220173
634,6,220177
635,1,220180
636,16,220190
637,12,220191
638,4,220192
639,13,220194
640,3,220196
641,1,220198
642,19,220200
643,3,220202
644,12,220205
645,1,220207
646,13,220208
647,4,220210
648,6,220213
649,1,220217
650,83,220220
651,1,220225
652,11,220230
653,4,220240
654,1,220245
655,2,220250
656,10,220253
657,3,220255
658,25,220260
659,5,220265
660,39,220270
661,13,220271
662,6,220273
663,4,220275
664,5,220277
665,2,220280
666,4,220285
667,11,220290
668,1,220300
669,8,220310
670,11,220320
671,2,220323
672,3,220327
673,3,220325
674,9,220330
675,4,220335
676,9,220340
677,3,220342
678,8,220350
679,3,220360
680,40,220370
681,1,220375
682,5,220385
683,41,220390
684,4,220400
685,2,220410
686,4,220415
687,2,220420
688,7,220430
689,1,220435
690,2,220440
691,8,220450
692,4,220455
693,2,220460
694,13,220465
695,4,220470
696,5,220480
697,7,220490
698,11,220500
699,9,220510
700,3,220515
701,6,220520
702,11,220527
703,2,220530
704,1,220535
705,18,220540
706,47,220550
707,9,220551
708,5,220552
709,4,220553
710,9,220555
711,5,220557
712,1,220556
713,4,220558
714,5,220559
715,2,220554
716,2,220560
717,29,220570
718,19,220580
719,2,220585
720,1,220590
721,7,220595
722,4,220600
723,3,220605
724,6,220610
725,24,220620
726,5,220630
727,5,220635
728,8,220640
729,2,220650
730,2,220660
731,3,220665
732,1,220667
733,4,220669
734,5,220670
735,8,220672
736,4,220675
737,5,220680
738,2,220795
739,9,220690
740,3,220695
741,22,220700
742,2,220710
743,6,220730
744,1,220735
745,5,220740
746,6,220750
747,1,220755
748,26,220760
749,189,220770
750,1,220775
751,3,220777
752,1,220779
753,18,220780
754,1,220785
755,21,220790
756,53,220800
757,12,220810
758,10,220820
759,26,220830
760,35,220840
761,8,220850
762,1,220855
763,5,220865
764,6,220870
765,10,220880
766,1,220885
767,1,220887
768,4,220890
769,2,220900
770,2,220910
771,2,220915
772,2,220920
773,2,220930
774,2,220935
775,3,220940
776,1,220945
777,3,220950
778,1,220955
779,4,220960
780,4,220970
781,5,220980
782,2,220985
783,1,220987
784,11,220990
785,4,220997
786,12,221000
787,1,221005
788,7,221020
789,3,221030
790,4,221035
791,2,221037
792,1,221038
793,12,221040
794,4,221050
795,18,221060
796,16,221065
797,3,221070
798,6,221080
799,1,221090
800,1,221093
801,2,221097
802,630,221100
803,33,221110
804,21,221120
805,13,221130
806,1,221135
807,1,221150
808,5,221160
809,5,221170
810,27,230010
811,6,230015
812,29,230020
813,36,230030
814,21,230040
815,13,230050
816,19,230060
817,17,230070
818,23,230075
819,15,230080
820,12,230090
821,39,230100
822,30,230110
823,17,230120
824,8,230125
825,41,230130
826,7,230140
827,6,230150
828,33,230160
829,18,230170
830,4,230180
831,7,230185
832,638,230190
833,15,230195
834,33,230200
835,8,230205
836,25,230210
837,21,230220
838,18,230230
839,27,230240
840,69,230250
841,30,230260
842,34,230270
843,35,230280
844,9,230290
845,13,230300
846,8,230310
847,67,230320
848,18,230330
849,12,230340
850,37,230350
851,7,230360
852,7,230365
853,149,230370
854,35,230380
855,2,230390
856,7,230393
857,4,230395
858,11,230400
859,29,230410
860,228,230420
861,8,230423
862,15,230425
863,9,230426
864,4,230427
865,25,230428
866,61,230430
867,17,230435
868,1429,230440
869,6,230445
870,11,230450
871,8,230460
872,11,230465
873,18,230470
874,7,230480
875,11,230490
876,11,230495
877,15,230500
878,9,230510
879,9,230520
880,29,230523
881,15,230526
882,13,230530
883,6,230533
884,18,230535
885,54,230540
886,92,230550
887,11,230560
888,4,230565
889,3,230570
890,18,230580
891,15,230590
892,16,230600
893,9,230610
894,1,230620
895,22,230625
896,27,230630
897,78,230640
898,11,230650
899,21,230655
900,24,230660
901,16,230670
902,15,230680
903,23,230690
904,28,230700
905,127,230710
906,12,230720
907,11,230725
908,377,230730
909,39,230740
910,28,230750
911,118,230760
912,13,230763
913,101,230765
914,42,230770
915,14,230780
916,9,230790
917,12,230800
918,68,230810
919,3,230820
920,57,230830
921,15,230835
922,9,230837
923,112,230840
924,29,230850
925,11,230860
926,45,230870
927,1,230880
928,13,230890
929,5,230900
930,9,230910
931,30,230920
932,13,230930
933,11,230940
934,23,230945
935,33,230950
936,23,230960
937,19,230970
938,14,230980
939,2,230990
940,9,231000
941,10,231010
942,20,231020
943,23,231025
944,23,231030
945,6,231040
946,29,231050
947,11,231060
948,18,231070
949,17,231080
950,14,231085
951,12,231090
952,4,231095
953,11,231100
954,26,231110
955,18,231120
956,10,231123
957,11,231126
958,38,231130
959,19,231135
960,76,231140
961,29,231150
962,19,231160
963,8,231170
964,59,231180
965,14,231190
966,34,231195
967,12,231220
968,9,231200
969,45,231210
970,23,231230
971,31,231240
972,17,231250
973,3,231260
974,19,231270
975,6,231280
976,111,231290
977,13,231300
978,50,231310
979,18,231320
980,27,231325
981,77,231330
982,16,231335
983,36,231340
984,29,231350
985,10,231355
986,14,231360
987,1,231370
988,11,231375
989,7,231380
990,5,231390
991,8,231395
992,37,231400
993,32,231410
994,3,240010
995,16,240020
996,6,240030
997,2,240040
998,12,240050
999,3,240060
1000,5,240070
1001,5,240080
1002,2,240090
1003,14,240100
1004,12,240110
1005,2,240120
1006,3,240130
1007,16,240145
1008,2,240150
1009,2,240160
1010,1,240165
1011,2,240170
1012,7,240180
1013,1,240185
1014,21,240200
1015,4,240210
1016,16,240220
1017,8,240230
1018,2,240250
1019,25,240260
1020,4,240270
1021,8,240280
1022,3,240290
1023,4,240300
1024,14,240310
1025,1,240320
1026,4,240330
1027,1,240340
1028,1,240350
1029,10,240360
1030,1,240370
1031,4,240380
1032,2,240390
1033,1,240410
1034,7,240420
1035,6,240430
1036,7,240440
1037,5,240450
1038,3,240460
1039,5,240470
1040,2,240485
1041,1,240490
1042,1,240500
1043,3,240510
1044,2,240520
1045,4,240530
1046,2,240540
1047,5,240560
1048,3,240570
1049,19,240580
1050,2,240590
1051,5,240600
1052,10,240610
1053,1,240615
1054,8,240620
1055,1,240640
1056,9,240650
1057,7,240660
1058,8,240670
1059,2,240680
1060,1,240690
1061,5,240700
1062,21,240710
1063,15,240720
1064,1,240725
1065,2,240730
1066,5,240740
1067,4,240750
1068,5,240760
1069,2,240770
1070,12,240780
1071,2,240790
1072,99,240800
1073,270,240810
1074,8,240820
1075,8,240830
1076,3,240840
1077,2,240850
1078,2,240880
1079,7,240890
1080,76,240325
1081,5,240910
1082,5,240930
1083,13,240940
1084,4,240950
1085,1,240960
1086,1,240970
1087,5,240980
1088,6,240990
1089,1,241000
1090,5,241010
1091,4,241020
1092,5,241040
1093,1,241060
1094,2,241080
1095,4,241090
1096,2,240895
1097,2,241100
1098,1,241110
1099,14,241120
1100,4,240933
1101,2,241140
1102,8,241150
1103,3,241170
1104,19,241200
1105,20,241220
1106,4,241230
1107,3,241240
1108,8,241250
1109,5,241255
1110,9,241260
1111,1,241290
1112,3,241300
1113,2,241310
1114,4,241320
1115,8,241030
1116,2,241330
1117,10,241335
1118,1,241340
1119,4,241350
1120,2,241355
1121,2,241360
1122,1,241370
1123,1,241380
1124,2,241390
1125,3,241400
1126,2,241410
1127,4,241415
1128,2,241105
1129,7,241420
1130,10,241440
1131,1,241445
1132,3,241450
1133,6,241460
1134,1,241470
1135,1,241475
1136,7,241480
1137,1,241500
1138,3,250010
1139,10,250030
1140,3,250040
1141,4,250050
1142,1,250053
1143,5,250060
1144,2,250077
1145,6,250080
1146,4,250090
1147,10,250100
1148,13,250110
1149,2,250115
1150,4,250120
1151,2,250130
1152,2,250135
1153,6,250150
1154,2,250153
1155,3,250160
1156,1,250157
1157,4,250170
1158,21,250180
1159,6,250190
1160,4,250215
1161,5,250230
1162,2,250240
1163,5,250250
1164,1,250270
1165,4,250280
1166,1,250290
1167,2,250300
1168,19,250320
1169,3,250330
1170,4,250350
1171,2,250355
1172,26,250370
1173,1,250380
1174,6,250390
1175,114,250400
1176,5,250403
1177,2,250407
1178,2,250410
1179,1,250415
1180,9,250430
1181,3,250435
1182,2,250440
1183,2,250450
1184,4,250460
1185,3,250470
1186,3,250480
1187,8,250490
1188,6,250500
1189,10,250510
1190,2,250520
1191,3,250527
1192,1,250535
1193,2,250540
1194,1,250560
1195,1,250570
1196,1,250580
1197,1,250590
1198,9,250600
1199,3,250610
1200,4,250620
1201,6,250625
1202,12,250630
1203,5,250640
1204,1,250660
1205,3,250260
1206,7,250670
1207,3,250680
1208,5,250690
1209,4,250700
1210,8,250710
1211,3,250720
1212,5,250730
1213,3,250740
1214,160,250750
1215,1,250760
1216,4,250770
1217,3,250780
1218,2,250790
1219,2,250800
1220,1,250810
1221,3,250820
1222,8,250830
1223,1,250840
1224,1,250855
1225,11,250860
1226,1,250870
1227,12,250890
1228,2,250900
1229,1,250905
1230,6,250910
1231,2,250915
1232,3,250920
1233,4,250930
1234,6,250933
1235,2,250939
1236,5,250940
1237,4,250950
1238,13,250970
1239,4,250980
1240,2,251000
1241,2,251010
1242,2,251030
1243,1,251040
1244,1,251050
1245,3,251060
1246,1,251065
1247,26,251080
1248,4,251090
1249,1,251100
1250,4,251110
1251,18,251120
1252,2,251130
1253,2,251140
1254,2,251150
1255,2,251160
1256,2,251170
1257,1,251180
1258,3,251190
1259,5,251200
1260,4,251203
1261,1,251207
1262,7,251210
1263,1,251220
1264,5,251230
1265,3,251240
1266,6,251250
1267,3,251260
1268,5,251270
1269,2,251278
1270,2,251290
1271,2,251310
1272,3,251315
1273,3,251320
1274,2,251330
1275,1,251335
1276,6,251340
1277,33,251370
1278,3,251360
1279,5,251385
1280,9,251390
1281,1,251396
1282,2,251400
1283,3,250070
1284,1,251420
1285,6,251440
1286,3,251450
1287,1,251455
1288,1,251465
1289,2,251470
1290,1,251490
1291,1,251500
1292,1,251510
1293,2,251540
1294,10,251530
1295,1,251550
1296,3,251560
1297,1,251580
1298,3,251590
1299,6,251600
1300,7,251610
1301,3,251615
1302,21,251620
1303,5,251630
1304,7,251650
1305,1,251660
1306,1,251670
1307,2,251675
1308,2,251680
1309,6,251690
1310,8,251700
1311,2,251720
1312,1,250550
1313,2,251740
1314,54,260005
1315,14,260010
1316,4,260020
1317,11,260030
1318,12,260040
1319,21,260050
1320,6,260060
1321,24,260070
1322,12,260080
1323,9,260090
1324,3,260100
1325,3,260105
1326,39,260110
1327,21,260120
1328,7,260130
1329,23,260140
1330,6,260150
1331,8,260160
1332,39,260170
1333,8,260180
1334,32,260190
1335,9,260200
1336,28,260210
1337,14,260220
1338,18,260230
1339,8,260240
1340,3,260250
1341,21,260260
1342,11,260270
1343,16,260280
1344,110,260290
1345,7,260300
1346,13,260310
1347,10,260320
1348,2,260330
1349,1,260340
1350,71,260345
1351,7,260350
1352,2,260360
1353,6,260370
1354,11,260380
1355,5,260390
1356,8,260392
1357,43,260400
1358,104,260410
1359,2,260415
1360,17,260420
1361,5,260430
1362,3,260440
1363,13,260450
1364,11,260460
1365,6,260470
1366,9,260480
1367,14,260490
1368,11,260500
1369,12,260510
1370,1,260515
1371,28,260520
1372,11,260530
1373,13,260540
1374,1,260545
1375,6,260550
1376,8,260560
1377,19,260570
1378,3,260580
1379,9,260590
1380,48,260600
1381,12,260610
1382,23,260620
1383,5,260630
1384,45,260640
1385,11,260650
1386,7,260660
1387,6,260670
1388,58,260680
1389,4,260690
1390,16,260760
1391,4,260700
1392,2,260710
1393,46,260720
1394,28,260730
1395,1,260740
1396,19,260750
1397,6,260765
1398,5,260770
1399,19,260775
1400,13,260780
1401,321,260790
1402,4,260795
1403,17,260800
1404,5,260805
1405,7,260810
1406,8,260820
1407,4,260825
1408,3,260830
1409,11,260840
1410,15,260850
1411,1,260845
1412,5,260860
1413,10,260870
1414,5,260875
1415,20,260880
1416,20,260890
1417,12,260900
1418,7,260910
1419,12,260915
1420,2,260920
1421,7,260930
1422,4,261430
1423,28,260940
1424,16,260950
1425,209,260960
1426,10,260970
1427,3,260980
1428,27,260990
1429,17,261000
1430,4,261010
1431,22,261020
1432,12,261030
1433,9,261040
1434,16,261050
1435,24,261060
1436,164,261070
1437,5,261080
1438,22,261090
1439,13,261100
1440,149,261110
1441,7,261120
1442,9,261130
1443,12,261140
1444,7,261150
1445,3,261153
1446,833,261160
1447,8,261170
1448,25,261180
1449,7,261190
1450,1,261200
1451,1,261210
1452,31,261220
1453,8,261230
1454,11,261240
1455,4,261245
1456,9,261247
1457,38,261250
1458,1,261255
1459,6,261260
1460,6,261270
1461,2,261280
1462,6,261290
1463,15,261300
1464,21,261310
1465,12,261320
1466,15,261330
1467,8,261340
1468,20,261350
1469,8,261360
1470,56,261370
1471,9,261380
1472,43,261390
1473,11,261400
1474,13,261410
1475,13,261420
1476,1,261440
1477,25,261450
1478,11,261460
1479,5,261470
1480,8,261480
1481,13,261485
1482,10,261500
1483,3,261520
1484,27,261530
1485,19,261540
1486,7,261550
1487,16,261560
1488,6,261570
1489,8,261580
1490,1,261590
1491,5,261600
1492,2,261610
1493,3,261618
1494,6,261620
1495,25,261630
1496,54,261640
1497,7,261650
1498,9,270010
1499,10,270020
1500,152,270030
1501,2,270040
1502,2,270060
1503,5,270070
1504,1,270090
1505,4,270100
1506,1,270110
1507,6,270120
1508,1,270130
1509,10,270140
1510,5,270150
1511,8,270160
1512,1,270170
1513,12,270180
1514,8,270200
1515,28,270230
1516,23,270235
1517,23,270240
1518,8,270250
1519,7,270255
1520,34,270260
1521,3,270270
1522,3,270280
1523,26,270290
1524,14,270310
1525,14,270320
1526,3,270330
1527,6,270340
1528,4,270370
1529,5,270375
1530,1,270380
1531,18,270400
1532,23,270410
1533,16,270420
1534,93,270430
1535,18,270440
1536,1,270490
1537,6,270450
1538,13,270460
1539,9,270470
1540,4,270480
1541,14,270500
1542,4,270510
1543,3,270520
1544,3,270530
1545,5,270540
1546,2,270550
1547,1,270560
1548,13,270570
1549,5,270580
1550,3,270590
1551,5,270600
1552,4,270610
1553,4,270620
1554,32,270630
1555,12,270640
1556,5,270642
1557,1,270644
1558,1,270660
1559,17,270670
1560,5,270680
1561,2,270690
1562,11,270710
1563,8,270720
1564,4,270730
1565,1,270740
1566,5,270750
1567,5,270760
1568,4,270770
1569,22,270800
1570,3,270810
1571,2,270820
1572,2,270830
1573,13,270840
1574,4,270850
1575,7,270860
1576,31,270880
1577,6,270895
1578,21,270910
1579,13,270915
1580,8,270920
1581,8,270930
1582,1,270940
1583,10,280020
1584,174,280030
1585,1,280040
1586,5,280050
1587,7,280060
1588,15,280067
1589,2,280070
1590,5,280100
1591,7,280120
1592,10,280130
1593,7,280140
1594,2,280150
1595,2,280160
1596,6,280170
1597,1,280190
1598,13,280210
1599,2,280220
1600,4,280230
1601,3,280240
1602,2,280260
1603,2,280270
1604,2,280280
1605,33,280290
1606,14,280300
1607,3,280310
1608,12,280320
1609,5,280330
1610,3,280340
1611,30,280350
1612,14,280360
1613,2,280380
1614,4,280390
1615,7,280400
1616,6,280410
1617,5,280420
1618,2,280430
1619,6,280440
1620,4,280445
1621,6,280450
1622,7,280460
1623,54,280480
1624,1,280490
1625,6,280510
1626,2,280520
1627,3,280530
1628,9,280540
1629,7,280550
1630,6,280560
1631,6,280570
1632,8,280580
1633,1,280590
1634,6,280600
1635,1,280610
1636,4,280620
1637,3,280630
1638,4,280650
1639,3,280640
1640,5,280660
1641,26,280670
1642,2,280680
1643,2,280690
1644,1,280700
1645,22,280710
1646,2,280720
1647,16,280740
1648,3,280750
1649,15,280760
1650,1,290010
1651,3,290020
1652,4,290030
1653,6,290035
1654,11,290040
1655,1,290060
1656,37,290070
1657,14,290080
1658,2,290090
1659,15,290100
1660,9,290110
1661,6,290115
1662,18,290120
1663,6,290130
1664,6,290135
1665,5,290140
1666,2,290150
1667,6,290160
1668,4,290170
1669,3,290180
1670,2,290190
1671,2,290195
1672,8,290200
1673,10,290210
1674,1,290220
1675,2,290225
1676,3,290230
1677,5,290240
1678,6,290250
1679,3,290260
1680,1,290265
1681,15,290270
1682,32,290280
1683,33,290290
1684,4,290300
1685,45,290320
1686,6,290323
1687,1,290330
1688,5,290327
1689,8,290340
1690,10,290350
1691,2,290360
1692,6,290370
1693,9,290380
1694,43,290390
1695,25,290395
1696,6,290400
1697,4,290405
1698,13,290410
1699,2,290420
1700,1,290430
1701,5,290440
1702,10,290450
1703,48,290460
1704,6,290470
1705,10,290475
1706,9,290480
1707,17,290485
1708,13,290490
1709,18,290500
1710,19,290510
1711,5,290515
1712,33,290520
1713,7,290530
1714,3,290540
1715,7,290550
1716,9,290560
1717,94,290570
1718,8,290580
1719,48,290590
1720,13,290600
1721,8,290610
1722,6,290620
1723,6,290630
1724,19,290650
1725,5,290660
1726,22,290670
1727,48,290680
1728,11,290682
1729,6,290685
1730,16,290687
1731,5,290689
1732,8,290690
1733,2,290700
1734,17,290710
1735,17,290720
1736,8,290730
1737,2,290740
1738,4,290750
1739,4,290755
1740,2,290760
1741,2,290770
1742,5,290780
1743,2,290790
1744,4,290800
1745,2,290810
1746,10,290820
1747,4,290830
1748,65,290840
1749,20,290850
1750,2,290860
1751,11,290870
1752,5,290890
1753,8,290900
1754,3,290910
1755,5,290920
1756,8,290930
1757,3,290940
1758,1,290950
1759,8,290960
1760,1,290970
1761,12,290980
1762,4,290990
1763,3,291000
1764,17,291005
1765,2,291020
1766,6,291030
1767,63,291040
1768,11,291050
1769,8,290050
1770,3,291060
1771,43,291070
1772,28,291072
1773,3,291075
1774,1,291077
1775,329,291080
1776,10,291085
1777,3,291090
1778,3,291100
1779,5,291110
1780,11,291120
1781,6,291130
1782,7,291140
1783,10,291160
1784,4,291165
1785,45,291170
1786,2,291180
1787,1,291185
1788,9,291190
1789,10,291200
1790,5,291210
1791,23,291220
1792,9,291230
1793,6,291240
1794,8,291250
1795,2,291260
1796,8,291270
1797,3,291280
1798,16,291290
1799,64,291300
1800,2,291310
1801,11,291320
1802,3,291330
1803,3,291340
1804,2,291345
1805,11,291350
1806,52,291360
1807,2,291370
1808,16,291380
1809,9,291390
1810,19,291400
1811,2,291410
1812,4,291420
1813,7,291430
1814,6,291440
1815,16,291450
1816,18,291460
1817,9,291465
1818,67,291470
1819,95,291480
1820,1,291490
1821,4,291500
1822,8,291510
1823,4,291520
1824,1,291530
1825,2,291535
1826,6,291540
1827,4,291550
1828,25,291560
1829,2,291570
1830,27,291580
1831,1,291590
1832,5,291600
1833,8,291610
1834,3,291620
1835,5,291630
1836,49,291640
1837,15,291680
1838,5,291685
1839,16,291690
1840,16,291700
1841,8,291710
1842,1,291720
1843,13,291730
1844,2,291733
1845,4,291735
1846,5,291740
1847,32,291750
1848,9,291760
1849,14,291770
1850,6,291780
1851,2,291790
1852,74,291800
1853,6,291810
1854,6,291820
1855,5,291830
1856,14,291835
1857,65,291840
1858,2,291850
1859,1,291855
1860,4,291860
1861,2,291870
1862,7,291875
1863,5,291880
1864,1,291890
1865,2,291900
1866,6,291905
1867,3,291910
1868,6,291915
1869,77,291920
1870,4,291930
1871,2,291940
1872,29,291950
1873,15,291955
1874,3,291960
1875,9,291970
1876,26,291980
1877,1,291990
1878,2,291992
1879,3,291995
1880,5,292000
1881,12,292010
1882,4,292020
1883,6,292030
1884,5,292040
1885,18,292050
1886,14,292060
1887,3,292070
1888,4,292080
1889,3,292090
1890,21,292100
1891,3,292105
1892,11,292110
1893,13,292120
1894,2,292130
1895,7,292140
1896,14,292145
1897,41,292150
1898,1,292160
1899,18,292170
1900,5,292180
1901,11,292190
1902,8,292200
1903,4,292205
1904,1,292210
1905,1,292220
1906,6,292225
1907,5,292230
1908,14,292240
1909,2,292250
1910,5,292260
1911,14,292265
1912,12,292270
1913,2,292273
1914,4,292275
1915,2,292280
1916,2,292285
1917,3,292290
1918,12,292300
1919,40,292303
1920,2,292305
1921,6,292310
1922,12,292320
1923,4,292335
1924,8,292340
1925,2,292350
1926,19,292360
1927,6,292370
1928,9,292380
1929,2,292390
1930,55,292400
1931,6,292405
1932,1,292420
1933,12,292430
1934,13,292440
1935,14,292450
1936,16,292460
1937,4,292465
1938,8,292470
1939,6,292480
1940,5,292490
1941,5,292500
1942,71,292510
1943,3,292520
1944,16,292525
1945,54,292530
1946,7,292550
1947,4,292560
1948,5,292570
1949,14,292575
1950,5,292580
1951,8,292590
1952,4,292593
1953,11,292595
1954,67,292600
1955,3,292610
1956,2,292620
1957,13,292630
1958,26,292640
1959,3,292650
1960,17,292660
1961,5,292665
1962,10,292670
1963,8,292680
1964,3,292690
1965,7,292700
1966,7,292710
1967,12,292720
1968,3,292730
1969,1239,292740
1970,10,292750
1971,9,292760
1972,6,292770
1973,2,292790
1974,1,292805
1975,17,292810
1976,8,292840
1977,1,292850
1978,10,292800
1979,7,292820
1980,2,292830
1981,8,292860
1982,39,292870
1983,22,292880
1984,8,292890
1985,12,292895
1986,13,292910
1987,9,292900
1988,3,292905
1989,13,292920
1990,3,292925
1991,8,292930
1992,2,292937
1993,6,292940
1994,9,292950
1995,12,292960
1996,3,292970
1997,1,292975
1998,9,292980
1999,43,292990
2000,8,293000
2001,9,293010
2002,4,293020
2003,10,293015
2004,22,293030
2005,5,293040
2006,32,293050
2007,3,293060
2008,59,293070
2009,9,293075
2010,5,293076
2011,10,293077
2012,9,293080
2013,5,293090
2014,5,293100
2015,8,293105
2016,2,293110
2017,6,293120
2018,7,293130
2019,110,293135
2020,2,293140
2021,8,293150
2022,4,293160
2023,17,293180
2024,31,293190
2025,9,293200
2026,25,293210
2027,3,293220
2028,9,293230
2029,5,293240
2030,4,293245
2031,7,293250
2032,8,293260
2033,2,293270
2034,8,293280
2035,67,293290
2036,10,293300
2037,9,293305
2038,8,293310
2039,6,293315
2040,5,293317
2041,2,293320
2042,3,293325
2043,179,293330
2044,2,293340
2045,4,293345
2046,3,293350
2047,33,293360
2048,7,310010
2049,10,310020
2050,12,310030
2051,1,310040
2052,2,310050
2053,1,310060
2054,1,310080
2055,4,310090
2056,10,310100
2057,63,310110
2058,2,310120
2059,3,310140
2060,37,310150
2061,53,310160
2062,2,310163
2063,19,310170
2064,3,310180
2065,6,310190
2066,8,310200
2067,6,310205
2068,4,315350
2069,3,310210
2070,2,310220
2071,13,310230
2072,2,310250
2073,11,310260
2074,10,310280
2075,4,310285
2076,6,310290
2077,4,310300
2078,1,310330
2079,46,310340
2080,43,310350
2081,2,310360
2082,4,310370
2083,3,310375
2084,3,310380
2085,3,310390
2086,43,310400
2087,6,310410
2088,16,310420
2089,5,310430
2090,2,310440
2091,5,310445
2092,9,310460
2093,5,310470
2094,22,310490
2095,5,310500
2096,26,310510
2097,2,310520
2098,2,310530
2099,17,310540
2100,8,310550
2101,37,310560
2102,2,310570
2103,11,310590
2104,9,310600
2105,1511,310620
2106,11,310630
2107,6,310640
2108,1,310650
2109,4,310665
2110,1,310660
2111,172,310670
2112,1,310680
2113,6,310690
2114,3,310700
2115,7,310710
2116,1,310720
2117,13,310730
2118,34,310740
2119,3,310750
2120,2,310760
2121,1,310770
2122,7,310780
2123,1,310790
2124,9,310800
2125,1,310810
2126,1,310820
2127,1,310830
2128,1,310840
2129,2,310850
2130,8,310855
2131,16,310860
2132,4,310880
2133,11,310890
2134,12,310900
2135,10,310910
2136,8,310920
2137,5,310925
2138,5,310930
2139,8,310940
2140,3,310945
2141,9,310950
2142,2,310960
2143,2,310970
2144,9,310270
2145,2,310980
2146,6,310990
2147,19,311000
2148,8,311010
2149,5,311020
2150,7,311030
2151,5,311040
2152,25,311050
2153,11,311060
2154,4,311070
2155,3,311080
2156,9,311090
2157,9,311100
2158,11,311110
2159,2,311115
2160,25,311120
2161,6,311130
2162,1,311140
2163,4,311150
2164,13,311160
2165,1,311170
2166,11,311200
2167,2,311205
2168,8,311210
2169,60,311230
2170,5,311240
2171,2,311250
2172,4,311260
2173,2,311270
2174,4,311280
2175,1,311290
2176,11,311300
2177,8,311320
2178,52,311330
2179,42,311340
2180,2,311350
2181,2,311360
2182,4,311370
2183,2,311380
2184,12,311390
2185,7,311400
2186,3,311410
2187,2,311420
2188,10,311430
2189,11,311440
2190,11,311450
2191,3,311460
2192,4,311470
2193,8,311480
2194,2,311500
2195,22,311510
2196,56,311530
2197,4,311535
2198,2,311540
2199,1,311545
2200,6,311547
2201,34,311550
2202,2,311560
2203,1,311570
2204,3,311580
2205,1,311590
2206,1,311600
2207,39,311610
2208,1,311620
2209,1,311640
2210,6,311650
2211,9,311660
2212,3,311670
2213,6,311680
2214,4,311690
2215,20,311700
2216,15,311710
2217,55,311730
2218,1,311740
2219,10,311750
2220,2,311760
2221,1,311770
2222,3,311780
2223,2,311783
2224,3,311787
2225,6,311790
2226,15,311800
2227,1,311810
2228,4,311820
2229,40,311830
2230,7,311840
2231,325,311860
2232,1,311870
2233,23,311880
2234,3,311890
2235,6,311910
2236,4,311920
2237,7,311930
2238,46,311940
2239,4,311950
2240,4,311960
2241,2,311970
2242,1,311980
2243,2,311990
2244,5,312000
2245,3,312010
2246,4,312020
2247,2,312030
2248,1,312040
2249,10,312050
2250,5,312060
2251,1,312070
2252,8,312080
2253,6,312083
2254,14,312087
2255,34,312090
2256,1,312100
2257,5,312110
2258,4,312120
2259,6,312125
2260,1,312130
2261,2,312140
2262,34,312160
2263,2,312170
2264,3,312180
2265,1,312190
2266,23,312200
2267,2,312210
2268,4,312220
2269,46,312230
2270,6,312235
2271,1,312240
2272,3,312245
2273,1,312247
2274,6,312250
2275,4,312260
2276,3,312280
2277,5,312290
2278,3,312300
2279,8,312310
2280,5,312320
2281,3,312330
2282,5,312340
2283,2,312350
2284,9,312360
2285,3,312370
2286,1,312380
2287,6,312385
2288,7,312390
2289,11,312400
2290,75,312410
2291,24,312420
2292,11,312430
2293,3,312440
2294,4,312450
2295,2,312460
2296,3,312480
2297,6,312490
2298,24,312510
2299,9,312530
2300,3,312540
2301,11,312560
2302,2,312570
2303,1,312580
2304,1,312590
2305,8,312595
2306,1,312600
2307,35,312610
2308,1,312620
2309,5,312630
2310,2,312640
2311,5,312650
2312,1,312660
2313,8,312670
2314,6,312680
2315,2,312690
2316,3,312700
2317,7,312707
2318,29,312710
2319,1,312720
2320,8,312733
2321,2,312735
2322,3,312738
2323,2,312740
2324,1,312750
2325,3,312760
2326,99,312770
2327,20,312780
2328,46,312800
2329,9,312810
2330,6,312820
2331,1,312825
2332,9,312830
2333,5,312840
2334,1,312850
2335,62,312870
2336,2,312880
2337,2,312890
2338,8,312900
2339,1,312910
2340,3,312920
2341,8,312930
2342,3,312940
2343,8,312950
2344,7,312960
2345,1,312965
2346,6,312970
2347,54,312980
2348,2,312990
2349,4,313000
2350,7,313005
2351,18,313010
2352,2,313020
2353,7,313030
2354,2,313040
2355,7,313050
2356,4,313055
2357,1,313060
2358,10,313065
2359,2,313070
2360,8,313090
2361,8,313100
2362,4,313110
2363,6,313115
2364,11,313120
2365,122,313130
2366,2,313140
2367,6,313150
2368,4,313160
2369,20,313170
2370,2,313180
2371,17,313190
2372,6,313210
2373,6,313220
2374,5,313230
2375,122,313240
2376,44,313250
2377,1,313260
2378,21,313270
2379,2,313280
2380,9,313300
2381,5,313310
2382,2,313320
2383,26,313330
2384,5,313340
2385,15,313350
2386,3,313360
2387,2,313370
2388,7,313375
2389,28,313380
2390,2,313390
2391,13,313400
2392,17,313410
2393,71,313420
2394,13,313440
2395,1,313450
2396,5,313460
2397,1,313470
2398,5,313480
2399,6,313490
2400,4,313500
2401,12,313505
2402,27,313510
2403,15,313520
2404,1,313530
2405,2,313535
2406,2,313540
2407,10,313545
2408,3,313550
2409,4,313560
2410,21,313580
2411,5,313590
2412,5,313600
2413,2,313610
2414,55,313620
2415,23,313630
2416,3,313650
2417,6,313652
2418,2,313655
2419,4,313657
2420,13,313665
2421,316,313670
2422,5,313690
2423,1,313695
2424,5,313700
2425,5,313710
2426,34,313720
2427,8,313740
2428,3,313750
2429,2,313753
2430,36,313760
2431,8,313770
2432,9,313780
2433,2,313790
2434,6,313800
2435,1,313810
2436,23,313820
2437,2,313830
2438,7,313835
2439,45,313840
2440,1,313850
2441,12,313860
2442,3,313862
2443,1,313865
2444,5,313867
2445,3,313868
2446,1,313870
2447,27,313880
2448,4,313890
2449,39,313900
2450,2,313910
2451,3,313920
2452,15,313925
2453,10,313930
2454,38,313940
2455,16,313950
2456,12,313960
2457,10,313980
2458,4,313970
2459,4,313990
2460,36,314000
2461,1,314010
2462,8,314015
2463,4,314020
2464,2,314030
2465,1,314040
2466,2,314050
2467,2,314053
2468,5,314055
2469,4,314060
2470,11,314070
2471,2,317150
2472,7,314080
2473,5,314085
2474,5,314090
2475,8,314100
2476,7,314110
2477,1,314120
2478,5,314130
2479,49,314140
2480,1,314150
2481,14,314160
2482,175,314180
2483,1,314190
2484,3,314200
2485,13,314210
2486,7,314220
2487,2,314225
2488,2,314230
2489,4,314240
2490,1,314250
2491,1,314260
2492,4,314270
2493,8,314280
2494,33,314290
2495,6,314300
2496,53,314310
2497,3,314315
2498,3,314320
2499,2,314340
2500,161,314330
2501,4,314345
2502,3,314350
2503,1,314360
2504,6,314380
2505,119,314390
2506,6,314400
2507,11,314410
2508,1,314420
2509,11,314430
2510,3,314435
2511,15,314460
2512,16,314465
2513,4,314467
2514,18,314470
2515,37,314480
2516,5,314490
2517,8,314500
2518,1,314505
2519,12,314510
2520,33,314520
2521,2,313660
2522,13,314530
2523,2,314535
2524,3,314537
2525,3,314545
2526,22,314560
2527,4,314570
2528,2,314580
2529,3,314585
2530,12,314587
2531,11,314590
2532,9,314600
2533,56,314610
2534,2,314620
2535,6,314625
2536,7,314630
2537,2,314655
2538,1,314640
2539,2,314650
2540,4,314660
2541,2,314670
2542,2,314675
2543,7,314690
2544,37,314710
2545,20,314700
2546,9,314720
2547,13,314730
2548,5,314740
2549,7,314760
2550,10,314770
2551,1,314780
2552,59,314790
2553,1,314795
2554,53,314800
2555,40,314810
2556,5,314830
2557,4,314840
2558,2,314850
2559,4,314860
2560,20,314870
2561,7,314875
2562,2,314880
2563,1,314890
2564,3,314900
2565,4,314910
2566,4,314915
2567,2,314920
2568,20,314930
2569,1,314940
2570,1,314950
2571,2,314960
2572,10,314980
2573,6,314990
2574,3,314995
2575,8,315000
2576,2,315010
2577,1,315015
2578,2,315020
2579,5,315030
2580,3,315040
2581,5,315050
2582,3,315053
2583,4,315057
2584,3,315060
2585,4,315070
2586,4,315080
2587,6,315090
2588,5,315100
2589,8,315110
2590,45,315120
2591,9,315130
2592,5,315140
2593,77,315150
2594,6,315160
2595,8,315170
2596,68,315180
2597,1,315190
2598,12,315200
2599,27,315210
2600,2,315213
2601,12,315217
2602,18,315220
2603,3,315230
2604,4,315240
2605,46,315250
2606,4,315260
2607,6,315270
2608,22,315280
2609,2,315290
2610,6,315310
2611,3,315320
2612,4,315330
2613,6,315340
2614,7,315360
2615,2,315370
2616,1,315380
2617,5,315390
2618,23,315400
2619,6,315410
2620,2,315415
2621,5,315420
2622,19,315430
2623,2,315440
2624,2,315445
2625,3,315450
2626,159,315460
2627,1,315470
2628,3,315490
2629,4,315510
2630,2,315500
2631,1,315520
2632,3,315530
2633,3,315540
2634,4,315550
2635,16,315560
2636,7,315570
2637,43,315580
2638,6,315600
2639,1,315610
2640,1,315620
2641,10,315630
2642,6,315645
2643,11,315650
2644,8,315660
2645,60,315670
2646,13,315680
2647,13,315690
2648,52,315700
2649,14,315720
2650,4,315725
2651,2,315730
2652,6,315733
2653,12,315737
2654,3,315740
2655,1,315750
2656,1,315765
2657,11,315770
2658,92,315780
2659,9,315790
2660,3,315800
2661,1,315810
2662,5,315820
2663,3,315920
2664,1,315930
2665,1,315935
2666,9,315950
2667,16,315960
2668,1,315970
2669,6,315980
2670,3,315830
2671,6,315840
2672,4,315850
2673,1,315860
2674,1,315870
2675,7,315880
2676,5,315890
2677,18,315895
2678,2,315900
2679,2,315910
2680,5,315990
2681,3,316000
2682,2,316010
2683,2,316020
2684,5,316030
2685,21,316040
2686,5,316045
2687,1,316050
2688,2,316060
2689,9,316070
2690,4,316080
2691,1,316090
2692,1,316095
2693,19,316100
2694,1,316105
2695,46,316110
2696,1,316120
2697,2,316130
2698,9,316140
2699,4,316150
2700,2,316160
2701,4,316165
2702,3,316170
2703,6,316180
2704,8,316190
2705,2,312550
2706,5,316200
2707,12,316210
2708,5,316220
2709,2,316225
2710,2,316230
2711,64,316240
2712,3,316245
2713,64,316250
2714,5,316255
2715,4,316260
2716,27,316270
2717,7,316280
2718,16,316290
2719,12,316292
2720,4,316294
2721,6,316295
2722,2,316300
2723,4,316310
2724,5,316320
2725,2,316330
2726,5,316340
2727,1,316350
2728,4,316360
2729,19,316370
2730,2,316380
2731,2,316390
2732,5,316410
2733,1,316400
2734,2,316420
2735,9,316430
2736,5,316440
2737,5,316443
2738,1,316447
2739,1,316460
2740,27,316470
2741,3,316520
2742,10,316500
2743,4,316510
2744,2,316530
2745,3,316540
2746,1,316550
2747,10,316553
2748,3,316557
2749,3,316560
2750,4,316570
2751,2,316590
2752,2,316600
2753,5,316610
2754,3,316620
2755,3,316630
2756,1,316640
2757,4,316650
2758,6,316680
2759,4,316670
2760,1,316690
2761,1,316695
2762,4,316700
2763,4,316710
2764,96,316720
2765,2,316555
2766,9,316730
2767,7,316740
2768,2,316750
2769,3,316760
2770,2,316770
2771,5,316780
2772,5,316790
2773,37,316800
2774,3,316805
2775,1,316810
2776,2,316820
2777,4,316830
2778,3,316840
2779,9,316850
2780,54,316860
2781,68,316870
2782,5,316880
2783,1,316890
2784,12,316900
2785,4,316905
2786,2,316910
2787,3,316920
2788,46,316930
2789,28,316935
2790,23,316940
2791,3,316950
2792,8,316960
2793,23,316970
2794,2,316980
2795,61,316990
2796,2,317000
2797,6,317005
2798,197,317010
2799,338,317020
2800,26,317040
2801,8,317043
2802,5,317050
2803,2,317057
2804,3,317060
2805,1,317065
2806,64,317070
2807,3,317075
2808,24,317080
2809,12,317090
2810,9,317100
2811,7,317107
2812,2,317115
2813,59,317120
2814,41,317130
2815,2,317140
2816,5,317160
2817,16,317170
2818,11,317180
2819,2,317190
2820,9,317200
2821,2,317210
2822,2,317220
2823,15,320010
2824,4,320016
2825,2,320013
2826,16,320020
2827,3,320030
2828,1,320035
2829,4,320040
2830,6,320050
2831,23,320060
2832,10,320070
2833,8,320080
2834,9,320090
2835,7,320100
2836,2,320110
2837,1,320115
2838,223,320120
2839,124,320130
2840,41,320140
2841,26,320150
2842,4,320160
2843,2,320170
2844,4,320180
2845,14,320190
2846,4,320200
2847,7,320210
2848,8,320220
2849,4,320225
2850,15,320230
2851,31,320240
2852,12,320245
2853,3,320250
2854,6,320255
2855,14,320260
2856,8,320265
2857,4,320270
2858,70,320280
2859,4,320290
2860,17,320300
2861,11,320305
2862,14,320310
2863,2,320313
2864,2,320316
2865,107,320320
2866,3,320330
2867,37,320332
2868,7,320334
2869,3,320335
2870,15,320340
2871,7,320350
2872,2,320360
2873,13,320370
2874,12,320380
2875,19,320390
2876,1,320400
2877,4,320405
2878,13,320410
2879,11,320420
2880,4,320425
2881,20,320430
2882,2,320435
2883,4,320440
2884,2,320450
2885,13,320455
2886,5,320460
2887,2,320465
2888,8,320470
2889,18,320480
2890,46,320490
2891,1,320495
2892,129,320500
2893,8,320501
2894,12,320503
2895,12,320506
2896,24,320510
2897,3,320515
2898,1,320517
2899,122,320520
2900,183,320530
2901,69,330010
2902,22,330015
2903,22,330020
2904,8,330022
2905,19,330023
2906,17,330025
2907,75,330030
2908,133,330040
2909,140,330045
2910,23,330050
2911,51,330060
2912,66,330070
2913,39,330080
2914,6,330090
2915,243,330100
2916,16,330110
2917,2,330093
2918,10,330115
2919,12,330120
2920,5,330130
2921,10,330095
2922,10,330140
2923,7,330150
2924,494,330170
2925,21,330180
2926,15,330185
2927,6,330187
2928,58,330190
2929,21,330200
2930,4,330205
2931,30,330210
2932,37,330220
2933,5,330225
2934,38,330227
2935,3,330230
2936,91,330240
2937,4,330245
2938,68,330250
2939,4,330260
2940,69,330270
2941,13,330280
2942,26,330285
2943,29,330290
2944,26,330300
2945,8,330310
2946,27,330320
2947,197,330330
2948,80,330340
2949,373,330350
2950,23,330360
2951,46,330370
2952,14,330380
2953,39,330385
2954,222,330390
2955,16,330395
2956,13,330400
2957,4,330410
2958,1,330411
2959,3,330412
2960,44,330414
2961,2,330415
2962,71,330420
2963,88,330430
2964,10,330440
2965,11,330450
2966,36,330452
2967,1967,330455
2968,4,330460
2969,69,330470
2970,28,330480
2971,20,330475
2972,310,330490
2973,14,330500
2974,118,330510
2975,1,330513
2976,6,330515
2977,16,330520
2978,28,330530
2979,12,330540
2980,36,330550
2981,17,330555
2982,3,330560
2983,6,330570
2984,17,330575
2985,86,330580
2986,1,330590
2987,81,330600
2988,103,330610
2989,4,330615
2990,69,330620
2991,111,330630
2992,22,350010
2993,3,350020
2994,18,350030
2995,2,350040
2996,16,350050
2997,3,350055
2998,1,350060
2999,12,350070
3000,5,350075
3001,1,350080
3002,2,350090
3003,37,350100
3004,2,350110
3005,5,350115
3006,3,350120
3007,13,350130
3008,3,350140
3009,25,350160
3010,5,350170
3011,2,350180
3012,19,350190
3013,2,350200
3014,22,350210
3015,1,350220
3016,4,350230
3017,4,350240
3018,12,350250
3019,1,350260
3020,8,350270
3021,11,350275
3022,94,350280
3023,8,350290
3024,8,350300
3025,1,350310
3026,1,350315
3027,58,350320
3028,38,350330
3029,5,350340
3030,2,350360
3031,4,350370
3032,16,350380
3033,35,350390
3034,2,350395
3035,36,350400
3036,23,350410
3037,3,350420
3038,3,350430
3039,2,350440
3040,43,350450
3041,26,350460
3042,10,350480
3043,1,350490
3044,2,350500
3045,4,350510
3046,14,350520
3047,8,350530
3048,7,350535
3049,6,350540
3050,47,350550
3051,13,350560
3052,187,350570
3053,15,350580
3054,32,350590
3055,128,350600
3056,10,350610
3057,7,350630
3058,23,350635
3059,2,350640
3060,47,350650
3061,11,350660
3062,4,350670
3063,4,350680
3064,2,350690
3065,14,350700
3066,2,350710
3067,2,350715
3068,1,350730
3069,8,350740
3070,1,350745
3071,77,350750
3072,76,350760
3073,4,350770
3074,1,350775
3075,12,350780
3076,15,350790
3077,2,350800
3078,10,350810
3079,2,350820
3080,1,350830
3081,11,350840
3082,29,350850
3083,12,350860
3084,12,350870
3085,5,350880
3086,3,350890
3087,28,350900
3088,2,350910
3089,15,350920
3090,14,350925
3091,1,350930
3092,9,350940
3093,390,350950
3094,16,350960
3095,24,350970
3096,8,350980
3097,7,350990
3098,17,351000
3099,1,351010
3100,1,351015
3101,8,351020
3102,6,351030
3103,20,351040
3104,61,351050
3105,236,351060
3106,4,351070
3107,15,351080
3108,1,351090
3109,9,351100
3110,53,351110
3111,2,351120
3112,10,351130
3113,13,351140
3114,11,351150
3115,2,351160
3116,5,351170
3117,9,355720
3118,4,351190
3119,12,351200
3120,1,351210
3121,12,351220
3122,5,351230
3123,8,351240
3124,2,351250
3125,1,351260
3126,1,351270
3127,16,351280
3128,4,351290
3129,119,351300
3130,17,351310
3131,7,351320
3132,1,351330
3133,49,351340
3134,65,351350
3135,12,351360
3136,10,351370
3137,505,351380
3138,3,351385
3139,6,351390
3140,3,351400
3141,8,351410
3142,1,351420
3143,3,351430
3144,17,351440
3145,1,351450
3146,6,351460
3147,3,351470
3148,5,351480
3149,18,351490
3150,2,351492
3151,124,351500
3152,56,351510
3153,3,351512
3154,7,351515
3155,20,351518
3156,9,351519
3157,8,355730
3158,3,351520
3159,1,351530
3160,2,351535
3161,1,351540
3162,1,351560
3163,35,351550
3164,4,351565
3165,80,351570
3166,6,351600
3167,214,351620
3168,79,351630
3169,71,351640
3170,1,351650
3171,2,351660
3172,14,351670
3173,1,351680
3174,3,351690
3175,4,351700
3176,3,351710
3177,5,351720
3178,4,351730
3179,7,351740
3180,23,351750
3181,13,351760
3182,3,351770
3183,5,351780
3184,5,351790
3185,1,351800
3186,11,351820
3187,13,351830
3188,52,351840
3189,3,351850
3190,12,351860
3191,146,351870
3192,728,351880
3193,6,351885
3194,2,351890
3195,1,351900
3196,4,351905
3197,75,351907
3198,4,351910
3199,1,351920
3200,2,351925
3201,9,351930
3202,22,351940
3203,2,351950
3204,79,351960
3205,22,351970
3206,9,351980
3207,10,351990
3208,6,352000
3209,8,352010
3210,14,352020
3211,28,352030
3212,13,352042
3213,14,352044
3214,33,352040
3215,172,352050
3216,7,352090
3217,4,352100
3218,2,352110
3219,8,352115
3220,3,352120
3221,10,352130
3222,3,352140
3223,5,352150
3224,6,352170
3225,1,352180
3226,11,352190
3227,4,352200
3228,9,352210
3229,87,352220
3230,49,352230
3231,65,352240
3232,100,352250
3233,56,352260
3234,4,352265
3235,30,352270
3236,8,352280
3237,8,352290
3238,2,352300
3239,173,352310
3240,18,352320
3241,9,352330
3242,48,352340
3243,4,352350
3244,3,352360
3245,4,352370
3246,8,352380
3247,42,352390
3248,11,352400
3249,16,352410
3250,3,352420
3251,30,352430
3252,239,352440
3253,12,352450
3254,7,352460
3255,20,352470
3256,56,352480
3257,1,352490
3258,55,352500
3259,24,352510
3260,12,352520
3261,71,352530
3262,4,352540
3263,3,352550
3264,6,352560
3265,37,352570
3266,1,352580
3267,2,352585
3268,181,352590
3269,12,352600
3270,16,352610
3271,6,352620
3272,5,352630
3273,1,352640
3274,8,352650
3275,3,352660
3276,34,352670
3277,21,352680
3278,68,352690
3279,5,352700
3280,34,352710
3281,26,352720
3282,1,352725
3283,14,352730
3284,6,352740
3285,1,352760
3286,1,352770
3287,7,352780
3288,2,352790
3289,33,352800
3290,1,352810
3291,1,352820
3292,2,352830
3293,10,352840
3294,58,352850
3295,1,352860
3296,1,352870
3297,2,352880
3298,2,352885
3299,2,352890
3300,113,352900
3301,1,352910
3302,9,352920
3303,38,352930
3304,183,352940
3305,9,352950
3306,2,352960
3307,3,352965
3308,10,352970
3309,2,352980
3310,3,353000
3311,16,352990
3312,28,353010
3313,10,353020
3314,75,353030
3315,6,353040
3316,70,353050
3317,150,353060
3318,73,353070
3319,26,353080
3320,1,353100
3321,6,353110
3322,2,353120
3323,14,353130
3324,16,353140
3325,4,353150
3326,13,353180
3327,4,353170
3328,24,353190
3329,2,353200
3330,5,353205
3331,4,353210
3332,3,353220
3333,6,353230
3334,6,353240
3335,9,353250
3336,4,353260
3337,6,353270
3338,17,353280
3339,2,353282
3340,8,353290
3341,22,353300
3342,1,353310
3343,1,353320
3344,3,353330
3345,17,353340
3346,2,353325
3347,17,353350
3348,5,353360
3349,3,353370
3350,1,353380
3351,13,353390
3352,4,353400
3353,7,353420
3354,67,353430
3355,324,353440
3356,1,353450
3357,27,353460
3358,48,353470
3359,2,353480
3360,7,353475
3361,4,353490
3362,9,353500
3363,5,353510
3364,9,353520
3365,14,353530
3366,3,353540
3367,18,353550
3368,9,353560
3369,2,353570
3370,1,353580
3371,6,353590
3372,7,353600
3373,3,353610
3374,30,353620
3375,1,353625
3376,7,353630
3377,2,353640
3378,57,353650
3379,2,353657
3380,4,353660
3381,19,353670
3382,4,353680
3383,2,353690
3384,8,353700
3385,14,353710
3386,1,353715
3387,3,353720
3388,37,353730
3389,11,353740
3390,4,353750
3391,4,353760
3392,1,353770
3393,15,353780
3394,10,353790
3395,86,353800
3396,3,353810
3397,8,353820
3398,1,353830
3399,7,353850
3400,10,353860
3401,326,353870
3402,22,353880
3403,8,353890
3404,1,353900
3405,7,353910
3406,11,353920
3407,27,353930
3408,10,353940
3409,18,353950
3410,2,353960
3411,46,353980
3412,1,353990
3413,12,354000
3414,15,354020
3415,2,354025
3416,2,354040
3417,6,354050
3418,22,354060
3419,46,354070
3420,5,354075
3421,27,354080
3422,2,354085
3423,6,354090
3424,24,354100
3425,1,354105
3426,7,354120
3427,36,354130
3428,113,354140
3429,33,354150
3430,16,354160
3431,1,354165
3432,10,354170
3433,3,354180
3434,7,354190
3435,3,354200
3436,1,354210
3437,40,354220
3438,3,354230
3439,8,354240
3440,6,354250
3441,38,354260
3442,1,354270
3443,2,354280
3444,8,354290
3445,7,354300
3446,5,354310
3447,5,354320
3448,1,354323
3449,1,354325
3450,33,354330
3451,356,354340
3452,2,354360
3453,5,354370
3454,3,354380
3455,83,354390
3456,25,354400
3457,15,354410
3458,3,354420
3459,3,354350
3460,10,354425
3461,3,354430
3462,1,354450
3463,1,354460
3464,3,354470
3465,6,354480
3466,8,354490
3467,8,354500
3468,8,354510
3469,7,354515
3470,22,354520
3471,13,354530
3472,2,354540
3473,3,354550
3474,6,354560
3475,9,354570
3476,50,354580
3477,14,354600
3478,1,354610
3479,4,354625
3480,12,354630
3481,73,354640
3482,3,354650
3483,15,354660
3484,12,354670
3485,21,354680
3486,4,354690
3487,4,354700
3488,19,354750
3489,15,354760
3490,3,354765
3491,2,354720
3492,51,354730
3493,16,354770
3494,325,354780
3495,3,354790
3496,3,354800
3497,1,354805
3498,7,354820
3499,1,354830
3500,2,354840
3501,173,354850
3502,3,354860
3503,251,354870
3504,73,354880
3505,153,354890
3506,7,354900
3507,45,354910
3508,1,354920
3509,1,354925
3510,1,354930
3511,39,354940
3512,6,354950
3513,3,354960
3514,31,354970
3515,377,354980
3516,296,354990
3517,6,354995
3518,5,355000
3519,10,355010
3520,9,355020
3521,6453,355030
3522,23,355040
3523,3,355050
3524,17,355060
3525,45,355070
3526,6,355080
3527,5,355090
3528,201,355100
3529,2,355110
3530,4,355120
3531,1,355130
3532,4,355140
3533,13,355160
3534,22,355150
3535,48,355170
3536,10,355180
3537,2,355190
3538,1,355200
3539,23,355210
3540,229,355220
3541,2,355230
3542,97,355240
3543,88,355250
3544,5,355260
3545,6,355270
3546,139,355280
3547,3,355290
3548,3,355300
3549,2,355310
3550,1,355320
3551,8,355330
3552,27,355340
3553,2,355350
3554,9,355360
3555,31,355370
3556,20,355380
3557,2,355385
3558,2,355390
3559,9,355395
3560,39,355400
3561,196,355410
3562,5,355420
3563,11,355430
3564,2,355440
3565,16,355450
3566,1,355460
3567,5,355470
3568,1,355475
3569,11,355480
3570,3,355490
3571,32,355500
3572,4,355510
3573,2,355520
3574,1,355530
3575,4,355535
3576,74,355540
3577,2,355550
3578,7,355560
3579,3,355570
3580,3,355580
3581,1,355590
3582,10,355600
3583,6,355610
3584,104,355620
3585,17,355630
3586,4,355635
3587,18,355640
3588,18,355645
3589,35,355650
3590,6,355660
3591,45,355670
3592,3,355680
3593,1,355690
3594,2,355695
3595,31,355700
3596,39,355710
3597,2,355715
3598,4,410010
3599,3,410020
3600,11,410030
3601,129,410040
3602,1,410045
3603,2,412862
3604,4,410060
3605,4,410070
3606,13,410050
3607,5,410080
3608,5,410090
3609,8,410100
3610,5,410105
3611,11,410110
3612,3,410115
3613,1,410120
3614,8,410130
3615,202,410140
3616,136,410150
3617,18,410160
3618,10,410165
3619,7,410170
3620,66,410180
3621,2,410185
3622,5,410190
3623,163,410200
3624,24,410210
3625,3,410220
3626,33,410230
3627,14,410240
3628,14,410250
3629,4,410270
3630,1,410260
3631,1,410275
3632,14,410280
3633,11,410290
3634,1,410300
3635,2,410302
3636,5,410304
3637,7,410305
3638,12,410310
3639,10,410320
3640,6,410322
3641,7,410330
3642,2,410335
3643,4,410337
3644,4,410340
3645,12,410345
3646,4,410347
3647,6,410350
3648,17,410360
3649,57,410370
3650,11,410380
3651,12,410390
3652,8,410395
3653,130,410400
3654,13,410410
3655,425,410420
3656,42,410425
3657,185,410430
3658,5,410440
3659,8,410442
3660,9,410445
3661,10,410450
3662,17,410460
3663,26,410465
3664,10,410470
3665,199,410480
3666,41,410490
3667,6,410500
3668,5,410510
3669,15,410520
3670,8,410530
3671,15,410540
3672,45,410550
3673,5,410560
3674,8,410570
3675,344,410580
3676,37,410590
3677,11,410600
3678,6,410610
3679,12,410620
3680,24,410630
3681,122,410640
3682,6,410645
3683,11,410650
3684,5,410655
3685,33,410680
3686,1,410657
3687,14,410660
3688,5,410685
3689,1788,410690
3690,9,410700
3691,3,410715
3692,2,410710
3693,1,410712
3694,19,410720
3695,9,410725
3696,2,410730
3697,3,412863
3698,1,410740
3699,12,410750
3700,1,410752
3701,8,410754
3702,3,410755
3703,19,410760
3704,72,410765
3705,4,410770
3706,2,410773
3707,1,410775
3708,6,410785
3709,6,410780
3710,2,410790
3711,1,410800
3712,4,410810
3713,12,410820
3714,86,410830
3715,4,410845
3716,7,410832
3717,39,410840
3718,10,410850
3719,26,410860
3720,6,410865
3721,3,410870
3722,32,410880
3723,1,410890
3724,2,410895
3725,1,410910
3726,3,410920
3727,26,410930
3728,194,410940
3729,1,410950
3730,9,410960
3731,1,410965
3732,29,410970
3733,12,410975
3734,29,410980
3735,3,410990
3736,4,411000
3737,5,411005
3738,13,411007
3739,24,411010
3740,7,411020
3741,12,411050
3742,13,411060
3743,1,411065
3744,43,411070
3745,13,411080
3746,1,411090
3747,4,411100
3748,6,411110
3749,12,411120
3750,25,411125
3751,14,411140
3752,36,411150
3753,8,411155
3754,1,411170
3755,56,411180
3756,13,411190
3757,16,411200
3758,21,411210
3759,3,411220
3760,3,411230
3761,1,411240
3762,8,411250
3763,3,411270
3764,18,411275
3765,16,411280
3766,1,411290
3767,7,411295
3768,2,411300
3769,6,411310
3770,50,411320
3771,8,411325
3772,49,411330
3773,11,411340
3774,7,411342
3775,4,411345
3776,15,411350
3777,4,411360
3778,370,411370
3779,6,411373
3780,3,411375
3781,3,411380
3782,14,411390
3783,16,411400
3784,13,411410
3785,36,411420
3786,21,411430
3787,1,411435
3788,28,411440
3789,16,411450
3790,23,411460
3791,3,411470
3792,41,411480
3793,16,411490
3794,1,411500
3795,10,411510
3796,305,411520
3797,6,411530
3798,1,411535
3799,18,411540
3800,7,411545
3801,3,411550
3802,17,411560
3803,8,411570
3804,1,411573
3805,10,411575
3806,14,411580
3807,4,411585
3808,2,411605
3809,17,411610
3810,9,411620
3811,5,411640
3812,4,411660
3813,8,411670
3814,10,411680
3815,8,411690
3816,2,411695
3817,15,411700
3818,10,411705
3819,8,411710
3820,4,411720
3821,1,411725
3822,4,411721
3823,2,411722
3824,10,411727
3825,4,411729
3826,19,411730
3827,4,411740
3828,4,411745
3829,33,411750
3830,114,411760
3831,26,411770
3832,17,411780
3833,10,411790
3834,4,411800
3835,10,411810
3836,74,411820
3837,1,411830
3838,49,411840
3839,5,411845
3840,180,411850
3841,10,411860
3842,9,411870
3843,20,411880
3844,11,411885
3845,7,411890
3846,3,411900
3847,57,411910
3848,147,411915
3849,10,411920
3850,26,411930
3851,15,411940
3852,120,411950
3853,61,411960
3854,2,411965
3855,2,411980
3856,237,411990
3857,12,411995
3858,9,412000
3859,11,412010
3860,1,412015
3861,1,412020
3862,10,412030
3863,2,412033
3864,5,412035
3865,2,412050
3866,46,412060
3867,3,412065
3868,6,412070
3869,49,412080
3870,2,412085
3871,37,412090
3872,6,412100
3873,6,412110
3874,21,412120
3875,2,412125
3876,5,412130
3877,1,412135
3878,5,412140
3879,33,412150
3880,16,412170
3881,4,412175
3882,3,412180
3883,5,412190
3884,7,412200
3885,6,412210
3886,19,412215
3887,3,412217
3888,51,412220
3889,43,412230
3890,56,412240
3891,10,412250
3892,4,412260
3893,5,412265
3894,8,412270
3895,3,412280
3896,5,412300
3897,2,412310
3898,10,412320
3899,2,412330
3900,9,412340
3901,15,412350
3902,5,412370
3903,4,412380
3904,1,412382
3905,12,412385
3906,19,412390
3907,5,412402
3908,5,412405
3909,6,412400
3910,24,412410
3911,3,412420
3912,7,412430
3913,8,412440
3914,1,412450
3915,2,412460
3916,7,412470
3917,7,412480
3918,4,412490
3919,12,412500
3920,13,412510
3921,3,412520
3922,7,412530
3923,3,412535
3924,7,412540
3925,4,412545
3926,176,412550
3927,3,412555
3928,30,412560
3929,9,412570
3930,5,412575
3931,9,412580
3932,2,412590
3933,16,412600
3934,7,412610
3935,8,412620
3936,222,412625
3937,2,412627
3938,16,412630
3939,3,412635
3940,7,412640
3941,7,412650
3942,14,412660
3943,3,412665
3944,3,412667
3945,3,412670
3946,9,412680
3947,4,412690
3948,6,412700
3949,68,412710
3950,26,412720
3951,5,412730
3952,8,412740
3953,10,412750
3954,16,412760
3955,105,412770
3956,7,412780
3957,9,412785
3958,8,412788
3959,2,412790
3960,5,412795
3961,17,412796
3962,40,412800
3963,131,412810
3964,101,412820
3965,2,412830
3966,18,412840
3967,14,412853
3968,8,412855
3969,6,412860
3970,4,412865
3971,6,412870
3972,35,412850
3973,6,412880
3974,16,420010
3975,2,420020
3976,1,420030
3977,2,420040
3978,2,420050
3979,2,420055
3980,5,420060
3981,1,420070
3982,1,420075
3983,2,420080
3984,2,420090
3985,3,420100
3986,1,420110
3987,3,420120
3988,8,420125
3989,3,420127
3990,14,420130
3991,37,420140
3992,6,420150
3993,2,420160
3994,3,420170
3995,1,420190
3996,8,420195
3997,2,420205
3998,48,420200
3999,10,420207
4000,12,421280
4001,9,422000
4002,16,420210
4003,4,420213
4004,2,420215
4005,7,420220
4006,32,420230
4007,151,420240
4008,3,420250
4009,1,420257
4010,18,420260
4011,6,420245
4012,6,420270
4013,13,420280
4014,5,420287
4015,51,420290
4016,38,420300
4017,2,420310
4018,4,420315
4019,34,420320
4020,2,420330
4021,9,420340
4022,7,420350
4023,9,420360
4024,6,420370
4025,36,420380
4026,1,420325
4027,7,420390
4028,10,420395
4029,5,420400
4030,2,420410
4031,2,420415
4032,2,420417
4033,100,420420
4034,4,420425
4035,68,420430
4036,1,420435
4037,4,420440
4038,2,420445
4039,8,420455
4040,7,420450
4041,85,420460
4042,2,420470
4043,60,420480
4044,1,420490
4045,5,420500
4046,2,420510
4047,2,420515
4048,1,420517
4049,1,420519
4050,1,420520
4051,10,420530
4052,1,420535
4053,153,420540
4054,1,420543
4055,7,420545
4056,12,420550
4057,1,420555
4058,3,420560
4059,6,420570
4060,5,420580
4061,52,420590
4062,3,420600
4063,6,420610
4064,1,420620
4065,15,420630
4066,4,420640
4067,28,420650
4068,11,420660
4069,1,420665
4070,8,420670
4071,3,420680
4072,7,420690
4073,32,420700
4074,10,420710
4075,4,420720
4076,29,420730
4077,3,420740
4078,21,420750
4079,2,420757
4080,8,420760
4081,4,420765
4082,6,420768
4083,6,420770
4084,1,420775
4085,5,420780
4086,10,420790
4087,16,420800
4088,13,420810
4089,125,420820
4090,26,420830
4091,10,420840
4092,5,420845
4093,12,420850
4094,1,420860
4095,2,420870
4096,8,420880
4097,79,420890
4098,1,420895
4099,11,420900
4100,157,420910
4101,2,420915
4102,122,420930
4103,32,420940
4104,3,420945
4105,1,420950
4106,7,420960
4107,7,420970
4108,4,420985
4109,3,420990
4110,5,421000
4111,1,421003
4112,1,421005
4113,28,421010
4114,31,421030
4115,1,421040
4116,3,421050
4117,13,421060
4118,5,421080
4119,4,421100
4120,10,421105
4121,6,421110
4122,2,421120
4123,52,421130
4124,2,421140
4125,1,421145
4126,5,421150
4127,4,421160
4128,1,421165
4129,10,421170
4130,4,421175
4131,2,421180
4132,2,421185
4133,2,421189
4134,76,421190
4135,3,421200
4136,2,421205
4137,10,421210
4138,21,421220
4139,1,421223
4140,4,421225
4141,1,421227
4142,2,421230
4143,6,421240
4144,12,421250
4145,1,421260
4146,5,421265
4147,2,421270
4148,7,421290
4149,2,421300
4150,5,421310
4151,2,421315
4152,32,421320
4153,1,421330
4154,2,421335
4155,19,421340
4156,15,421350
4157,71,421360
4158,14,421370
4159,8,421380
4160,2,421390
4161,19,421400
4162,2,421420
4163,1,421430
4164,3,421450
4165,3,421460
4166,19,421480
4167,6,421470
4168,4,421490
4169,11,421500
4170,2,421505
4171,5,421507
4172,6,421510
4173,1,421520
4174,31,421530
4175,2,421535
4176,3,421540
4177,12,421545
4178,16,421550
4179,1,421555
4180,4,421565
4181,4,421567
4182,1,421568
4183,2,421569
4184,2,421570
4185,30,421580
4186,4,421575
4187,3,421590
4188,1,421600
4189,7,421605
4190,5,421610
4191,22,421620
4192,8,421630
4193,4,421635
4194,8,421625
4195,4,421640
4196,9,421650
4197,82,421660
4198,9,421670
4199,6,421680
4200,16,421690
4201,7,421700
4202,2,421710
4203,25,421720
4204,4,421725
4205,2,421730
4206,8,421740
4207,7,421750
4208,1,421755
4209,3,421760
4210,16,421770
4211,4,421775
4212,5,421780
4213,2,421790
4214,16,421800
4215,1,421810
4216,26,421820
4217,1,421825
4218,11,421830
4219,1,421835
4220,42,421840
4221,1,421850
4222,6,421860
4223,48,421870
4224,1,421875
4225,4,421880
4226,1,421885
4227,4,421890
4228,4,421900
4229,1,421910
4230,1,421915
4231,1,421917
4232,5,421920
4233,45,421930
4234,2,421935
4235,2,421940
4236,28,421950
4237,17,421970
4238,2,430003
4239,1,430005
4240,9,430010
4241,3,430020
4242,2,430030
4243,48,430040
4244,2,430045
4245,3,430050
4246,1,430055
4247,76,430060
4248,1,430064
4249,1,430070
4250,4,430080
4251,4,430087
4252,2,430090
4253,3,430100
4254,2,430107
4255,2,430105
4256,9,430110
4257,2,430130
4258,7,430140
4259,1,430150
4260,1,430155
4261,37,430160
4262,5,430163
4263,1,430165
4264,3,430170
4265,2,430175
4266,1,430185
4267,1,430190
4268,1,430195
4269,2,430180
4270,7,430200
4271,3,430205
4272,48,430210
4273,6,430220
4274,4,430230
4275,3,430235
4276,2,430240
4277,1,430245
4278,3,430250
4279,1,430258
4280,1,430260
4281,3,430265
4282,4,430270
4283,6,430280
4284,1,430290
4285,27,430300
4286,35,430310
4287,5,430320
4288,1,430330
4289,19,430350
4290,2,430355
4291,3,430370
4292,1,430380
4293,33,430390
4294,3,430400
4295,1,430410
4296,13,430420
4297,1,430430
4298,3,430435
4299,17,430440
4300,10,430450
4301,142,430460
4302,1,430462
4303,28,430463
4304,3,430466
4305,1,430468
4306,1,430469
4307,2,430467
4308,2,430471
4309,21,430470
4310,9,430480
4311,3,430490
4312,1,430500
4313,102,430510
4314,1,430512
4315,3,430513
4316,3,430515
4317,6,430517
4318,4,430520
4319,3,430530
4320,14,430535
4321,2,430537
4322,5,430544
4323,3,430545
4324,4,430550
4325,2,430558
4326,1,430560
4327,2,430570
4328,2,430580
4329,1,430585
4330,1,430590
4331,1,430593
4332,8,430595
4333,1,430597
4334,7,430600
4335,2,430607
4336,18,430610
4337,7,430620
4338,1,430630
4339,1,430635
4340,4,430640
4341,2,430642
4342,4,430650
4343,9,430660
4344,1,430655
4345,1,430673
4346,17,430676
4347,2,430680
4348,8,430690
4349,2,430692
4350,2,430695
4351,5,430693
4352,37,430700
4353,2,430705
4354,1,430720
4355,1,430730
4356,1,430740
4357,5,430750
4358,1,430755
4359,15,430760
4360,35,430770
4361,6,430780
4362,1,430781
4363,20,430790
4364,3,430800
4365,1,430807
4366,4,430810
4367,7,430820
4368,5,430830
4369,1,430843
4370,2,430845
4371,10,430850
4372,8,430860
4373,3,430870
4374,2,430880
4375,1,430885
4376,7,430890
4377,7,430900
4378,2,430905
4379,8,430910
4380,1,430915
4381,88,430920
4382,23,430930
4383,11,430940
4384,3,430950
4385,3,430955
4386,1,430710
4387,4,430957
4388,5,430960
4389,2,430965
4390,4,430975
4391,1,430980
4392,1,430990
4393,1,430995
4394,6,431000
4395,10,431010
4396,23,431020
4397,7,431033
4398,1,431040
4399,2,431041
4400,2,431043
4401,5,431050
4402,2,431053
4403,2,431055
4404,37,431060
4405,3,431065
4406,1,431070
4407,1,431075
4408,6,431080
4409,2,431085
4410,3,431087
4411,1,431090
4412,6,431110
4413,3,431112
4414,1,431113
4415,1,431115
4416,2,431120
4417,1,431123
4418,8,431130
4419,1,431125
4420,23,431140
4421,1,431142
4422,1,431160
4423,3,431162
4424,4,431171
4425,4,431170
4426,1,431173
4427,1,431175
4428,4,431177
4429,3,431179
4430,18,431180
4431,1,431190
4432,1,431198
4433,1,431205
4434,1,431213
4435,1,431215
4436,3,431220
4437,2,431225
4438,2,431230
4439,1,431235
4440,1,431237
4441,1,431238
4442,28,431240
4443,2,431244
4444,3,431245
4445,2,431247
4446,4,431250
4447,1,431260
4448,8,431265
4449,7,431270
4450,3,431275
4451,1,431290
4452,1,431295
4453,6,431301
4454,3,431303
4455,11,431306
4456,10,431310
4457,5,431320
4458,5,431330
4459,1,431335
4460,7,431337
4461,2,431349
4462,84,431340
4463,1,431342
4464,1,431344
4465,1,431346
4466,14,431350
4467,1,431360
4468,4,431365
4469,17,431370
4470,6,431380
4471,5,431390
4472,3,431395
4473,1,431403
4474,14,431405
4475,2,431406
4476,4,431407
4477,101,431410
4478,1,431413
4479,5,431415
4480,1,431417
4481,1,431420
4482,88,431440
4483,2,431446
4484,1,431447
4485,1,431449
4486,2,431450
4487,1,431454
4488,2,431460
4489,2,431470
4490,1,431475
4491,2,431478
4492,7,431480
4493,717,431490
4494,2,431500
4495,2,431510
4496,1,431513
4497,1,431515
4498,1,431520
4499,14,431530
4500,1,431531
4501,1,431532
4502,2,431535
4503,7,431540
4504,1,431545
4505,6,431550
4506,1,431555
4507,63,431560
4508,21,431570
4509,2,431580
4510,4,431590
4511,1,431595
4512,3,431600
4513,3,431610
4514,2,431620
4515,1,431630
4516,4,431640
4517,1,431642
4518,1,431643
4519,5,431645
4520,1,431647
4521,2,431650
4522,4,431660
4523,43,431710
4524,1,431670
4525,2,431675
4526,51,431680
4527,1,431697
4528,48,431690
4529,1,431695
4530,19,431720
4531,3,431725
4532,5,431730
4533,23,431740
4534,36,431750
4535,20,431760
4536,7,431770
4537,1,431755
4538,3,431775
4539,8,431780
4540,2,431790
4541,69,431800
4542,3,431810
4543,2,431820
4544,16,431830
4545,1,431840
4546,4,431842
4547,2,431844
4548,1,431845
4549,3,431848
4550,1,431849
4551,2,431850
4552,3,431860
4553,77,431870
4554,11,431880
4555,10,431890
4556,9,431900
4557,2,431910
4558,5,431915
4559,1,431936
4560,3,431940
4561,5,431950
4562,9,431960
4563,2,431970
4564,2,431973
4565,1,431975
4566,3,431980
4567,32,431990
4568,42,432000
4569,5,432010
4570,3,432020
4571,4,432023
4572,3,432026
4573,3,432030
4574,4,432032
4575,7,432040
4576,1,432045
4577,1,432050
4578,4,432067
4579,10,432070
4580,7,432080
4581,1,432085
4582,10,432090
4583,1,432100
4584,1,432110
4585,8,432120
4586,4,432130
4587,1,432135
4588,5,432140
4589,4,432143
4590,13,432145
4591,3,432147
4592,2,432149
4593,23,432150
4594,19,432160
4595,1,432162
4596,3,432163
4597,5,432166
4598,10,432170
4599,3,432180
4600,2,432185
4601,4,432190
4602,1,432195
4603,6,432200
4604,1,432210
4605,1,432215
4606,2,432218
4607,4,432220
4608,2,432225
4609,2,432237
4610,43,432240
4611,18,432250
4612,3,432253
4613,1,432252
4614,30,432260
4615,14,432270
4616,16,432280
4617,3,432290
4618,73,432300
4619,2,432310
4620,2,432320
4621,1,432335
4622,5,432340
4623,1,432350
4624,1,432375
4625,5,432380
4626,2,500020
4627,1,500025
4628,20,500060
4629,12,500070
4630,3,500080
4631,2,500085
4632,4,500090
4633,10,500100
4634,17,500110
4635,1,500124
4636,7,500190
4637,6,500200
4638,23,500210
4639,5,500215
4640,5,500220
4641,4,500230
4642,7,500240
4643,5,500260
4644,374,500270
4645,2,500280
4646,18,500290
4647,17,500295
4648,8,500315
4649,143,500320
4650,20,500325
4651,20,500330
4652,6,500345
4653,6,500348
4654,1,500350
4655,93,500370
4656,11,500375
4657,19,500380
4658,2,500400
4659,8,500410
4660,41,500430
4661,2,500440
4662,2,500450
4663,10,500460
4664,9,500470
4665,20,500480
4666,2,500490
4667,16,500500
4668,1,500510
4669,1,500515
4670,19,500520
4671,1,500525
4672,8,500540
4673,4,500560
4674,18,500568
4675,30,500570
4676,2,500580
4677,7,500600
4678,24,500620
4679,2,500625
4680,1,500627
4681,39,500630
4682,1,500635
4683,2,500640
4684,56,500660
4685,8,500690
4686,6,500710
4687,4,500720
4688,1,500730
4689,4,500740
4690,1,500750
4691,5,500755
4692,21,500769
4693,3,500780
4694,7,500770
4695,20,500790
4696,3,500793
4697,4,500795
4698,1,500797
4699,4,500800
4700,147,500830
4701,2,500840
4702,3,510010
4703,13,510020
4704,53,510025
4705,8,510030
4706,10,510035
4707,6,510040
4708,1,510060
4709,8,510080
4710,3,510100
4711,2,510125
4712,8,510130
4713,9,510140
4714,1,510160
4715,11,510170
4716,42,510180
4717,1,510185
4718,55,510190
4719,17,510250
4720,15,510263
4721,9,510267
4722,1,510268
4723,7,510269
4724,6,510270
4725,11,510279
4726,5,510285
4727,7,510300
4728,4,510305
4729,2,510310
4730,19,510320
4731,10,510325
4732,3,510330
4733,37,510335
4734,4,510336
4735,6,510337
4736,336,510340
4737,1,510343
4738,4,510345
4739,9,510350
4740,2,510360
4741,6,510370
4742,1,510380
4743,1,510385
4744,2,510390
4745,29,510410
4746,3,510420
4747,3,510452
4748,3,510454
4749,3,510455
4750,4,510460
4751,3,510480
4752,6,510490
4753,24,510510
4754,40,510515
4755,6,510517
4756,4,510520
4757,57,510525
4758,2,510530
4759,7,510558
4760,21,510560
4761,3,510562
4762,5,510590
4763,1,510600
4764,4,510610
4765,8,510615
4766,5,510620
4767,4,510621
4768,3,510880
4769,4,510618
4770,3,510885
4771,2,510890
4772,8,510895
4773,32,510622
4774,10,510623
4775,4,510624
4776,2,510625
4777,2,510627
4778,9,510626
4779,1,510628
4780,15,510629
4781,3,510630
4782,8,510637
4783,34,510642
4784,1,510645
4785,20,510650
4786,3,510665
4787,2,510670
4788,17,510675
4789,12,510677
4790,1,510682
4791,1,510685
4792,11,510700
4793,23,510704
4794,10,510706
4795,3,510718
4796,1,510719
4797,1,510757
4798,97,510760
4799,4,510770
4800,1,510775
4801,3,510724
4802,7,510774
4803,5,510776
4804,4,510777
4805,11,510780
4806,26,510785
4807,14,510730
4808,7,510735
4809,3,510710
4810,2,510740
4811,14,510787
4812,1,510788
4813,79,510790
4814,47,510792
4815,1,510794
4816,57,510795
4817,4,510800
4818,5,510805
4819,2,510820
4820,1,510830
4821,1,510835
4822,146,510840
4823,7,510850
4824,10,510550
4825,9,510860
4826,2,520005
4827,8,520010
4828,8,520013
4829,1,520017
4830,52,520025
4831,20,520030
4832,1,520055
4833,1,520060
4834,37,520080
4835,1,520082
4836,2,520085
4837,169,520110
4838,9,520130
4839,180,520140
4840,1,520145
4841,2,520150
4842,2,520160
4843,4,520170
4844,7,520180
4845,1,520215
4846,6,520250
4847,1,520260
4848,1,520280
4849,1,520310
4850,3,520320
4851,16,520330
4852,1,520340
4853,17,520350
4854,1,520355
4855,2,520357
4856,1,520360
4857,2,520380
4858,3,520390
4859,2,520393
4860,1,520400
4861,4,520410
4862,1,520425
4863,8,520430
4864,9,520440
4865,32,520450
4866,2,520455
4867,2,520460
4868,4,520465
4869,2,520470
4870,3,520485
4871,5,520490
4872,1,520495
4873,2,520500
4874,5,520505
4875,21,520510
4876,5,520520
4877,5,520530
4878,13,520540
4879,1,520545
4880,4,520547
4881,15,520549
4882,3,520551
4883,1,520552
4884,4,520580
4885,6,520590
4886,15,520620
4887,2,520630
4888,2,520640
4889,2,520650
4890,2,520830
4891,2,520725
4892,5,520735
4893,5,520740
4894,4,520750
4895,3,520753
4896,2,520760
4897,8,520790
4898,229,520800
4899,1,520810
4900,1,520815
4901,3,520840
4902,1,520850
4903,24,520860
4904,548,520870
4905,9,520880
4906,6,520890
4907,25,520910
4908,1,520915
4909,5,520920
4910,1,520929
4911,6,520940
4912,1,520945
4913,1,520960
4914,13,520970
4915,1,520980
4916,6,520990
4917,1,520993
4918,7,520995
4919,14,521000
4920,7,521010
4921,7,521020
4922,2,521030
4923,9,521040
4924,1,521056
4925,4,521060
4926,1,521080
4927,9,521090
4928,3,521100
4929,7,521120
4930,3,521130
4931,4,521140
4932,80,521150
4933,3,521170
4934,7,521180
4935,43,521190
4936,1,521200
4937,2,521205
4938,3,521210
4939,4,521220
4940,1,521225
4941,4,521230
4942,56,521250
4943,1,521260
4944,1,521270
4945,3,521280
4946,2,521290
4947,1,521300
4948,13,521308
4949,16,521310
4950,4,521350
4951,3,521370
4952,7,521375
4953,26,521380
4954,2,521390
4955,8,521400
4956,3,521405
4957,2,521410
4958,1,521440
4959,16,521450
4960,26,521460
4961,4,521470
4962,3,521480
4963,9,521486
4964,1,521490
4965,3,521520
4966,33,521523
4967,5,521525
4968,20,521530
4969,1,521540
4970,1,521550
4971,8,521560
4972,1,521565
4973,7,521570
4974,1,521590
4975,1,521600
4976,8,521630
4977,1,521640
4978,2,521680
4979,2,521690
4980,20,521710
4981,3,521720
4982,22,521730
4983,8,521740
4984,28,521760
4985,7,521770
4986,27,521800
4987,1,521810
4988,37,521830
4989,2,521839
4990,83,521850
4991,7,521860
4992,51,521880
4993,11,521890
4994,1,521920
4995,2,521925
4996,33,521930
4997,2,521935
4998,1,521940
4999,1,521950
5000,2,521960
5001,1,521970
5002,1,521971
5003,2,521973
5004,16,521975
5005,3,521980
5006,7,521990
5007,4,522000
5008,2,522005
5009,7,522010
5010,4,522015
5011,23,522020
5012,2,522026
5013,29,522040
5014,29,522045
5015,1,522050
5016,5,522060
5017,7,522068
5018,1,522070
5019,2,522100
5020,1,522119
5021,32,522140
5022,3,522155
5023,1,522157
5024,24,522160
5025,12,522170
5026,1,522180
5027,41,522185
5028,3,522190
5029,2,522200
5030,3,522205
5031,2,522220
5032,2,522230
5033,1253,530010
5034,102428,Total
