,MUNCOD,RISK
0,110000,0
1,110001,1
2,110002,1
3,110003,1
4,110004,1
5,110005,1
6,110006,1
7,110007,1
8,110008,1
9,110009,1
10,110010,1
11,110011,1
12,110012,1
13,110013,1
14,110014,1
15,110015,1
16,110018,1
17,110020,1
18,110025,1
19,110026,1
20,110028,1
21,110029,1
22,110030,1
23,110032,1
24,110033,1
25,110034,1
26,110037,1
27,110040,1
28,110045,1
29,110050,1
30,110060,1
31,110070,1
32,110080,1
33,110090,1
34,110092,1
35,110094,1
36,110100,1
37,110110,1
38,110120,1
39,110130,1
40,110140,1
41,110143,1
42,110145,1
43,110146,1
44,110147,1
45,110148,1
46,110149,1
47,110150,1
48,110155,1
49,110160,1
50,110170,1
51,110175,1
52,110180,1
53,120000,0
54,120001,0
55,120005,0
56,120010,0
57,120013,0
58,120017,0
59,120020,0
60,120025,0
61,120030,0
62,120032,0
63,120033,0
64,120034,0
65,120035,0
66,120038,0
67,120039,0
68,120040,0
69,120042,0
70,120043,0
71,120045,0
72,120050,0
73,120060,0
74,120070,0
75,120080,0
76,130000,0
77,130002,0
78,130006,1
79,130008,0
80,130010,0
81,130014,1
82,130020,1
83,130030,0
84,130040,0
85,130050,0
86,130060,1
87,130063,0
88,130068,0
89,130070,0
90,130080,0
91,130083,0
92,130090,0
93,130100,1
94,130110,0
95,130115,0
96,130120,0
97,130130,0
98,130140,1
99,130150,0
100,130160,1
101,130165,0
102,130170,1
103,130180,0
104,130185,0
105,130190,0
106,130195,1
107,130200,0
108,130210,1
109,130220,1
110,130230,1
111,130240,0
112,130250,0
113,130255,0
114,130260,0
115,130270,0
116,130280,1
117,130290,0
118,130300,0
119,130310,0
120,130320,0
121,130330,0
122,130340,0
123,130350,0
124,130353,0
125,130356,0
126,130360,0
127,130370,1
128,130380,1
129,130390,1
130,130395,0
131,130400,0
132,130406,1
133,130410,0
134,130420,0
135,130423,1
136,130426,0
137,130430,0
138,130440,0
139,140000,0
140,140002,0
141,140005,0
142,140010,0
143,140015,0
144,140017,0
145,140020,0
146,140023,0
147,140028,0
148,140030,0
149,140040,0
150,140045,0
151,140047,0
152,140050,0
153,140060,0
154,140070,0
155,150000,0
156,150010,0
157,150013,0
158,150020,0
159,150030,0
160,150034,0
161,150040,0
162,150050,0
163,150060,0
164,150070,0
165,150080,0
166,150085,0
167,150090,0
168,150095,0
169,150100,0
170,150110,0
171,150120,0
172,150125,0
173,150130,0
174,150140,0
175,150145,0
176,150150,0
177,150157,0
178,150160,0
179,150170,0
180,150172,0
181,150175,0
182,150178,0
183,150180,0
184,150190,0
185,150195,0
186,150200,0
187,150210,0
188,150215,0
189,150220,0
190,150230,0
191,150240,0
192,150250,0
193,150260,0
194,150270,0
195,150275,0
196,150276,0
197,150277,0
198,150280,0
199,150285,0
200,150290,0
201,150293,0
202,150295,0
203,150300,0
204,150304,0
205,150307,0
206,150309,0
207,150310,0
208,150320,0
209,150330,0
210,150340,0
211,150345,0
212,150350,0
213,150360,0
214,150370,0
215,150375,0
216,150380,0
217,150390,0
218,150400,0
219,150405,0
220,150410,0
221,150420,0
222,150430,0
223,150440,0
224,150442,0
225,150445,0
226,150450,0
227,150460,0
228,150470,0
229,150480,0
230,150490,0
231,150495,0
232,150497,0
233,150500,0
234,150503,1
235,150506,0
236,150510,0
237,150520,0
238,150530,0
239,150540,0
240,150543,0
241,150548,0
242,150549,0
243,150550,0
244,150553,0
245,150555,0
246,150560,0
247,150563,0
248,150565,0
249,150570,0
250,150580,0
251,150590,0
252,150600,0
253,150610,0
254,150611,0
255,150613,0
256,150616,0
257,150618,0
258,150619,0
259,150620,0
260,150630,0
261,150635,0
262,150640,0
263,150650,0
264,150655,0
265,150658,0
266,150660,0
267,150670,0
268,150680,0
269,150690,0
270,150700,0
271,150710,0
272,150715,0
273,150720,0
274,150730,0
275,150740,0
276,150745,0
277,150746,0
278,150747,0
279,150750,0
280,150760,0
281,150770,0
282,150775,0
283,150780,0
284,150790,0
285,150795,0
286,150796,0
287,150797,0
288,150800,0
289,150803,0
290,150805,0
291,150808,0
292,150810,0
293,150812,0
294,150815,0
295,150820,0
296,150830,0
297,150835,0
298,150840,0
299,160000,0
300,160005,0
301,160010,0
302,160015,0
303,160020,0
304,160021,0
305,160023,0
306,160025,0
307,160027,0
308,160030,0
309,160040,0
310,160050,0
311,160053,0
312,160055,0
313,160060,0
314,160070,0
315,160080,0
316,170000,0
317,170025,1
318,170030,0
319,170035,1
320,170040,1
321,170070,0
322,170100,0
323,170105,0
324,170110,1
325,170130,0
326,170190,0
327,170200,1
328,170210,0
329,170215,0
330,170220,0
331,170230,0
332,170240,0
333,170255,0
334,170270,0
335,170290,0
336,170300,0
337,170305,0
338,170307,0
339,170310,1
340,170320,0
341,170330,1
342,170360,0
343,170370,1
344,170380,0
345,170382,0
346,170384,0
347,170386,1
348,170388,0
349,170389,0
350,170390,0
351,170410,1
352,170460,1
353,170510,1
354,170550,0
355,170555,0
356,170560,1
357,170600,0
358,170610,1
359,170625,1
360,170650,0
361,170700,1
362,170710,1
363,170720,1
364,170730,1
365,170740,0
366,170755,1
367,170765,1
368,170770,0
369,170820,1
370,170825,1
371,170830,0
372,170900,0
373,170930,1
374,170950,1
375,170980,1
376,171050,0
377,171070,0
378,171090,0
379,171110,0
380,171150,0
381,171180,0
382,171190,1
383,171195,1
384,171200,1
385,171215,0
386,171240,1
387,171245,0
388,171250,0
389,171270,1
390,171280,0
391,171320,1
392,171330,1
393,171360,1
394,171370,1
395,171380,0
396,171395,0
397,171420,1
398,171430,0
399,171488,0
400,171500,1
401,171510,1
402,171515,0
403,171525,1
404,171550,1
405,171570,0
406,171575,0
407,171610,1
408,171620,1
409,171630,0
410,171650,1
411,171660,1
412,171665,0
413,171670,0
414,171700,1
415,171720,0
416,171750,1
417,171780,1
418,171790,1
419,171800,1
420,171820,1
421,171830,0
422,171840,0
423,171845,1
424,171850,1
425,171855,0
426,171865,1
427,171870,1
428,171875,1
429,171880,0
430,171884,1
431,171886,0
432,171888,1
433,171889,1
434,171890,1
435,171900,1
436,172000,0
437,172010,0
438,172015,1
439,172020,0
440,172025,1
441,172030,0
442,172049,1
443,172065,1
444,172080,0
445,172085,1
446,172090,1
447,172093,1
448,172097,1
449,172100,1
450,172110,1
451,172120,0
452,172125,1
453,172130,0
454,172208,0
455,172210,0
456,210000,0
457,210005,0
458,210010,0
459,210015,0
460,210020,0
461,210030,0
462,210040,0
463,210043,0
464,210047,0
465,210050,0
466,210055,0
467,210060,0
468,210070,0
469,210080,0
470,210083,0
471,210087,0
472,210090,0
473,210095,0
474,210100,0
475,210110,0
476,210120,0
477,210125,0
478,210130,0
479,210135,0
480,210140,0
481,210150,1
482,210160,0
483,210170,0
484,210173,0
485,210177,0
486,210180,0
487,210190,0
488,210193,0
489,210197,0
490,210200,0
491,210203,0
492,210207,0
493,210210,0
494,210215,0
495,210220,0
496,210230,0
497,210232,0
498,210235,0
499,210237,0
500,210240,0
501,210250,0
502,210255,0
503,210260,0
504,210270,0
505,210275,0
506,210280,0
507,210290,0
508,210300,0
509,210310,0
510,210312,0
511,210315,0
512,210317,0
513,210320,0
514,210325,0
515,210330,0
516,210340,0
517,210350,0
518,210355,0
519,210360,0
520,210370,0
521,210375,0
522,210380,0
523,210390,0
524,210400,0
525,210405,0
526,210407,0
527,210408,0
528,210409,0
529,210410,0
530,210420,0
531,210430,0
532,210440,0
533,210450,0
534,210455,0
535,210460,0
536,210462,0
537,210465,0
538,210467,0
539,210470,0
540,210480,0
541,210490,0
542,210500,0
543,210510,0
544,210515,0
545,210520,0
546,210530,0
547,210535,0
548,210540,0
549,210542,0
550,210545,0
551,210547,0
552,210550,0
553,210560,0
554,210565,0
555,210570,0
556,210580,0
557,210590,0
558,210592,1
559,210594,0
560,210596,0
561,210598,0
562,210600,0
563,210610,0
564,210620,0
565,210630,0
566,210632,0
567,210635,0
568,210637,0
569,210640,0
570,210650,0
571,210660,1
572,210663,0
573,210667,0
574,210670,0
575,210675,0
576,210680,0
577,210690,0
578,210700,0
579,210710,0
580,210720,0
581,210725,0
582,210730,0
583,210735,0
584,210740,0
585,210745,0
586,210750,0
587,210760,0
588,210770,0
589,210780,1
590,210790,0
591,210800,0
592,210805,0
593,210810,0
594,210820,0
595,210825,0
596,210830,0
597,210840,0
598,210845,0
599,210850,0
600,210860,0
601,210870,0
602,210880,0
603,210890,0
604,210900,0
605,210905,0
606,210910,0
607,210920,0
608,210923,0
609,210927,0
610,210930,0
611,210940,0
612,210945,0
613,210950,0
614,210955,0
615,210960,0
616,210970,0
617,210975,0
618,210980,0
619,210990,0
620,211000,0
621,211003,0
622,211010,0
623,211020,0
624,211023,0
625,211027,0
626,211030,0
627,211040,0
628,211050,0
629,211060,0
630,211065,0
631,211070,0
632,211080,0
633,211085,0
634,211090,1
635,211100,0
636,211102,0
637,211105,0
638,211107,0
639,211110,0
640,211120,0
641,211125,0
642,211130,0
643,211140,0
644,211150,0
645,211153,0
646,211157,0
647,211160,0
648,211163,0
649,211167,0
650,211170,0
651,211172,0
652,211174,0
653,211176,0
654,211178,0
655,211180,0
656,211190,0
657,211195,1
658,211200,0
659,211210,0
660,211220,1
661,211223,0
662,211227,0
663,211230,0
664,211240,0
665,211245,0
666,211250,0
667,211260,0
668,211270,0
669,211280,0
670,211285,0
671,211290,0
672,211300,0
673,211400,0
674,220000,0
675,220005,1
676,220010,1
677,220020,1
678,220025,1
679,220027,1
680,220030,1
681,220040,1
682,220045,0
683,220050,1
684,220060,1
685,220070,0
686,220080,0
687,220090,1
688,220095,1
689,220100,1
690,220105,1
691,220110,0
692,220115,0
693,220117,1
694,220120,1
695,220130,0
696,220140,1
697,220150,1
698,220155,1
699,220157,1
700,220160,1
701,220170,0
702,220173,1
703,220177,1
704,220180,1
705,220190,0
706,220191,0
707,220192,0
708,220194,1
709,220196,1
710,220198,1
711,220200,0
712,220202,1
713,220205,1
714,220207,1
715,220208,0
716,220209,1
717,220210,1
718,220211,1
719,220213,1
720,220217,0
721,220220,1
722,220225,0
723,220230,1
724,220240,1
725,220245,1
726,220250,0
727,220253,0
728,220255,1
729,220260,1
730,220265,0
731,220270,1
732,220271,1
733,220272,1
734,220273,1
735,220275,0
736,220277,1
737,220280,1
738,220285,0
739,220290,0
740,220300,0
741,220310,0
742,220320,0
743,220323,0
744,220325,1
745,220327,1
746,220330,1
747,220335,0
748,220340,1
749,220342,1
750,220345,0
751,220350,1
752,220360,0
753,220370,1
754,220375,0
755,220380,1
756,220385,1
757,220390,1
758,220400,1
759,220410,1
760,220415,1
761,220420,1
762,220430,1
763,220435,1
764,220440,0
765,220450,1
766,220455,0
767,220460,1
768,220465,0
769,220470,1
770,220480,1
771,220490,1
772,220500,1
773,220510,1
774,220515,1
775,220520,1
776,220525,1
777,220527,1
778,220530,1
779,220535,1
780,220540,0
781,220545,0
782,220550,1
783,220551,1
784,220552,0
785,220553,0
786,220554,1
787,220555,1
788,220556,1
789,220557,1
790,220558,1
791,220559,1
792,220560,0
793,220570,0
794,220580,0
795,220585,0
796,220590,0
797,220595,1
798,220600,0
799,220605,1
800,220610,0
801,220620,0
802,220630,1
803,220635,1
804,220640,1
805,220650,1
806,220660,0
807,220665,0
808,220667,0
809,220669,0
810,220670,1
811,220675,1
812,220680,0
813,220690,1
814,220695,1
815,220700,1
816,220710,1
817,220720,1
818,220730,1
819,220735,1
820,220740,0
821,220750,1
822,220755,1
823,220760,0
824,220770,0
825,220775,1
826,220777,1
827,220779,1
828,220780,1
829,220785,0
830,220790,1
831,220793,1
832,220795,1
833,220800,1
834,220810,1
835,220820,1
836,220830,1
837,220840,1
838,220850,0
839,220855,0
840,220860,1
841,220865,1
842,220870,0
843,220880,1
844,220885,0
845,220887,1
846,220890,0
847,220900,1
848,220910,1
849,220915,1
850,220920,0
851,220930,0
852,220935,1
853,220937,1
854,220940,1
855,220945,1
856,220950,1
857,220955,0
858,220960,1
859,220965,1
860,220970,1
861,220975,0
862,220980,1
863,220985,1
864,220987,1
865,220990,1
866,220995,1
867,220997,0
868,221000,1
869,221005,1
870,221010,1
871,221020,1
872,221030,1
873,221035,0
874,221037,1
875,221038,1
876,221039,1
877,221040,1
878,221050,1
879,221060,0
880,221062,0
881,221063,0
882,221065,1
883,221070,1
884,221080,1
885,221090,1
886,221093,1
887,221095,0
888,221097,1
889,221100,1
890,221110,1
891,221120,0
892,221130,1
893,221135,0
894,221140,1
895,221150,1
896,221160,1
897,221170,1
898,230000,0
899,230010,1
900,230015,1
901,230020,0
902,230030,1
903,230040,1
904,230050,1
905,230060,1
906,230070,1
907,230075,0
908,230080,1
909,230090,1
910,230100,0
911,230110,0
912,230120,1
913,230125,1
914,230130,1
915,230140,1
916,230150,1
917,230160,1
918,230170,1
919,230180,1
920,230185,1
921,230190,1
922,230195,1
923,230200,1
924,230205,0
925,230210,1
926,230220,0
927,230230,0
928,230240,1
929,230250,1
930,230260,0
931,230270,1
932,230280,1
933,230290,1
934,230300,1
935,230310,1
936,230320,1
937,230330,1
938,230340,1
939,230350,0
940,230360,1
941,230365,1
942,230370,0
943,230380,1
944,230390,0
945,230393,1
946,230395,1
947,230400,1
948,230410,1
949,230420,1
950,230423,1
951,230425,0
952,230426,1
953,230427,1
954,230428,0
955,230430,1
956,230435,1
957,230440,0
958,230445,0
959,230450,1
960,230460,1
961,230465,1
962,230470,0
963,230480,1
964,230490,1
965,230495,0
966,230500,1
967,230510,1
968,230520,1
969,230523,0
970,230526,1
971,230530,1
972,230533,1
973,230535,0
974,230540,1
975,230550,1
976,230560,1
977,230565,1
978,230570,1
979,230580,1
980,230590,1
981,230600,1
982,230610,1
983,230620,0
984,230625,0
985,230630,1
986,230640,0
987,230650,1
988,230655,0
989,230660,1
990,230670,1
991,230680,1
992,230690,1
993,230700,0
994,230710,1
995,230720,1
996,230725,0
997,230730,1
998,230740,1
999,230750,1
1000,230760,1
1001,230763,1
1002,230765,0
1003,230770,0
1004,230780,0
1005,230790,0
1006,230800,1
1007,230810,1
1008,230820,1
1009,230830,1
1010,230835,1
1011,230837,1
1012,230840,1
1013,230850,1
1014,230860,1
1015,230870,1
1016,230880,1
1017,230890,0
1018,230900,1
1019,230910,1
1020,230920,1
1021,230930,1
1022,230940,1
1023,230945,1
1024,230950,1
1025,230960,0
1026,230970,0
1027,230980,1
1028,230990,1
1029,231000,0
1030,231010,1
1031,231020,0
1032,231025,0
1033,231030,1
1034,231040,1
1035,231050,1
1036,231060,1
1037,231070,1
1038,231080,1
1039,231085,0
1040,231090,1
1041,231095,1
1042,231100,1
1043,231110,1
1044,231120,1
1045,231123,1
1046,231126,1
1047,231130,1
1048,231135,1
1049,231140,1
1050,231150,1
1051,231160,1
1052,231170,1
1053,231180,0
1054,231190,1
1055,231195,1
1056,231200,1
1057,231210,1
1058,231220,1
1059,231230,1
1060,231240,0
1061,231250,1
1062,231260,1
1063,231270,1
1064,231280,1
1065,231290,1
1066,231300,1
1067,231310,1
1068,231320,1
1069,231325,1
1070,231330,1
1071,231335,1
1072,231340,1
1073,231350,0
1074,231355,1
1075,231360,1
1076,231370,1
1077,231375,1
1078,231380,1
1079,231390,1
1080,231395,1
1081,231400,1
1082,231410,1
1083,240000,0
1084,240010,0
1085,240020,0
1086,240030,0
1087,240040,1
1088,240050,1
1089,240060,1
1090,240070,0
1091,240080,0
1092,240090,1
1093,240100,1
1094,240110,0
1095,240120,0
1096,240130,0
1097,240140,0
1098,240145,0
1099,240150,0
1100,240160,0
1101,240165,0
1102,240170,0
1103,240180,0
1104,240185,0
1105,240190,0
1106,240200,0
1107,240210,0
1108,240220,0
1109,240230,0
1110,240240,0
1111,240250,0
1112,240260,0
1113,240270,0
1114,240280,0
1115,240290,1
1116,240300,0
1117,240310,0
1118,240320,1
1119,240325,0
1120,240330,1
1121,240340,0
1122,240350,0
1123,240360,0
1124,240370,0
1125,240375,0
1126,240380,0
1127,240390,1
1128,240400,1
1129,240410,0
1130,240420,0
1131,240430,0
1132,240440,0
1133,240450,0
1134,240460,0
1135,240470,0
1136,240480,0
1137,240485,0
1138,240490,1
1139,240500,0
1140,240510,0
1141,240520,0
1142,240530,0
1143,240540,0
1144,240550,0
1145,240560,0
1146,240570,0
1147,240580,0
1148,240590,1
1149,240600,1
1150,240610,0
1151,240615,0
1152,240620,0
1153,240630,0
1154,240640,0
1155,240650,0
1156,240660,0
1157,240670,0
1158,240680,0
1159,240690,1
1160,240700,1
1161,240710,0
1162,240720,0
1163,240725,1
1164,240730,1
1165,240740,1
1166,240750,0
1167,240760,0
1168,240770,0
1169,240780,0
1170,240790,0
1171,240800,0
1172,240810,0
1173,240820,0
1174,240830,0
1175,240840,0
1176,240850,0
1177,240860,1
1178,240870,0
1179,240880,0
1180,240890,0
1181,240895,0
1182,240910,0
1183,240920,0
1184,240930,0
1185,240933,0
1186,240940,1
1187,240950,0
1188,240960,0
1189,240970,0
1190,240980,0
1191,240990,0
1192,241000,1
1193,241010,0
1194,241020,1
1195,241025,0
1196,241030,0
1197,241040,0
1198,241050,1
1199,241060,0
1200,241070,1
1201,241080,1
1202,241090,0
1203,241100,1
1204,241105,0
1205,241110,0
1206,241120,0
1207,241140,0
1208,241142,0
1209,241150,0
1210,241160,0
1211,241170,0
1212,241180,0
1213,241190,1
1214,241200,0
1215,241210,0
1216,241220,0
1217,241230,0
1218,241240,0
1219,241250,1
1220,241255,0
1221,241260,0
1222,241270,0
1223,241280,0
1224,241290,0
1225,241300,0
1226,241310,0
1227,241320,0
1228,241330,0
1229,241335,0
1230,241340,0
1231,241350,0
1232,241355,1
1233,241360,1
1234,241370,0
1235,241380,1
1236,241390,0
1237,241400,0
1238,241410,1
1239,241415,0
1240,241420,0
1241,241430,0
1242,241440,0
1243,241445,0
1244,241450,1
1245,241460,0
1246,241470,0
1247,241475,1
1248,241480,0
1249,241490,1
1250,241500,0
1251,250000,0
1252,250010,0
1253,250020,1
1254,250030,0
1255,250040,0
1256,250050,0
1257,250053,0
1258,250057,0
1259,250060,0
1260,250070,1
1261,250073,0
1262,250077,1
1263,250080,0
1264,250090,0
1265,250100,0
1266,250110,0
1267,250115,0
1268,250120,0
1269,250130,0
1270,250135,0
1271,250140,0
1272,250150,0
1273,250153,0
1274,250157,0
1275,250160,0
1276,250170,0
1277,250180,0
1278,250190,0
1279,250200,0
1280,250205,1
1281,250210,1
1282,250215,0
1283,250220,1
1284,250230,1
1285,250240,1
1286,250250,0
1287,250260,1
1288,250270,0
1289,250280,0
1290,250290,1
1291,250300,0
1292,250310,0
1293,250320,0
1294,250330,1
1295,250340,0
1296,250350,0
1297,250355,0
1298,250360,0
1299,250370,1
1300,250375,0
1301,250380,0
1302,250390,0
1303,250400,0
1304,250403,0
1305,250407,0
1306,250410,1
1307,250415,0
1308,250420,0
1309,250430,1
1310,250435,0
1311,250440,1
1312,250450,0
1313,250460,0
1314,250470,0
1315,250480,1
1316,250485,0
1317,250490,0
1318,250500,0
1319,250510,0
1320,250520,0
1321,250523,0
1322,250527,0
1323,250530,1
1324,250535,0
1325,250540,0
1326,250550,0
1327,250560,1
1328,250570,0
1329,250580,0
1330,250590,0
1331,250600,0
1332,250610,0
1333,250620,0
1334,250625,0
1335,250630,0
1336,250640,0
1337,250650,0
1338,250660,1
1339,250670,0
1340,250680,0
1341,250690,0
1342,250700,1
1343,250710,0
1344,250720,0
1345,250730,0
1346,250740,1
1347,250750,0
1348,250760,0
1349,250770,0
1350,250780,0
1351,250790,0
1352,250800,0
1353,250810,1
1354,250820,0
1355,250830,0
1356,250840,1
1357,250850,0
1358,250855,0
1359,250860,0
1360,250870,0
1361,250880,0
1362,250890,0
1363,250900,1
1364,250905,0
1365,250910,0
1366,250915,1
1367,250920,0
1368,250930,0
1369,250933,0
1370,250937,0
1371,250939,0
1372,250940,0
1373,250950,0
1374,250960,1
1375,250970,0
1376,250980,0
1377,250990,0
1378,251000,1
1379,251010,0
1380,251020,1
1381,251030,0
1382,251040,0
1383,251050,0
1384,251060,0
1385,251065,0
1386,251070,0
1387,251080,0
1388,251090,0
1389,251100,1
1390,251110,0
1391,251120,0
1392,251130,1
1393,251140,0
1394,251150,0
1395,251160,0
1396,251170,0
1397,251180,0
1398,251190,0
1399,251200,0
1400,251203,1
1401,251207,1
1402,251210,1
1403,251220,0
1404,251230,0
1405,251240,0
1406,251250,0
1407,251260,0
1408,251270,0
1409,251272,0
1410,251274,0
1411,251275,0
1412,251276,0
1413,251278,0
1414,251280,0
1415,251290,0
1416,251300,0
1417,251310,0
1418,251315,0
1419,251320,1
1420,251330,1
1421,251335,1
1422,251340,0
1423,251350,1
1424,251360,1
1425,251365,1
1426,251370,0
1427,251380,0
1428,251385,0
1429,251390,0
1430,251392,0
1431,251394,0
1432,251396,1
1433,251398,1
1434,251400,0
1435,251410,0
1436,251420,1
1437,251430,1
1438,251440,0
1439,251445,0
1440,251450,1
1441,251455,0
1442,251460,0
1443,251465,0
1444,251470,0
1445,251480,0
1446,251490,0
1447,251500,0
1448,251510,0
1449,251520,0
1450,251530,0
1451,251540,0
1452,251550,0
1453,251560,0
1454,251570,1
1455,251580,0
1456,251590,0
1457,251593,0
1458,251597,0
1459,251600,0
1460,251610,0
1461,251615,0
1462,251620,1
1463,251630,0
1464,251640,0
1465,251650,0
1466,251660,0
1467,251670,0
1468,251675,0
1469,251680,1
1470,251690,1
1471,251700,0
1472,251710,0
1473,251720,1
1474,251740,0
1475,260000,0
1476,260005,0
1477,260010,0
1478,260020,1
1479,260030,0
1480,260040,0
1481,260050,0
1482,260060,0
1483,260070,0
1484,260080,0
1485,260090,0
1486,260100,0
1487,260105,0
1488,260110,1
1489,260120,0
1490,260130,0
1491,260140,0
1492,260150,0
1493,260160,0
1494,260170,0
1495,260180,0
1496,260190,0
1497,260200,1
1498,260210,0
1499,260220,0
1500,260230,0
1501,260240,0
1502,260250,0
1503,260260,0
1504,260270,0
1505,260280,0
1506,260290,0
1507,260300,1
1508,260310,0
1509,260320,0
1510,260330,0
1511,260340,0
1512,260345,0
1513,260350,0
1514,260360,0
1515,260370,0
1516,260380,0
1517,260390,0
1518,260392,1
1519,260400,0
1520,260410,0
1521,260415,0
1522,260420,0
1523,260430,1
1524,260440,0
1525,260450,0
1526,260460,0
1527,260470,0
1528,260480,0
1529,260490,0
1530,260500,0
1531,260510,0
1532,260515,1
1533,260520,0
1534,260530,1
1535,260540,0
1536,260545,0
1537,260550,0
1538,260560,0
1539,260570,0
1540,260580,0
1541,260590,0
1542,260600,0
1543,260610,0
1544,260620,0
1545,260630,1
1546,260640,0
1547,260650,0
1548,260660,0
1549,260670,0
1550,260680,0
1551,260690,0
1552,260700,0
1553,260710,0
1554,260720,0
1555,260730,1
1556,260740,0
1557,260750,0
1558,260760,0
1559,260765,0
1560,260770,0
1561,260775,0
1562,260780,0
1563,260790,0
1564,260795,0
1565,260800,0
1566,260805,0
1567,260810,0
1568,260820,0
1569,260825,0
1570,260830,0
1571,260840,0
1572,260845,0
1573,260850,0
1574,260860,0
1575,260870,0
1576,260875,1
1577,260880,0
1578,260890,0
1579,260900,0
1580,260910,0
1581,260915,0
1582,260920,0
1583,260930,1
1584,260940,0
1585,260950,0
1586,260960,0
1587,260970,0
1588,260980,1
1589,260990,1
1590,261000,0
1591,261010,0
1592,261020,0
1593,261030,0
1594,261040,1
1595,261050,0
1596,261060,0
1597,261070,0
1598,261080,0
1599,261090,0
1600,261100,0
1601,261110,0
1602,261120,0
1603,261130,0
1604,261140,0
1605,261150,0
1606,261153,0
1607,261160,0
1608,261170,0
1609,261180,0
1610,261190,0
1611,261200,0
1612,261210,0
1613,261220,1
1614,261230,0
1615,261240,0
1616,261245,1
1617,261247,0
1618,261250,0
1619,261255,1
1620,261260,1
1621,261270,0
1622,261280,0
1623,261290,0
1624,261300,0
1625,261310,0
1626,261320,0
1627,261330,0
1628,261340,0
1629,261350,1
1630,261360,0
1631,261370,0
1632,261380,0
1633,261390,0
1634,261400,1
1635,261410,0
1636,261420,0
1637,261430,1
1638,261440,0
1639,261450,0
1640,261460,0
1641,261470,0
1642,261480,0
1643,261485,0
1644,261500,0
1645,261510,0
1646,261520,1
1647,261530,0
1648,261540,0
1649,261550,0
1650,261560,1
1651,261570,0
1652,261580,0
1653,261590,0
1654,261600,0
1655,261610,1
1656,261618,0
1657,261620,0
1658,261630,0
1659,261640,0
1660,261650,0
1661,270000,0
1662,270010,0
1663,270020,0
1664,270030,0
1665,270040,0
1666,270050,0
1667,270060,0
1668,270070,0
1669,270080,0
1670,270090,0
1671,270100,0
1672,270110,0
1673,270120,0
1674,270130,0
1675,270135,0
1676,270140,0
1677,270150,0
1678,270160,0
1679,270170,0
1680,270180,0
1681,270190,0
1682,270200,0
1683,270210,0
1684,270220,0
1685,270230,0
1686,270235,0
1687,270240,0
1688,270250,0
1689,270255,0
1690,270260,0
1691,270270,0
1692,270280,0
1693,270290,0
1694,270300,0
1695,270310,0
1696,270320,0
1697,270330,0
1698,270340,0
1699,270350,0
1700,270360,0
1701,270370,0
1702,270375,0
1703,270380,0
1704,270390,0
1705,270400,0
1706,270410,0
1707,270420,0
1708,270430,0
1709,270440,0
1710,270450,0
1711,270460,0
1712,270470,0
1713,270480,0
1714,270490,0
1715,270500,0
1716,270510,0
1717,270520,0
1718,270530,0
1719,270540,0
1720,270550,0
1721,270560,0
1722,270570,0
1723,270580,0
1724,270590,0
1725,270600,0
1726,270610,0
1727,270620,0
1728,270630,0
1729,270640,0
1730,270642,0
1731,270644,0
1732,270650,0
1733,270660,0
1734,270670,0
1735,270680,0
1736,270690,0
1737,270700,0
1738,270710,0
1739,270720,0
1740,270730,0
1741,270740,0
1742,270750,0
1743,270760,0
1744,270770,0
1745,270780,0
1746,270790,0
1747,270800,0
1748,270810,0
1749,270820,0
1750,270830,0
1751,270840,0
1752,270850,0
1753,270860,0
1754,270870,0
1755,270880,0
1756,270890,0
1757,270895,0
1758,270900,0
1759,270910,0
1760,270915,0
1761,270920,0
1762,270930,0
1763,270940,0
1764,280000,0
1765,280010,0
1766,280020,0
1767,280030,0
1768,280040,0
1769,280050,0
1770,280060,0
1771,280067,0
1772,280070,0
1773,280100,0
1774,280110,0
1775,280120,0
1776,280130,0
1777,280140,0
1778,280150,0
1779,280160,0
1780,280170,0
1781,280190,0
1782,280200,0
1783,280210,0
1784,280220,0
1785,280230,0
1786,280240,0
1787,280250,0
1788,280260,0
1789,280270,0
1790,280280,0
1791,280290,0
1792,280300,0
1793,280310,0
1794,280320,0
1795,280330,0
1796,280340,0
1797,280350,0
1798,280360,0
1799,280370,0
1800,280380,0
1801,280390,0
1802,280400,0
1803,280410,0
1804,280420,0
1805,280430,0
1806,280440,0
1807,280445,0
1808,280450,0
1809,280460,0
1810,280470,0
1811,280480,0
1812,280490,0
1813,280500,0
1814,280510,0
1815,280520,0
1816,280530,0
1817,280540,0
1818,280550,0
1819,280560,0
1820,280570,0
1821,280580,0
1822,280590,0
1823,280600,0
1824,280610,0
1825,280620,0
1826,280630,0
1827,280640,0
1828,280650,0
1829,280660,0
1830,280670,0
1831,280680,0
1832,280690,0
1833,280700,0
1834,280710,0
1835,280720,0
1836,280730,0
1837,280740,0
1838,280750,0
1839,280760,0
1840,290000,0
1841,290010,0
1842,290020,0
1843,290030,0
1844,290035,0
1845,290040,0
1846,290050,0
1847,290060,0
1848,290070,0
1849,290080,0
1850,290090,0
1851,290100,0
1852,290110,0
1853,290115,0
1854,290120,0
1855,290130,0
1856,290135,0
1857,290140,0
1858,290150,0
1859,290160,0
1860,290170,0
1861,290180,0
1862,290190,0
1863,290195,0
1864,290200,0
1865,290205,0
1866,290210,0
1867,290220,0
1868,290225,0
1869,290230,0
1870,290240,0
1871,290250,0
1872,290260,0
1873,290265,0
1874,290270,0
1875,290280,0
1876,290290,0
1877,290300,0
1878,290310,0
1879,290320,0
1880,290323,0
1881,290327,0
1882,290330,0
1883,290340,0
1884,290350,0
1885,290360,0
1886,290370,0
1887,290380,0
1888,290390,0
1889,290395,0
1890,290400,0
1891,290405,0
1892,290410,0
1893,290420,0
1894,290430,0
1895,290440,0
1896,290450,0
1897,290460,0
1898,290470,0
1899,290475,0
1900,290480,0
1901,290485,0
1902,290490,0
1903,290500,0
1904,290510,0
1905,290515,0
1906,290520,0
1907,290530,0
1908,290540,0
1909,290550,0
1910,290560,0
1911,290570,0
1912,290580,0
1913,290590,0
1914,290600,0
1915,290610,0
1916,290620,0
1917,290630,0
1918,290640,0
1919,290650,0
1920,290660,0
1921,290670,0
1922,290680,0
1923,290682,0
1924,290685,0
1925,290687,0
1926,290689,0
1927,290690,0
1928,290700,0
1929,290710,0
1930,290720,0
1931,290730,0
1932,290740,0
1933,290750,0
1934,290755,0
1935,290760,0
1936,290770,0
1937,290780,0
1938,290790,0
1939,290800,0
1940,290810,0
1941,290820,0
1942,290830,0
1943,290840,0
1944,290850,0
1945,290860,0
1946,290870,0
1947,290880,0
1948,290890,0
1949,290900,0
1950,290910,0
1951,290920,0
1952,290930,0
1953,290940,0
1954,290950,0
1955,290960,0
1956,290970,0
1957,290980,0
1958,290990,1
1959,291000,0
1960,291005,0
1961,291010,0
1962,291020,0
1963,291030,0
1964,291040,0
1965,291050,0
1966,291060,0
1967,291070,0
1968,291072,0
1969,291075,0
1970,291077,0
1971,291080,0
1972,291085,0
1973,291090,0
1974,291100,0
1975,291110,0
1976,291120,0
1977,291125,0
1978,291130,0
1979,291140,0
1980,291150,0
1981,291160,0
1982,291165,0
1983,291170,0
1984,291180,0
1985,291185,0
1986,291190,0
1987,291200,0
1988,291210,0
1989,291220,0
1990,291230,0
1991,291240,0
1992,291250,0
1993,291260,0
1994,291270,0
1995,291280,0
1996,291290,0
1997,291300,0
1998,291310,0
1999,291320,0
2000,291330,0
2001,291340,0
2002,291345,0
2003,291350,0
2004,291360,0
2005,291370,0
2006,291380,0
2007,291390,0
2008,291400,0
2009,291410,0
2010,291420,0
2011,291430,0
2012,291440,0
2013,291450,0
2014,291460,0
2015,291465,0
2016,291470,0
2017,291480,0
2018,291490,0
2019,291500,0
2020,291510,0
2021,291520,0
2022,291530,0
2023,291535,0
2024,291540,0
2025,291550,0
2026,291560,0
2027,291570,0
2028,291580,0
2029,291590,0
2030,291600,0
2031,291610,0
2032,291620,0
2033,291630,0
2034,291640,0
2035,291650,0
2036,291660,0
2037,291670,0
2038,291680,0
2039,291685,0
2040,291690,0
2041,291700,0
2042,291710,0
2043,291720,0
2044,291730,0
2045,291733,0
2046,291735,0
2047,291740,0
2048,291750,0
2049,291760,0
2050,291770,0
2051,291780,0
2052,291790,0
2053,291800,0
2054,291810,0
2055,291820,0
2056,291830,0
2057,291835,0
2058,291840,0
2059,291845,0
2060,291850,0
2061,291855,0
2062,291860,0
2063,291870,0
2064,291875,0
2065,291880,0
2066,291890,0
2067,291900,0
2068,291905,0
2069,291910,0
2070,291915,0
2071,291920,0
2072,291930,0
2073,291940,0
2074,291950,0
2075,291955,0
2076,291960,0
2077,291970,0
2078,291980,0
2079,291990,0
2080,291992,0
2081,291995,0
2082,292000,0
2083,292010,0
2084,292020,0
2085,292030,0
2086,292040,0
2087,292045,0
2088,292050,0
2089,292060,0
2090,292070,0
2091,292080,0
2092,292090,0
2093,292100,0
2094,292105,0
2095,292110,0
2096,292120,0
2097,292130,0
2098,292140,0
2099,292145,0
2100,292150,0
2101,292160,0
2102,292170,0
2103,292180,0
2104,292190,0
2105,292200,0
2106,292205,0
2107,292210,0
2108,292220,0
2109,292225,0
2110,292230,0
2111,292240,0
2112,292250,0
2113,292260,0
2114,292265,0
2115,292270,0
2116,292273,0
2117,292275,0
2118,292280,0
2119,292285,0
2120,292290,0
2121,292300,0
2122,292303,0
2123,292305,0
2124,292310,0
2125,292320,0
2126,292330,0
2127,292335,0
2128,292340,0
2129,292350,0
2130,292360,0
2131,292370,0
2132,292380,0
2133,292390,0
2134,292400,0
2135,292405,0
2136,292410,0
2137,292420,0
2138,292430,0
2139,292440,0
2140,292450,0
2141,292460,0
2142,292465,0
2143,292467,0
2144,292470,0
2145,292480,0
2146,292490,0
2147,292500,0
2148,292510,0
2149,292520,0
2150,292525,0
2151,292530,0
2152,292540,0
2153,292550,0
2154,292560,0
2155,292570,0
2156,292575,0
2157,292580,0
2158,292590,0
2159,292593,0
2160,292595,0
2161,292600,0
2162,292610,0
2163,292620,0
2164,292630,0
2165,292640,0
2166,292650,0
2167,292660,0
2168,292665,0
2169,292670,0
2170,292680,0
2171,292690,0
2172,292700,0
2173,292710,0
2174,292720,0
2175,292730,0
2176,292740,0
2177,292750,0
2178,292760,0
2179,292770,0
2180,292780,0
2181,292790,0
2182,292800,0
2183,292805,0
2184,292810,0
2185,292820,0
2186,292830,0
2187,292840,0
2188,292850,0
2189,292860,0
2190,292870,0
2191,292880,0
2192,292890,0
2193,292895,0
2194,292900,0
2195,292905,0
2196,292910,0
2197,292920,0
2198,292925,0
2199,292930,0
2200,292935,0
2201,292937,0
2202,292940,0
2203,292950,0
2204,292960,0
2205,292970,0
2206,292975,0
2207,292980,0
2208,292990,0
2209,293000,0
2210,293010,0
2211,293015,0
2212,293020,0
2213,293030,0
2214,293040,0
2215,293050,0
2216,293060,0
2217,293070,0
2218,293075,0
2219,293076,0
2220,293077,0
2221,293080,0
2222,293090,0
2223,293100,0
2224,293105,0
2225,293110,0
2226,293120,0
2227,293130,0
2228,293135,0
2229,293140,0
2230,293150,0
2231,293160,0
2232,293170,0
2233,293180,0
2234,293190,0
2235,293200,0
2236,293210,0
2237,293220,0
2238,293230,0
2239,293240,0
2240,293245,0
2241,293250,0
2242,293260,0
2243,293270,0
2244,293280,0
2245,293290,0
2246,293300,0
2247,293305,0
2248,293310,0
2249,293315,0
2250,293317,0
2251,293320,0
2252,293325,0
2253,293330,0
2254,293340,0
2255,293345,0
2256,293350,0
2257,293360,0
2258,310000,0
2259,310010,1
2260,310020,1
2261,310030,0
2262,310040,0
2263,310050,0
2264,310060,0
2265,310070,1
2266,310080,1
2267,310090,0
2268,310100,0
2269,310110,0
2270,310120,0
2271,310130,0
2272,310140,1
2273,310150,0
2274,310160,1
2275,310163,1
2276,310170,0
2277,310180,0
2278,310190,1
2279,310200,1
2280,310205,0
2281,310210,1
2282,310220,0
2283,310230,0
2284,310240,0
2285,310250,0
2286,310260,1
2287,310270,0
2288,310280,0
2289,310285,0
2290,310290,1
2291,310300,0
2292,310310,0
2293,310320,0
2294,310330,1
2295,310340,0
2296,310350,1
2297,310360,0
2298,310370,0
2299,310375,1
2300,310380,1
2301,310390,1
2302,310400,1
2303,310410,1
2304,310420,1
2305,310430,1
2306,310440,0
2307,310445,0
2308,310450,0
2309,310460,1
2310,310470,0
2311,310480,0
2312,310490,0
2313,310500,0
2314,310510,1
2315,310520,0
2316,310530,1
2317,310540,0
2318,310550,0
2319,310560,1
2320,310570,0
2321,310590,1
2322,310600,0
2323,310610,0
2324,310620,0
2325,310630,0
2326,310640,0
2327,310650,0
2328,310660,0
2329,310665,0
2330,310670,0
2331,310680,1
2332,310690,0
2333,310700,1
2334,310710,1
2335,310720,0
2336,310730,0
2337,310740,1
2338,310750,0
2339,310760,1
2340,310770,0
2341,310780,0
2342,310790,1
2343,310800,1
2344,310810,0
2345,310820,0
2346,310825,0
2347,310830,1
2348,310840,1
2349,310850,0
2350,310855,0
2351,310860,0
2352,310870,1
2353,310880,0
2354,310890,0
2355,310900,0
2356,310910,1
2357,310920,0
2358,310925,0
2359,310930,0
2360,310940,0
2361,310945,0
2362,310950,1
2363,310960,0
2364,310970,1
2365,310980,1
2366,310990,0
2367,311000,0
2368,311010,0
2369,311020,0
2370,311030,1
2371,311040,1
2372,311050,0
2373,311060,0
2374,311070,1
2375,311080,0
2376,311090,1
2377,311100,1
2378,311110,1
2379,311115,0
2380,311120,1
2381,311130,1
2382,311140,1
2383,311150,1
2384,311160,1
2385,311170,0
2386,311180,1
2387,311190,1
2388,311200,1
2389,311205,0
2390,311210,0
2391,311220,1
2392,311230,0
2393,311240,1
2394,311250,0
2395,311260,1
2396,311265,0
2397,311270,0
2398,311280,1
2399,311290,0
2400,311300,0
2401,311310,1
2402,311320,1
2403,311330,0
2404,311340,0
2405,311350,0
2406,311360,1
2407,311370,0
2408,311380,0
2409,311390,1
2410,311400,1
2411,311410,0
2412,311420,1
2413,311430,1
2414,311440,1
2415,311450,1
2416,311455,1
2417,311460,0
2418,311470,1
2419,311480,0
2420,311490,1
2421,311500,1
2422,311510,1
2423,311520,0
2424,311530,0
2425,311535,0
2426,311540,1
2427,311545,0
2428,311547,0
2429,311550,0
2430,311560,1
2431,311570,0
2432,311580,1
2433,311590,0
2434,311600,0
2435,311610,0
2436,311615,0
2437,311620,0
2438,311630,1
2439,311640,1
2440,311650,0
2441,311660,1
2442,311670,0
2443,311680,0
2444,311690,1
2445,311700,0
2446,311710,1
2447,311720,1
2448,311730,1
2449,311740,0
2450,311750,0
2451,311760,1
2452,311770,1
2453,311780,0
2454,311783,0
2455,311787,0
2456,311790,1
2457,311800,1
2458,311810,0
2459,311820,1
2460,311830,1
2461,311840,0
2462,311850,0
2463,311860,0
2464,311870,1
2465,311880,0
2466,311890,0
2467,311900,1
2468,311910,0
2469,311920,0
2470,311930,1
2471,311940,0
2472,311950,0
2473,311960,1
2474,311970,1
2475,311980,1
2476,311990,0
2477,311995,1
2478,312000,0
2479,312010,0
2480,312015,0
2481,312020,1
2482,312030,0
2483,312040,1
2484,312050,0
2485,312060,0
2486,312070,1
2487,312080,0
2488,312083,0
2489,312087,0
2490,312090,0
2491,312100,0
2492,312110,0
2493,312120,1
2494,312125,1
2495,312130,1
2496,312140,0
2497,312150,1
2498,312160,0
2499,312170,1
2500,312180,0
2501,312190,1
2502,312200,0
2503,312210,0
2504,312220,0
2505,312230,1
2506,312235,0
2507,312240,1
2508,312245,0
2509,312247,0
2510,312250,0
2511,312260,0
2512,312270,0
2513,312280,0
2514,312290,0
2515,312300,1
2516,312310,0
2517,312320,1
2518,312330,1
2519,312340,1
2520,312350,1
2521,312352,0
2522,312360,1
2523,312370,0
2524,312380,0
2525,312385,0
2526,312390,1
2527,312400,0
2528,312410,0
2529,312420,0
2530,312430,0
2531,312440,1
2532,312450,1
2533,312460,0
2534,312470,1
2535,312480,1
2536,312490,0
2537,312500,1
2538,312510,1
2539,312520,1
2540,312530,0
2541,312540,0
2542,312550,0
2543,312560,0
2544,312570,0
2545,312580,0
2546,312590,0
2547,312595,0
2548,312600,0
2549,312610,1
2550,312620,0
2551,312630,1
2552,312640,0
2553,312650,0
2554,312660,0
2555,312670,0
2556,312675,0
2557,312680,0
2558,312690,0
2559,312695,0
2560,312700,1
2561,312705,0
2562,312707,0
2563,312710,1
2564,312720,0
2565,312730,0
2566,312733,0
2567,312735,0
2568,312737,0
2569,312738,1
2570,312740,0
2571,312750,0
2572,312760,0
2573,312770,0
2574,312780,0
2575,312790,1
2576,312800,0
2577,312810,1
2578,312820,1
2579,312825,0
2580,312830,1
2581,312840,1
2582,312850,0
2583,312860,0
2584,312870,1
2585,312880,0
2586,312890,1
2587,312900,0
2588,312910,1
2589,312920,1
2590,312930,0
2591,312940,1
2592,312950,1
2593,312960,0
2594,312965,0
2595,312970,1
2596,312980,0
2597,312990,1
2598,313000,1
2599,313005,0
2600,313010,0
2601,313020,1
2602,313030,1
2603,313040,1
2604,313050,1
2605,313055,0
2606,313060,1
2607,313065,0
2608,313070,1
2609,313080,1
2610,313090,0
2611,313100,0
2612,313110,0
2613,313115,0
2614,313120,0
2615,313130,0
2616,313140,1
2617,313150,1
2618,313160,1
2619,313170,0
2620,313180,0
2621,313190,0
2622,313200,0
2623,313210,0
2624,313220,1
2625,313230,0
2626,313240,0
2627,313250,0
2628,313260,0
2629,313270,0
2630,313280,0
2631,313290,1
2632,313300,0
2633,313310,0
2634,313320,0
2635,313330,0
2636,313340,1
2637,313350,1
2638,313360,0
2639,313370,0
2640,313375,1
2641,313380,1
2642,313390,1
2643,313400,0
2644,313410,0
2645,313420,1
2646,313430,1
2647,313440,1
2648,313450,1
2649,313460,0
2650,313470,0
2651,313480,1
2652,313490,1
2653,313500,0
2654,313505,0
2655,313507,0
2656,313510,0
2657,313520,0
2658,313530,1
2659,313535,0
2660,313540,1
2661,313545,0
2662,313550,0
2663,313560,0
2664,313570,0
2665,313580,0
2666,313590,1
2667,313600,0
2668,313610,0
2669,313620,0
2670,313630,0
2671,313640,0
2672,313650,0
2673,313652,0
2674,313655,0
2675,313657,0
2676,313660,0
2677,313665,0
2678,313670,0
2679,313680,0
2680,313690,1
2681,313695,0
2682,313700,0
2683,313710,1
2684,313720,1
2685,313730,0
2686,313740,1
2687,313750,1
2688,313753,0
2689,313760,0
2690,313770,0
2691,313780,1
2692,313790,1
2693,313800,0
2694,313810,0
2695,313820,1
2696,313830,1
2697,313835,0
2698,313840,0
2699,313850,0
2700,313860,0
2701,313862,1
2702,313865,0
2703,313867,0
2704,313868,0
2705,313870,1
2706,313880,1
2707,313890,0
2708,313900,1
2709,313910,0
2710,313920,0
2711,313925,0
2712,313930,0
2713,313940,0
2714,313950,0
2715,313960,0
2716,313970,1
2717,313980,0
2718,313990,0
2719,314000,1
2720,314010,0
2721,314015,0
2722,314020,0
2723,314030,0
2724,314040,0
2725,314050,1
2726,314053,0
2727,314055,0
2728,314060,0
2729,314070,0
2730,314080,0
2731,314085,0
2732,314090,0
2733,314100,0
2734,314110,0
2735,314120,1
2736,314130,1
2737,314140,0
2738,314150,0
2739,314160,1
2740,314170,0
2741,314180,0
2742,314190,0
2743,314200,0
2744,314210,0
2745,314220,0
2746,314225,0
2747,314230,0
2748,314240,1
2749,314250,0
2750,314260,1
2751,314270,0
2752,314280,1
2753,314290,0
2754,314300,1
2755,314310,1
2756,314315,0
2757,314320,1
2758,314330,0
2759,314340,1
2760,314345,0
2761,314350,1
2762,314360,0
2763,314370,0
2764,314380,0
2765,314390,0
2766,314400,0
2767,314410,1
2768,314420,0
2769,314430,0
2770,314435,0
2771,314437,0
2772,314440,1
2773,314450,1
2774,314460,1
2775,314465,0
2776,314467,0
2777,314470,0
2778,314480,0
2779,314490,0
2780,314500,1
2781,314505,0
2782,314510,1
2783,314520,1
2784,314530,0
2785,314535,0
2786,314537,0
2787,314540,0
2788,314545,0
2789,314550,1
2790,314560,1
2791,314570,1
2792,314580,1
2793,314585,0
2794,314587,0
2795,314590,1
2796,314600,1
2797,314610,0
2798,314620,0
2799,314625,0
2800,314630,0
2801,314640,1
2802,314650,1
2803,314655,0
2804,314660,1
2805,314670,0
2806,314675,0
2807,314690,1
2808,314700,0
2809,314710,1
2810,314720,1
2811,314730,0
2812,314740,0
2813,314750,0
2814,314760,0
2815,314770,1
2816,314780,0
2817,314790,1
2818,314795,0
2819,314800,1
2820,314810,1
2821,314820,0
2822,314830,1
2823,314840,0
2824,314850,0
2825,314860,0
2826,314870,0
2827,314875,0
2828,314880,0
2829,314890,1
2830,314900,0
2831,314910,0
2832,314915,0
2833,314920,1
2834,314930,0
2835,314940,1
2836,314950,0
2837,314960,1
2838,314970,1
2839,314980,1
2840,314990,1
2841,314995,0
2842,315000,0
2843,315010,1
2844,315015,0
2845,315020,0
2846,315030,1
2847,315040,0
2848,315050,1
2849,315053,0
2850,315057,0
2851,315060,1
2852,315070,1
2853,315080,1
2854,315090,0
2855,315100,0
2856,315110,0
2857,315120,0
2858,315130,1
2859,315140,1
2860,315150,1
2861,315160,1
2862,315170,1
2863,315180,1
2864,315190,0
2865,315200,1
2866,315210,0
2867,315213,0
2868,315217,0
2869,315220,0
2870,315230,1
2871,315240,0
2872,315250,1
2873,315260,0
2874,315270,1
2875,315280,1
2876,315290,1
2877,315300,1
2878,315310,1
2879,315320,0
2880,315330,0
2881,315340,1
2882,315350,0
2883,315360,0
2884,315370,1
2885,315380,1
2886,315390,0
2887,315400,0
2888,315410,0
2889,315415,0
2890,315420,1
2891,315430,0
2892,315440,1
2893,315445,0
2894,315450,0
2895,315460,0
2896,315470,1
2897,315480,0
2898,315490,0
2899,315500,0
2900,315510,0
2901,315520,1
2902,315530,0
2903,315540,1
2904,315550,1
2905,315560,0
2906,315570,0
2907,315580,1
2908,315590,0
2909,315600,0
2910,315610,1
2911,315620,0
2912,315630,1
2913,315640,1
2914,315645,0
2915,315650,0
2916,315660,0
2917,315670,0
2918,315680,0
2919,315690,1
2920,315700,0
2921,315710,0
2922,315720,0
2923,315725,0
2924,315727,0
2925,315730,1
2926,315733,1
2927,315737,0
2928,315740,0
2929,315750,0
2930,315760,0
2931,315765,0
2932,315770,1
2933,315780,0
2934,315790,0
2935,315800,0
2936,315810,0
2937,315820,0
2938,315830,1
2939,315840,0
2940,315850,0
2941,315860,0
2942,315870,0
2943,315880,1
2944,315890,0
2945,315895,0
2946,315900,0
2947,315910,1
2948,315920,1
2949,315930,0
2950,315935,0
2951,315940,1
2952,315950,0
2953,315960,1
2954,315970,1
2955,315980,1
2956,315990,1
2957,316000,0
2958,316010,0
2959,316020,0
2960,316030,0
2961,316040,1
2962,316045,0
2963,316050,0
2964,316060,0
2965,316070,1
2966,316080,1
2967,316090,1
2968,316095,0
2969,316100,0
2970,316105,0
2971,316110,0
2972,316120,1
2973,316130,1
2974,316140,0
2975,316150,1
2976,316160,0
2977,316165,0
2978,316170,1
2979,316180,1
2980,316190,0
2981,316200,1
2982,316210,1
2983,316220,1
2984,316225,0
2985,316230,1
2986,316240,0
2987,316245,0
2988,316250,1
2989,316255,0
2990,316257,0
2991,316260,0
2992,316265,0
2993,316270,0
2994,316280,0
2995,316290,0
2996,316292,0
2997,316294,1
2998,316295,0
2999,316300,0
3000,316310,1
3001,316320,0
3002,316330,0
3003,316340,0
3004,316350,0
3005,316360,0
3006,316370,0
3007,316380,0
3008,316390,1
3009,316400,0
3010,316410,0
3011,316420,0
3012,316430,1
3013,316440,1
3014,316443,0
3015,316447,0
3016,316450,0
3017,316460,1
3018,316470,1
3019,316480,0
3020,316490,0
3021,316500,1
3022,316510,1
3023,316520,1
3024,316530,0
3025,316540,0
3026,316550,0
3027,316553,0
3028,316555,0
3029,316556,0
3030,316557,0
3031,316560,0
3032,316570,1
3033,316580,1
3034,316590,0
3035,316600,1
3036,316610,0
3037,316620,1
3038,316630,0
3039,316640,0
3040,316650,0
3041,316660,1
3042,316670,0
3043,316680,1
3044,316690,1
3045,316695,0
3046,316700,0
3047,316710,0
3048,316720,0
3049,316730,1
3050,316740,1
3051,316750,0
3052,316760,0
3053,316770,0
3054,316780,0
3055,316790,1
3056,316800,0
3057,316805,0
3058,316810,1
3059,316820,1
3060,316830,0
3061,316840,0
3062,316850,0
3063,316860,0
3064,316870,0
3065,316880,1
3066,316890,1
3067,316900,1
3068,316905,1
3069,316910,1
3070,316920,0
3071,316930,1
3072,316935,0
3073,316940,1
3074,316950,0
3075,316960,0
3076,316970,0
3077,316980,1
3078,316990,1
3079,317000,0
3080,317005,0
3081,317010,1
3082,317020,1
3083,317030,0
3084,317040,0
3085,317043,1
3086,317047,0
3087,317050,0
3088,317052,0
3089,317057,0
3090,317060,1
3091,317065,0
3092,317070,1
3093,317075,1
3094,317080,0
3095,317090,0
3096,317100,0
3097,317103,0
3098,317107,0
3099,317110,1
3100,317115,0
3101,317120,0
3102,317130,1
3103,317140,0
3104,317150,0
3105,317160,0
3106,317170,0
3107,317180,0
3108,317190,0
3109,317200,1
3110,317210,0
3111,317220,0
3112,320000,0
3113,320010,0
3114,320013,0
3115,320016,0
3116,320020,0
3117,320030,0
3118,320035,0
3119,320040,0
3120,320050,0
3121,320060,0
3122,320070,0
3123,320080,0
3124,320090,0
3125,320100,0
3126,320110,0
3127,320115,0
3128,320120,0
3129,320130,0
3130,320140,0
3131,320150,0
3132,320160,0
3133,320170,0
3134,320180,0
3135,320190,0
3136,320200,0
3137,320210,0
3138,320220,0
3139,320225,0
3140,320230,0
3141,320240,0
3142,320245,0
3143,320250,0
3144,320255,0
3145,320260,0
3146,320265,0
3147,320270,0
3148,320280,0
3149,320290,0
3150,320300,0
3151,320305,0
3152,320310,0
3153,320313,0
3154,320316,0
3155,320320,0
3156,320330,0
3157,320332,0
3158,320334,0
3159,320335,0
3160,320340,0
3161,320350,0
3162,320360,0
3163,320370,0
3164,320380,0
3165,320390,0
3166,320400,0
3167,320405,0
3168,320410,0
3169,320420,0
3170,320425,0
3171,320430,0
3172,320435,0
3173,320440,0
3174,320450,0
3175,320455,0
3176,320460,0
3177,320465,0
3178,320470,0
3179,320480,0
3180,320490,0
3181,320495,0
3182,320500,0
3183,320501,0
3184,320503,0
3185,320506,0
3186,320510,0
3187,320515,0
3188,320517,0
3189,320520,0
3190,320530,0
3191,330000,0
3192,330010,0
3193,330015,0
3194,330020,0
3195,330022,0
3196,330023,0
3197,330025,0
3198,330030,0
3199,330040,0
3200,330045,0
3201,330050,0
3202,330060,0
3203,330070,0
3204,330080,0
3205,330090,0
3206,330093,0
3207,330095,0
3208,330100,0
3209,330110,0
3210,330115,0
3211,330120,0
3212,330130,0
3213,330140,0
3214,330150,0
3215,330160,0
3216,330170,0
3217,330180,0
3218,330185,0
3219,330187,0
3220,330190,0
3221,330200,0
3222,330205,0
3223,330210,0
3224,330220,0
3225,330225,0
3226,330227,0
3227,330230,0
3228,330240,0
3229,330245,0
3230,330250,0
3231,330260,0
3232,330270,0
3233,330280,0
3234,330285,0
3235,330290,0
3236,330300,0
3237,330310,0
3238,330320,0
3239,330330,0
3240,330340,0
3241,330350,0
3242,330360,0
3243,330370,0
3244,330380,0
3245,330385,0
3246,330390,0
3247,330395,0
3248,330400,0
3249,330410,0
3250,330411,0
3251,330412,0
3252,330414,0
3253,330415,0
3254,330420,0
3255,330430,0
3256,330440,0
3257,330450,0
3258,330452,0
3259,330455,0
3260,330460,0
3261,330470,0
3262,330475,0
3263,330480,0
3264,330490,0
3265,330500,0
3266,330510,0
3267,330513,0
3268,330515,0
3269,330520,0
3270,330530,0
3271,330540,0
3272,330550,0
3273,330555,0
3274,330560,0
3275,330570,0
3276,330575,0
3277,330580,0
3278,330590,0
3279,330600,0
3280,330610,0
3281,330615,0
3282,330620,0
3283,330630,0
3284,350000,0
3285,350010,1
3286,350020,0
3287,350030,1
3288,350040,1
3289,350050,1
3290,350055,1
3291,350060,0
3292,350070,1
3293,350075,1
3294,350080,1
3295,350090,1
3296,350100,1
3297,350110,0
3298,350115,0
3299,350120,1
3300,350130,1
3301,350140,1
3302,350150,1
3303,350160,0
3304,350170,1
3305,350180,1
3306,350190,0
3307,350200,1
3308,350210,1
3309,350220,1
3310,350230,1
3311,350240,1
3312,350250,0
3313,350260,1
3314,350270,1
3315,350275,0
3316,350280,1
3317,350290,0
3318,350300,1
3319,350310,1
3320,350315,0
3321,350320,1
3322,350330,1
3323,350335,1
3324,350340,1
3325,350350,0
3326,350360,1
3327,350370,1
3328,350380,1
3329,350390,0
3330,350395,1
3331,350400,1
3332,350410,1
3333,350420,1
3334,350430,1
3335,350440,0
3336,350450,1
3337,350460,0
3338,350470,1
3339,350480,0
3340,350490,0
3341,350500,1
3342,350510,0
3343,350520,1
3344,350530,1
3345,350535,1
3346,350540,0
3347,350550,1
3348,350560,1
3349,350570,0
3350,350580,1
3351,350590,1
3352,350600,1
3353,350610,1
3354,350620,1
3355,350630,1
3356,350635,0
3357,350640,1
3358,350650,1
3359,350660,0
3360,350670,1
3361,350680,1
3362,350690,1
3363,350700,0
3364,350710,1
3365,350715,1
3366,350720,1
3367,350730,1
3368,350740,0
3369,350745,1
3370,350750,1
3371,350760,1
3372,350770,1
3373,350775,1
3374,350780,1
3375,350790,1
3376,350800,1
3377,350810,1
3378,350820,1
3379,350830,1
3380,350840,0
3381,350850,0
3382,350860,0
3383,350870,1
3384,350880,0
3385,350890,1
3386,350900,0
3387,350910,1
3388,350920,0
3389,350925,0
3390,350930,1
3391,350940,1
3392,350945,1
3393,350950,0
3394,350960,0
3395,350970,0
3396,350980,1
3397,350990,0
3398,350995,0
3399,351000,1
3400,351010,1
3401,351015,1
3402,351020,1
3403,351030,1
3404,351040,0
3405,351050,0
3406,351060,0
3407,351070,1
3408,351080,1
3409,351090,1
3410,351100,1
3411,351110,1
3412,351120,1
3413,351130,0
3414,351140,1
3415,351150,1
3416,351160,1
3417,351170,0
3418,351190,1
3419,351200,1
3420,351210,1
3421,351220,1
3422,351230,1
3423,351240,1
3424,351250,1
3425,351260,1
3426,351270,1
3427,351280,0
3428,351290,1
3429,351300,0
3430,351310,1
3431,351320,1
3432,351330,1
3433,351340,0
3434,351350,0
3435,351360,0
3436,351370,1
3437,351380,0
3438,351385,1
3439,351390,1
3440,351400,1
3441,351410,1
3442,351420,1
3443,351430,1
3444,351440,1
3445,351450,1
3446,351460,1
3447,351470,1
3448,351480,0
3449,351490,0
3450,351492,1
3451,351495,1
3452,351500,0
3453,351510,0
3454,351512,1
3455,351515,1
3456,351518,1
3457,351519,1
3458,351520,1
3459,351530,1
3460,351535,1
3461,351540,1
3462,351550,1
3463,351560,1
3464,351565,1
3465,351570,0
3466,351580,1
3467,351590,1
3468,351600,1
3469,351610,1
3470,351620,1
3471,351630,0
3472,351640,0
3473,351650,1
3474,351660,1
3475,351670,1
3476,351680,1
3477,351685,1
3478,351690,1
3479,351700,0
3480,351710,1
3481,351720,0
3482,351730,1
3483,351740,1
3484,351750,1
3485,351760,1
3486,351770,1
3487,351780,1
3488,351790,1
3489,351800,1
3490,351810,1
3491,351820,1
3492,351830,0
3493,351840,0
3494,351850,1
3495,351860,1
3496,351870,0
3497,351880,0
3498,351885,1
3499,351890,1
3500,351900,0
3501,351905,0
3502,351907,0
3503,351910,1
3504,351920,1
3505,351925,1
3506,351930,1
3507,351940,0
3508,351950,1
3509,351960,0
3510,351970,0
3511,351980,1
3512,351990,0
3513,352000,1
3514,352010,1
3515,352020,0
3516,352030,0
3517,352040,0
3518,352042,0
3519,352044,1
3520,352050,0
3521,352060,1
3522,352070,1
3523,352080,1
3524,352090,1
3525,352100,0
3526,352110,1
3527,352115,0
3528,352120,1
3529,352130,1
3530,352140,0
3531,352150,0
3532,352160,1
3533,352170,1
3534,352180,1
3535,352190,1
3536,352200,1
3537,352210,0
3538,352215,1
3539,352220,0
3540,352230,1
3541,352240,1
3542,352250,0
3543,352260,1
3544,352265,1
3545,352270,1
3546,352280,1
3547,352290,1
3548,352300,1
3549,352310,0
3550,352320,1
3551,352330,0
3552,352340,1
3553,352350,1
3554,352360,1
3555,352370,1
3556,352380,1
3557,352390,0
3558,352400,0
3559,352410,1
3560,352420,1
3561,352430,1
3562,352440,0
3563,352450,0
3564,352460,0
3565,352470,0
3566,352480,1
3567,352490,0
3568,352500,0
3569,352510,1
3570,352520,1
3571,352530,1
3572,352540,1
3573,352550,1
3574,352560,0
3575,352570,0
3576,352580,1
3577,352585,1
3578,352590,0
3579,352600,1
3580,352610,0
3581,352620,0
3582,352630,0
3583,352640,1
3584,352650,1
3585,352660,0
3586,352670,1
3587,352680,1
3588,352690,0
3589,352700,1
3590,352710,0
3591,352720,0
3592,352725,1
3593,352730,0
3594,352740,1
3595,352750,1
3596,352760,1
3597,352770,0
3598,352780,1
3599,352790,1
3600,352800,1
3601,352810,1
3602,352820,1
3603,352830,1
3604,352840,0
3605,352850,0
3606,352860,1
3607,352870,1
3608,352880,1
3609,352885,0
3610,352890,1
3611,352900,1
3612,352910,1
3613,352920,1
3614,352930,1
3615,352940,0
3616,352950,0
3617,352960,1
3618,352965,1
3619,352970,1
3620,352980,1
3621,352990,0
3622,353000,1
3623,353010,1
3624,353020,1
3625,353030,0
3626,353040,0
3627,353050,1
3628,353060,0
3629,353070,1
3630,353080,1
3631,353090,0
3632,353100,1
3633,353110,0
3634,353120,1
3635,353130,1
3636,353140,0
3637,353150,1
3638,353160,1
3639,353170,0
3640,353180,0
3641,353190,1
3642,353200,1
3643,353205,1
3644,353210,1
3645,353215,1
3646,353220,1
3647,353230,0
3648,353240,1
3649,353250,0
3650,353260,1
3651,353270,0
3652,353280,0
3653,353282,1
3654,353284,1
3655,353286,1
3656,353290,1
3657,353300,0
3658,353310,1
3659,353320,1
3660,353325,1
3661,353330,1
3662,353340,0
3663,353350,0
3664,353360,1
3665,353370,1
3666,353380,1
3667,353390,1
3668,353400,0
3669,353410,1
3670,353420,0
3671,353430,1
3672,353440,0
3673,353450,1
3674,353460,1
3675,353470,1
3676,353475,1
3677,353480,1
3678,353490,1
3679,353500,0
3680,353510,1
3681,353520,1
3682,353530,1
3683,353540,1
3684,353550,1
3685,353560,0
3686,353570,1
3687,353580,1
3688,353590,1
3689,353600,1
3690,353610,1
3691,353620,0
3692,353625,1
3693,353630,1
3694,353640,1
3695,353650,0
3696,353657,1
3697,353660,1
3698,353670,1
3699,353680,1
3700,353690,1
3701,353700,1
3702,353710,0
3703,353715,1
3704,353720,0
3705,353730,0
3706,353740,1
3707,353750,1
3708,353760,0
3709,353770,1
3710,353780,0
3711,353790,0
3712,353800,0
3713,353810,1
3714,353820,1
3715,353830,1
3716,353850,0
3717,353860,1
3718,353870,0
3719,353880,1
3720,353890,1
3721,353900,1
3722,353910,0
3723,353920,1
3724,353930,1
3725,353940,1
3726,353950,1
3727,353960,1
3728,353970,1
3729,353980,0
3730,353990,1
3731,354000,1
3732,354010,0
3733,354020,1
3734,354025,1
3735,354030,1
3736,354040,1
3737,354050,1
3738,354060,0
3739,354070,1
3740,354075,0
3741,354080,0
3742,354085,1
3743,354090,1
3744,354100,0
3745,354105,1
3746,354110,1
3747,354120,1
3748,354130,1
3749,354140,1
3750,354150,1
3751,354160,0
3752,354165,1
3753,354170,0
3754,354180,0
3755,354190,0
3756,354200,0
3757,354210,0
3758,354220,1
3759,354230,0
3760,354240,1
3761,354250,1
3762,354260,0
3763,354270,1
3764,354280,1
3765,354290,1
3766,354300,1
3767,354310,1
3768,354320,1
3769,354323,1
3770,354325,1
3771,354330,0
3772,354340,1
3773,354350,1
3774,354360,1
3775,354370,1
3776,354380,1
3777,354390,1
3778,354400,0
3779,354410,0
3780,354420,1
3781,354425,1
3782,354430,0
3783,354440,1
3784,354450,1
3785,354460,0
3786,354470,1
3787,354480,0
3788,354490,1
3789,354500,0
3790,354510,1
3791,354515,0
3792,354520,0
3793,354530,0
3794,354540,1
3795,354550,1
3796,354560,1
3797,354570,1
3798,354580,0
3799,354600,0
3800,354610,1
3801,354620,1
3802,354625,1
3803,354630,1
3804,354640,1
3805,354650,1
3806,354660,1
3807,354670,1
3808,354680,0
3809,354690,1
3810,354700,1
3811,354710,1
3812,354720,1
3813,354730,0
3814,354740,1
3815,354750,1
3816,354760,1
3817,354765,1
3818,354770,1
3819,354780,0
3820,354790,1
3821,354800,1
3822,354805,1
3823,354810,1
3824,354820,0
3825,354830,1
3826,354840,1
3827,354850,0
3828,354860,0
3829,354870,0
3830,354880,0
3831,354890,1
3832,354900,1
3833,354910,1
3834,354920,1
3835,354925,1
3836,354930,1
3837,354940,1
3838,354950,1
3839,354960,0
3840,354970,1
3841,354980,0
3842,354990,0
3843,354995,0
3844,355000,0
3845,355010,1
3846,355020,1
3847,355030,0
3848,355040,0
3849,355050,1
3850,355060,0
3851,355070,0
3852,355080,1
3853,355090,1
3854,355100,0
3855,355110,1
3856,355120,1
3857,355130,1
3858,355140,1
3859,355150,1
3860,355160,1
3861,355170,1
3862,355180,0
3863,355190,1
3864,355200,0
3865,355210,1
3866,355220,0
3867,355230,1
3868,355240,0
3869,355250,0
3870,355255,1
3871,355260,1
3872,355270,1
3873,355280,0
3874,355290,1
3875,355300,1
3876,355310,1
3877,355320,1
3878,355330,1
3879,355340,0
3880,355350,0
3881,355360,1
3882,355365,1
3883,355370,1
3884,355380,1
3885,355385,1
3886,355390,1
3887,355395,1
3888,355400,1
3889,355410,0
3890,355420,1
3891,355430,1
3892,355440,1
3893,355450,0
3894,355460,1
3895,355465,1
3896,355470,1
3897,355475,1
3898,355480,0
3899,355490,1
3900,355495,1
3901,355500,0
3902,355510,1
3903,355520,1
3904,355530,1
3905,355535,0
3906,355540,0
3907,355550,1
3908,355560,1
3909,355570,1
3910,355580,1
3911,355590,0
3912,355600,0
3913,355610,1
3914,355620,0
3915,355630,1
3916,355635,1
3917,355640,1
3918,355645,0
3919,355650,0
3920,355660,1
3921,355670,0
3922,355680,1
3923,355690,1
3924,355695,1
3925,355700,0
3926,355710,1
3927,355715,1
3928,355720,1
3929,355730,1
3930,410000,0
3931,410010,1
3932,410020,1
3933,410030,0
3934,410040,0
3935,410045,1
3936,410050,1
3937,410060,1
3938,410070,1
3939,410080,0
3940,410090,1
3941,410100,1
3942,410105,1
3943,410110,1
3944,410115,1
3945,410120,0
3946,410130,1
3947,410140,0
3948,410150,0
3949,410160,1
3950,410165,1
3951,410170,1
3952,410180,0
3953,410185,1
3954,410190,1
3955,410200,1
3956,410210,0
3957,410220,1
3958,410230,0
3959,410240,1
3960,410250,1
3961,410260,1
3962,410270,1
3963,410275,1
3964,410280,0
3965,410290,1
3966,410300,1
3967,410302,1
3968,410304,1
3969,410305,1
3970,410310,0
3971,410315,1
3972,410320,0
3973,410322,1
3974,410330,1
3975,410335,1
3976,410337,1
3977,410340,1
3978,410345,1
3979,410347,1
3980,410350,0
3981,410360,1
3982,410370,0
3983,410380,0
3984,410390,1
3985,410395,1
3986,410400,0
3987,410405,1
3988,410410,1
3989,410420,0
3990,410425,0
3991,410430,1
3992,410440,1
3993,410442,1
3994,410445,1
3995,410450,1
3996,410460,1
3997,410465,0
3998,410470,1
3999,410480,1
4000,410490,0
4001,410500,1
4002,410510,1
4003,410520,1
4004,410530,1
4005,410540,1
4006,410550,1
4007,410560,1
4008,410570,1
4009,410580,0
4010,410590,1
4011,410600,1
4012,410610,1
4013,410620,0
4014,410630,1
4015,410640,1
4016,410645,1
4017,410650,1
4018,410655,1
4019,410657,1
4020,410660,1
4021,410670,1
4022,410680,1
4023,410685,1
4024,410690,0
4025,410700,1
4026,410710,1
4027,410712,1
4028,410715,1
4029,410720,1
4030,410725,1
4031,410730,1
4032,410740,1
4033,410750,1
4034,410752,1
4035,410753,1
4036,410754,1
4037,410755,1
4038,410760,0
4039,410765,0
4040,410770,1
4041,410773,1
4042,410775,1
4043,410780,1
4044,410785,1
4045,410790,1
4046,410800,0
4047,410810,1
4048,410820,1
4049,410830,1
4050,410832,1
4051,410840,1
4052,410845,1
4053,410850,1
4054,410855,1
4055,410860,1
4056,410865,1
4057,410870,1
4058,410880,1
4059,410890,1
4060,410895,1
4061,410900,1
4062,410910,1
4063,410920,1
4064,410930,1
4065,410940,1
4066,410950,0
4067,410960,0
4068,410965,1
4069,410970,1
4070,410975,1
4071,410980,0
4072,410990,1
4073,411000,0
4074,411005,1
4075,411007,0
4076,411010,1
4077,411020,1
4078,411030,1
4079,411040,1
4080,411050,1
4081,411060,1
4082,411065,1
4083,411070,1
4084,411080,1
4085,411090,1
4086,411095,1
4087,411100,1
4088,411110,1
4089,411120,1
4090,411125,0
4091,411130,1
4092,411140,1
4093,411150,1
4094,411155,1
4095,411160,1
4096,411170,1
4097,411180,1
4098,411190,0
4099,411200,1
4100,411210,0
4101,411220,1
4102,411230,1
4103,411240,1
4104,411250,1
4105,411260,1
4106,411270,1
4107,411275,1
4108,411280,1
4109,411290,1
4110,411295,1
4111,411300,1
4112,411310,0
4113,411320,1
4114,411325,1
4115,411330,1
4116,411340,1
4117,411342,1
4118,411345,1
4119,411350,1
4120,411360,1
4121,411370,0
4122,411373,1
4123,411375,1
4124,411380,1
4125,411390,1
4126,411400,1
4127,411410,1
4128,411420,0
4129,411430,0
4130,411435,1
4131,411440,1
4132,411450,1
4133,411460,1
4134,411470,1
4135,411480,0
4136,411490,0
4137,411500,1
4138,411510,1
4139,411520,0
4140,411530,1
4141,411535,1
4142,411540,1
4143,411545,1
4144,411550,0
4145,411560,1
4146,411570,0
4147,411573,1
4148,411575,0
4149,411580,1
4150,411585,1
4151,411590,1
4152,411600,0
4153,411605,1
4154,411610,1
4155,411620,0
4156,411630,0
4157,411640,1
4158,411650,1
4159,411660,1
4160,411670,1
4161,411680,1
4162,411690,1
4163,411695,1
4164,411700,1
4165,411705,1
4166,411710,1
4167,411720,1
4168,411721,1
4169,411722,1
4170,411725,1
4171,411727,1
4172,411729,0
4173,411730,0
4174,411740,1
4175,411745,1
4176,411750,0
4177,411760,1
4178,411770,1
4179,411780,1
4180,411790,1
4181,411800,1
4182,411810,1
4183,411820,0
4184,411830,1
4185,411840,1
4186,411845,1
4187,411850,1
4188,411860,1
4189,411870,1
4190,411880,1
4191,411885,1
4192,411890,1
4193,411900,1
4194,411910,0
4195,411915,0
4196,411920,1
4197,411925,1
4198,411930,1
4199,411940,1
4200,411950,0
4201,411960,1
4202,411965,0
4203,411970,1
4204,411980,1
4205,411990,0
4206,411995,0
4207,412000,1
4208,412010,1
4209,412015,1
4210,412020,1
4211,412030,1
4212,412033,0
4213,412035,1
4214,412040,1
4215,412050,0
4216,412060,1
4217,412065,1
4218,412070,1
4219,412080,0
4220,412085,1
4221,412090,1
4222,412100,1
4223,412110,1
4224,412120,0
4225,412125,1
4226,412130,1
4227,412135,1
4228,412140,1
4229,412150,1
4230,412160,1
4231,412170,1
4232,412175,1
4233,412180,1
4234,412190,1
4235,412200,1
4236,412210,0
4237,412215,1
4238,412217,1
4239,412220,0
4240,412230,1
4241,412240,0
4242,412250,1
4243,412260,1
4244,412265,1
4245,412270,0
4246,412280,1
4247,412290,1
4248,412300,1
4249,412310,1
4250,412320,1
4251,412330,1
4252,412340,1
4253,412350,1
4254,412360,1
4255,412370,1
4256,412380,1
4257,412382,1
4258,412385,1
4259,412390,1
4260,412395,1
4261,412400,1
4262,412402,1
4263,412405,1
4264,412410,1
4265,412420,1
4266,412430,1
4267,412440,1
4268,412450,1
4269,412460,1
4270,412470,1
4271,412480,1
4272,412490,1
4273,412500,1
4274,412510,1
4275,412520,1
4276,412530,1
4277,412535,1
4278,412540,1
4279,412545,1
4280,412550,0
4281,412555,1
4282,412560,1
4283,412570,1
4284,412575,1
4285,412580,1
4286,412590,1
4287,412600,1
4288,412610,1
4289,412620,1
4290,412625,0
4291,412627,1
4292,412630,1
4293,412635,1
4294,412640,1
4295,412650,0
4296,412660,1
4297,412665,1
4298,412667,0
4299,412670,1
4300,412680,1
4301,412690,1
4302,412700,1
4303,412710,1
4304,412720,1
4305,412730,1
4306,412740,1
4307,412750,1
4308,412760,0
4309,412770,1
4310,412780,1
4311,412785,1
4312,412788,0
4313,412790,1
4314,412795,1
4315,412796,1
4316,412800,1
4317,412810,1
4318,412820,1
4319,412830,1
4320,412840,1
4321,412850,1
4322,412853,1
4323,412855,1
4324,412860,1
4325,412862,1
4326,412863,1
4327,412865,1
4328,412870,1
4329,412880,1
4330,420000,0
4331,420005,1
4332,420010,1
4333,420020,1
4334,420030,1
4335,420040,1
4336,420050,1
4337,420055,1
4338,420060,1
4339,420070,1
4340,420075,1
4341,420080,1
4342,420090,1
4343,420100,1
4344,420110,1
4345,420120,1
4346,420125,1
4347,420127,1
4348,420130,0
4349,420140,1
4350,420150,1
4351,420160,1
4352,420165,1
4353,420170,1
4354,420180,1
4355,420190,1
4356,420195,1
4357,420200,0
4358,420205,0
4359,420207,1
4360,420208,1
4361,420209,1
4362,420210,0
4363,420213,1
4364,420215,1
4365,420220,1
4366,420230,0
4367,420240,1
4368,420243,1
4369,420245,0
4370,420250,1
4371,420253,1
4372,420257,1
4373,420260,1
4374,420270,1
4375,420280,1
4376,420285,1
4377,420287,1
4378,420290,1
4379,420300,1
4380,420310,1
4381,420315,1
4382,420320,0
4383,420325,1
4384,420330,0
4385,420340,1
4386,420350,1
4387,420360,1
4388,420370,0
4389,420380,1
4390,420390,1
4391,420395,1
4392,420400,1
4393,420410,1
4394,420415,1
4395,420417,1
4396,420419,1
4397,420420,1
4398,420425,1
4399,420430,1
4400,420435,1
4401,420440,1
4402,420445,1
4403,420450,1
4404,420455,1
4405,420460,1
4406,420470,1
4407,420475,1
4408,420480,1
4409,420490,1
4410,420500,1
4411,420510,1
4412,420515,1
4413,420517,1
4414,420519,1
4415,420520,1
4416,420530,1
4417,420535,1
4418,420540,0
4419,420543,1
4420,420545,1
4421,420550,1
4422,420555,1
4423,420560,1
4424,420570,1
4425,420580,0
4426,420590,1
4427,420600,0
4428,420610,1
4429,420620,1
4430,420630,1
4431,420640,1
4432,420650,0
4433,420660,1
4434,420665,1
4435,420670,1
4436,420675,1
4437,420680,1
4438,420690,1
4439,420700,1
4440,420710,0
4441,420720,1
4442,420730,1
4443,420740,1
4444,420750,1
4445,420757,1
4446,420760,1
4447,420765,1
4448,420768,1
4449,420770,1
4450,420775,1
4451,420780,1
4452,420785,1
4453,420790,1
4454,420800,1
4455,420810,1
4456,420820,0
4457,420830,0
4458,420840,1
4459,420845,0
4460,420850,1
4461,420860,1
4462,420870,1
4463,420880,1
4464,420890,0
4465,420895,1
4466,420900,1
4467,420910,0
4468,420915,1
4469,420917,1
4470,420920,1
4471,420930,1
4472,420940,1
4473,420945,1
4474,420950,1
4475,420960,1
4476,420970,1
4477,420980,1
4478,420985,1
4479,420990,1
4480,421000,0
4481,421003,1
4482,421005,1
4483,421010,1
4484,421020,1
4485,421030,1
4486,421040,1
4487,421050,1
4488,421055,1
4489,421060,0
4490,421070,1
4491,421080,1
4492,421085,1
4493,421090,1
4494,421100,1
4495,421105,1
4496,421110,1
4497,421120,1
4498,421125,1
4499,421130,0
4500,421140,1
4501,421145,1
4502,421150,1
4503,421160,1
4504,421165,1
4505,421170,1
4506,421175,1
4507,421180,1
4508,421185,1
4509,421187,1
4510,421189,1
4511,421190,1
4512,421200,1
4513,421205,1
4514,421210,1
4515,421220,1
4516,421223,1
4517,421225,1
4518,421227,1
4519,421230,1
4520,421240,1
4521,421250,0
4522,421260,1
4523,421270,1
4524,421280,0
4525,421290,1
4526,421300,1
4527,421310,1
4528,421315,1
4529,421320,1
4530,421330,1
4531,421335,1
4532,421340,1
4533,421350,0
4534,421360,1
4535,421370,1
4536,421380,1
4537,421390,1
4538,421400,1
4539,421410,1
4540,421415,1
4541,421420,1
4542,421430,1
4543,421440,1
4544,421450,1
4545,421460,1
4546,421470,1
4547,421480,1
4548,421490,1
4549,421500,1
4550,421505,1
4551,421507,1
4552,421510,1
4553,421520,1
4554,421530,1
4555,421535,1
4556,421540,1
4557,421545,1
4558,421550,1
4559,421555,1
4560,421560,1
4561,421565,1
4562,421567,1
4563,421568,1
4564,421569,1
4565,421570,1
4566,421575,1
4567,421580,1
4568,421590,1
4569,421600,1
4570,421605,1
4571,421610,1
4572,421620,0
4573,421625,1
4574,421630,1
4575,421635,0
4576,421640,1
4577,421650,1
4578,421660,0
4579,421670,1
4580,421680,1
4581,421690,1
4582,421700,1
4583,421710,1
4584,421715,1
4585,421720,1
4586,421725,1
4587,421730,1
4588,421740,0
4589,421750,1
4590,421755,1
4591,421760,1
4592,421770,1
4593,421775,1
4594,421780,1
4595,421790,1
4596,421795,1
4597,421800,0
4598,421810,1
4599,421820,1
4600,421825,1
4601,421830,1
4602,421835,1
4603,421840,1
4604,421850,1
4605,421860,1
4606,421870,1
4607,421875,1
4608,421880,1
4609,421885,1
4610,421890,1
4611,421895,1
4612,421900,1
4613,421910,1
4614,421915,1
4615,421917,1
4616,421920,1
4617,421930,1
4618,421935,1
4619,421940,1
4620,421950,1
4621,421960,1
4622,421970,1
4623,421985,1
4624,430000,0
4625,430003,1
4626,430005,1
4627,430010,1
4628,430020,1
4629,430030,1
4630,430040,1
4631,430045,1
4632,430047,1
4633,430050,1
4634,430055,1
4635,430057,1
4636,430060,1
4637,430063,1
4638,430064,1
4639,430066,1
4640,430070,1
4641,430080,1
4642,430085,1
4643,430087,1
4644,430090,1
4645,430100,1
4646,430105,1
4647,430107,1
4648,430110,1
4649,430120,1
4650,430130,1
4651,430140,1
4652,430150,1
4653,430155,1
4654,430160,1
4655,430163,1
4656,430165,1
4657,430170,1
4658,430175,1
4659,430180,1
4660,430185,1
4661,430187,1
4662,430190,1
4663,430192,1
4664,430195,1
4665,430200,1
4666,430205,1
4667,430210,1
4668,430215,1
4669,430220,1
4670,430222,1
4671,430223,1
4672,430225,1
4673,430230,1
4674,430235,1
4675,430237,1
4676,430240,1
4677,430245,1
4678,430250,1
4679,430258,1
4680,430260,1
4681,430265,1
4682,430270,1
4683,430280,1
4684,430290,1
4685,430300,1
4686,430310,1
4687,430320,1
4688,430330,1
4689,430340,1
4690,430350,1
4691,430355,1
4692,430360,1
4693,430367,1
4694,430370,1
4695,430380,1
4696,430390,1
4697,430400,1
4698,430410,1
4699,430420,1
4700,430430,1
4701,430435,1
4702,430440,1
4703,430450,1
4704,430460,1
4705,430461,1
4706,430462,1
4707,430463,1
4708,430465,1
4709,430466,1
4710,430467,1
4711,430468,1
4712,430469,1
4713,430470,1
4714,430471,1
4715,430480,1
4716,430485,1
4717,430490,1
4718,430495,1
4719,430500,1
4720,430510,1
4721,430511,1
4722,430512,1
4723,430513,1
4724,430515,1
4725,430517,1
4726,430520,1
4727,430530,1
4728,430535,1
4729,430537,1
4730,430540,1
4731,430543,1
4732,430544,1
4733,430545,1
4734,430550,1
4735,430558,1
4736,430560,1
4737,430570,1
4738,430580,1
4739,430583,1
4740,430585,1
4741,430587,1
4742,430590,1
4743,430593,1
4744,430595,1
4745,430597,1
4746,430600,1
4747,430605,1
4748,430607,1
4749,430610,1
4750,430613,1
4751,430620,1
4752,430630,1
4753,430632,1
4754,430635,1
4755,430637,1
4756,430640,1
4757,430642,1
4758,430645,1
4759,430650,1
4760,430655,1
4761,430660,1
4762,430670,1
4763,430673,1
4764,430675,1
4765,430676,1
4766,430680,1
4767,430690,1
4768,430692,1
4769,430693,1
4770,430695,1
4771,430697,1
4772,430700,1
4773,430705,1
4774,430710,1
4775,430720,1
4776,430730,1
4777,430740,1
4778,430745,1
4779,430750,1
4780,430755,1
4781,430760,1
4782,430770,1
4783,430780,1
4784,430781,1
4785,430783,1
4786,430786,1
4787,430790,1
4788,430800,1
4789,430805,1
4790,430807,1
4791,430810,1
4792,430820,1
4793,430825,1
4794,430830,1
4795,430840,1
4796,430843,1
4797,430845,1
4798,430850,1
4799,430860,1
4800,430865,1
4801,430870,1
4802,430880,1
4803,430885,1
4804,430890,1
4805,430900,1
4806,430905,1
4807,430910,1
4808,430912,1
4809,430915,1
4810,430920,1
4811,430925,1
4812,430930,1
4813,430940,1
4814,430950,1
4815,430955,1
4816,430957,1
4817,430960,1
4818,430965,1
4819,430970,1
4820,430975,1
4821,430980,1
4822,430990,1
4823,430995,1
4824,431000,1
4825,431010,1
4826,431020,1
4827,431030,1
4828,431033,1
4829,431036,1
4830,431040,1
4831,431041,1
4832,431043,1
4833,431046,1
4834,431050,1
4835,431053,1
4836,431055,1
4837,431057,1
4838,431060,1
4839,431065,1
4840,431070,1
4841,431075,1
4842,431080,1
4843,431085,1
4844,431087,1
4845,431090,1
4846,431100,1
4847,431110,1
4848,431112,1
4849,431113,1
4850,431115,1
4851,431120,1
4852,431123,1
4853,431125,1
4854,431127,1
4855,431130,1
4856,431140,1
4857,431142,1
4858,431150,1
4859,431160,1
4860,431162,1
4861,431164,1
4862,431170,1
4863,431171,1
4864,431173,1
4865,431175,1
4866,431177,1
4867,431179,1
4868,431180,1
4869,431190,1
4870,431198,1
4871,431200,1
4872,431205,1
4873,431210,1
4874,431213,1
4875,431215,1
4876,431217,1
4877,431220,1
4878,431225,1
4879,431230,1
4880,431235,1
4881,431237,1
4882,431238,1
4883,431240,1
4884,431242,1
4885,431244,1
4886,431245,1
4887,431247,1
4888,431250,1
4889,431260,1
4890,431261,1
4891,431262,1
4892,431265,1
4893,431267,1
4894,431270,1
4895,431275,1
4896,431280,1
4897,431290,1
4898,431295,1
4899,431300,1
4900,431301,1
4901,431303,1
4902,431306,1
4903,431308,1
4904,431310,1
4905,431320,1
4906,431330,1
4907,431333,1
4908,431335,1
4909,431337,1
4910,431339,1
4911,431340,1
4912,431342,1
4913,431344,1
4914,431346,1
4915,431349,1
4916,431350,1
4917,431360,1
4918,431365,1
4919,431370,1
4920,431380,1
4921,431390,1
4922,431395,1
4923,431400,1
4924,431402,1
4925,431403,1
4926,431405,1
4927,431406,1
4928,431407,1
4929,431410,1
4930,431413,1
4931,431415,1
4932,431417,1
4933,431420,1
4934,431430,1
4935,431440,1
4936,431442,1
4937,431445,1
4938,431446,1
4939,431447,1
4940,431449,1
4941,431450,1
4942,431453,0
4943,431455,1
4944,431460,1
4945,431470,1
4946,431475,1
4947,431477,1
4948,431478,1
4949,431480,1
4950,431490,1
4951,431500,1
4952,431505,1
4953,431507,1
4954,431510,1
4955,431513,1
4956,431514,1
4957,431515,1
4958,431517,1
4959,431520,1
4960,431530,1
4961,431531,1
4962,431532,1
4963,431535,1
4964,431540,1
4965,431545,1
4966,431550,1
4967,431555,1
4968,431560,1
4969,431570,1
4970,431575,1
4971,431580,1
4972,431590,1
4973,431595,1
4974,431600,1
4975,431610,1
4976,431620,1
4977,431630,1
4978,431640,1
4979,431642,1
4980,431643,1
4981,431645,1
4982,431647,1
4983,431650,1
4984,431660,1
4985,431670,1
4986,431673,1
4987,431675,1
4988,431680,1
4989,431690,1
4990,431695,1
4991,431697,1
4992,431700,1
4993,431710,1
4994,431720,1
4995,431725,1
4996,431730,1
4997,431740,1
4998,431750,1
4999,431755,1
5000,431760,1
5001,431770,1
5002,431775,1
5003,431780,1
5004,431790,1
5005,431795,1
5006,431800,1
5007,431805,1
5008,431810,1
5009,431820,1
5010,431830,1
5011,431840,1
5012,431842,1
5013,431843,1
5014,431844,1
5015,431845,1
5016,431846,1
5017,431848,1
5018,431849,1
5019,431850,1
5020,431860,1
5021,431861,1
5022,431862,1
5023,431870,1
5024,431880,1
5025,431890,1
5026,431900,1
5027,431910,1
5028,431912,1
5029,431915,1
5030,431920,1
5031,431930,1
5032,431935,1
5033,431936,1
5034,431937,1
5035,431940,1
5036,431950,1
5037,431960,1
5038,431970,1
5039,431971,1
5040,431973,1
5041,431975,1
5042,431980,1
5043,431990,1
5044,432000,1
5045,432010,1
5046,432020,1
5047,432023,1
5048,432026,1
5049,432030,1
5050,432032,1
5051,432035,1
5052,432040,1
5053,432045,1
5054,432050,1
5055,432055,1
5056,432057,1
5057,432060,1
5058,432065,1
5059,432067,1
5060,432070,1
5061,432080,1
5062,432085,1
5063,432090,1
5064,432100,1
5065,432110,1
5066,432120,1
5067,432130,1
5068,432132,1
5069,432135,1
5070,432140,1
5071,432143,1
5072,432145,1
5073,432146,1
5074,432147,1
5075,432149,1
5076,432150,1
5077,432160,1
5078,432162,1
5079,432163,1
5080,432166,1
5081,432170,1
5082,432180,1
5083,432183,1
5084,432185,1
5085,432190,1
5086,432195,1
5087,432200,1
5088,432210,1
5089,432215,1
5090,432218,1
5091,432220,1
5092,432225,1
5093,432230,1
5094,432232,1
5095,432234,1
5096,432235,1
5097,432237,1
5098,432240,1
5099,432250,1
5100,432252,1
5101,432253,1
5102,432254,1
5103,432255,1
5104,432260,1
5105,432270,1
5106,432280,1
5107,432285,1
5108,432290,1
5109,432300,1
5110,432310,1
5111,432320,1
5112,432330,1
5113,432335,1
5114,432340,1
5115,432345,1
5116,432350,1
5117,432360,1
5118,432370,1
5119,432375,1
5120,432377,1
5121,432380,1
5122,500000,0
5123,500020,1
5124,500025,1
5125,500060,1
5126,500070,1
5127,500080,1
5128,500085,1
5129,500090,1
5130,500100,1
5131,500110,1
5132,500124,1
5133,500150,1
5134,500190,1
5135,500200,1
5136,500210,1
5137,500215,1
5138,500220,1
5139,500230,1
5140,500240,1
5141,500260,1
5142,500270,1
5143,500280,1
5144,500290,1
5145,500295,1
5146,500310,1
5147,500315,1
5148,500320,1
5149,500325,1
5150,500330,1
5151,500345,1
5152,500348,1
5153,500350,1
5154,500370,1
5155,500375,1
5156,500380,1
5157,500390,1
5158,500400,1
5159,500410,1
5160,500430,1
5161,500440,1
5162,500450,1
5163,500460,1
5164,500470,1
5165,500480,1
5166,500490,1
5167,500500,1
5168,500510,1
5169,500515,1
5170,500520,1
5171,500525,1
5172,500540,1
5173,500560,1
5174,500568,1
5175,500570,1
5176,500580,1
5177,500600,1
5178,500620,1
5179,500625,1
5180,500630,1
5181,500635,1
5182,500640,1
5183,500660,1
5184,500690,1
5185,500710,1
5186,500720,1
5187,500730,1
5188,500740,1
5189,500750,1
5190,500755,1
5191,500769,1
5192,500770,1
5193,500780,1
5194,500790,1
5195,500793,1
5196,500795,1
5197,500797,1
5198,500800,1
5199,500830,1
5200,500840,1
5201,510000,0
5202,510010,1
5203,510020,1
5204,510025,1
5205,510030,1
5206,510035,1
5207,510040,1
5208,510050,1
5209,510060,1
5210,510080,1
5211,510100,1
5212,510120,1
5213,510125,1
5214,510130,1
5215,510140,1
5216,510160,1
5217,510170,1
5218,510180,1
5219,510185,1
5220,510190,1
5221,510250,1
5222,510260,1
5223,510263,1
5224,510267,1
5225,510268,1
5226,510269,1
5227,510270,1
5228,510279,1
5229,510285,1
5230,510300,1
5231,510305,1
5232,510310,1
5233,510320,1
5234,510325,1
5235,510330,1
5236,510335,1
5237,510336,1
5238,510337,1
5239,510340,1
5240,510343,1
5241,510345,1
5242,510350,1
5243,510360,1
5244,510370,1
5245,510380,1
5246,510385,1
5247,510390,1
5248,510395,1
5249,510410,1
5250,510420,1
5251,510450,1
5252,510452,1
5253,510454,1
5254,510455,1
5255,510460,1
5256,510480,1
5257,510490,1
5258,510500,1
5259,510510,1
5260,510515,1
5261,510517,1
5262,510520,1
5263,510523,1
5264,510525,1
5265,510530,1
5266,510550,1
5267,510558,1
5268,510560,1
5269,510562,1
5270,510590,1
5271,510600,1
5272,510610,1
5273,510615,1
5274,510617,1
5275,510618,1
5276,510619,1
5277,510620,1
5278,510621,1
5279,510622,1
5280,510623,1
5281,510624,1
5282,510625,1
5283,510626,1
5284,510627,1
5285,510628,1
5286,510629,1
5287,510630,1
5288,510631,1
5289,510637,1
5290,510642,1
5291,510645,1
5292,510650,1
5293,510665,1
5294,510670,1
5295,510675,1
5296,510677,1
5297,510680,1
5298,510682,1
5299,510685,1
5300,510700,1
5301,510704,1
5302,510706,1
5303,510710,1
5304,510715,1
5305,510718,1
5306,510719,1
5307,510720,1
5308,510724,1
5309,510726,1
5310,510729,1
5311,510730,1
5312,510735,1
5313,510740,1
5314,510757,1
5315,510760,1
5316,510770,1
5317,510774,1
5318,510775,1
5319,510776,1
5320,510777,1
5321,510779,1
5322,510780,1
5323,510785,1
5324,510787,1
5325,510788,1
5326,510790,1
5327,510792,1
5328,510794,1
5329,510795,1
5330,510800,1
5331,510805,1
5332,510810,1
5333,510820,1
5334,510830,1
5335,510835,1
5336,510840,1
5337,510850,1
5338,510860,1
5339,510880,1
5340,510885,1
5341,510890,1
5342,510895,1
5343,520000,0
5344,520005,1
5345,520010,1
5346,520013,1
5347,520015,1
5348,520017,0
5349,520020,1
5350,520025,0
5351,520030,1
5352,520040,0
5353,520050,1
5354,520055,1
5355,520060,0
5356,520070,0
5357,520080,0
5358,520082,1
5359,520085,1
5360,520090,1
5361,520100,0
5362,520110,1
5363,520120,0
5364,520130,1
5365,520140,1
5366,520145,1
5367,520150,1
5368,520160,1
5369,520170,1
5370,520180,1
5371,520190,0
5372,520200,0
5373,520210,0
5374,520215,1
5375,520220,0
5376,520230,0
5377,520235,1
5378,520240,0
5379,520250,1
5380,520255,0
5381,520260,1
5382,520270,0
5383,520280,1
5384,520290,0
5385,520300,0
5386,520310,1
5387,520320,1
5388,520330,1
5389,520340,1
5390,520350,1
5391,520355,1
5392,520357,1
5393,520360,1
5394,520370,0
5395,520380,1
5396,520390,1
5397,520393,1
5398,520396,0
5399,520400,0
5400,520410,1
5401,520420,1
5402,520425,1
5403,520430,1
5404,520440,1
5405,520450,1
5406,520455,1
5407,520460,1
5408,520465,0
5409,520470,1
5410,520480,0
5411,520485,1
5412,520490,0
5413,520495,1
5414,520500,1
5415,520505,1
5416,520510,0
5417,520520,1
5418,520530,0
5419,520540,1
5420,520545,1
5421,520547,1
5422,520549,0
5423,520550,0
5424,520551,1
5425,520552,0
5426,520560,0
5427,520570,1
5428,520580,1
5429,520590,0
5430,520600,0
5431,520610,0
5432,520620,0
5433,520630,1
5434,520640,1
5435,520650,1
5436,520660,0
5437,520670,0
5438,520680,1
5439,520690,0
5440,520700,0
5441,520710,1
5442,520720,0
5443,520725,1
5444,520730,0
5445,520735,1
5446,520740,1
5447,520750,1
5448,520753,1
5449,520755,0
5450,520760,1
5451,520765,0
5452,520770,0
5453,520780,1
5454,520790,0
5455,520800,0
5456,520810,1
5457,520815,1
5458,520820,0
5459,520830,0
5460,520840,1
5461,520850,0
5462,520860,1
5463,520870,1
5464,520880,1
5465,520890,1
5466,520900,0
5467,520910,1
5468,520915,1
5469,520920,1
5470,520929,1
5471,520930,0
5472,520940,0
5473,520945,1
5474,520950,0
5475,520960,1
5476,520970,1
5477,520980,1
5478,520990,0
5479,520993,1
5480,520995,1
5481,521000,1
5482,521010,0
5483,521015,1
5484,521020,1
5485,521030,1
5486,521040,1
5487,521050,0
5488,521056,1
5489,521060,1
5490,521070,0
5491,521080,1
5492,521090,1
5493,521100,1
5494,521110,0
5495,521120,1
5496,521130,1
5497,521140,1
5498,521150,1
5499,521160,1
5500,521170,1
5501,521180,1
5502,521190,1
5503,521200,1
5504,521205,1
5505,521210,1
5506,521220,1
5507,521225,1
5508,521230,1
5509,521240,0
5510,521250,0
5511,521260,1
5512,521270,0
5513,521280,1
5514,521290,1
5515,521295,1
5516,521300,1
5517,521305,0
5518,521308,0
5519,521310,1
5520,521320,0
5521,521330,0
5522,521340,1
5523,521350,0
5524,521360,0
5525,521370,1
5526,521375,1
5527,521377,0
5528,521380,1
5529,521385,1
5530,521390,1
5531,521400,1
5532,521405,1
5533,521410,1
5534,521420,0
5535,521430,0
5536,521440,1
5537,521450,1
5538,521460,0
5539,521470,1
5540,521480,0
5541,521483,1
5542,521486,1
5543,521487,1
5544,521488,0
5545,521490,0
5546,521500,1
5547,521510,0
5548,521520,1
5549,521523,0
5550,521525,1
5551,521530,0
5552,521540,1
5553,521550,0
5554,521560,0
5555,521565,1
5556,521570,1
5557,521575,0
5558,521580,0
5559,521590,1
5560,521600,1
5561,521610,0
5562,521620,0
5563,521630,1
5564,521640,1
5565,521645,1
5566,521650,0
5567,521660,0
5568,521670,0
5569,521680,1
5570,521690,1
5571,521700,0
5572,521710,1
5573,521720,1
5574,521730,1
5575,521740,0
5576,521750,0
5577,521760,0
5578,521770,1
5579,521780,0
5580,521790,0
5581,521800,1
5582,521805,1
5583,521810,1
5584,521820,0
5585,521830,0
5586,521839,1
5587,521840,0
5588,521850,1
5589,521860,1
5590,521870,1
5591,521875,0
5592,521878,1
5593,521880,1
5594,521890,1
5595,521900,1
5596,521910,1
5597,521920,0
5598,521925,1
5599,521930,1
5600,521935,1
5601,521940,1
5602,521945,1
5603,521950,1
5604,521960,1
5605,521970,1
5606,521971,1
5607,521973,1
5608,521975,0
5609,521980,0
5610,521990,1
5611,522000,0
5612,522005,1
5613,522010,1
5614,522015,1
5615,522020,1
5616,522026,1
5617,522028,1
5618,522030,0
5619,522040,1
5620,522045,1
5621,522050,1
5622,522060,1
5623,522065,0
5624,522068,0
5625,522070,0
5626,522080,0
5627,522090,0
5628,522100,1
5629,522108,0
5630,522110,0
5631,522119,1
5632,522120,0
5633,522130,1
5634,522140,1
5635,522145,0
5636,522150,1
5637,522155,1
5638,522157,1
5639,522160,1
5640,522170,1
5641,522180,0
5642,522185,0
5643,522190,1
5644,522200,1
5645,522205,1
5646,522208,0
5647,522210,0
5648,522220,0
5649,522230,1
5650,530010,0
