,QUANTIDADE,MUNCOD
0,134,110001
1,16,110037
2,29,110040
3,39,110034
4,256,110002
5,36,110045
6,26,110003
7,8,110060
8,151,110004
9,32,110070
10,14,110080
11,6,110090
12,57,110005
13,6,110092
14,54,110006
15,9,110007
16,38,110008
17,23,110094
18,113,110009
19,7,110100
20,137,110010
21,4,110110
22,121,110011
23,356,110012
24,46,110013
25,23,110120
26,29,110130
27,8,110140
28,58,110014
29,62,110033
30,5,110143
31,42,110050
32,118,110015
33,9,110145
34,202,110018
35,4,110146
36,245,110020
37,62,110025
38,7,110147
39,5,110026
40,190,110028
41,35,110029
42,11,110148
43,41,110149
44,85,110032
45,23,110150
46,6,110155
47,18,110160
48,22,110170
49,13,110175
50,24,110180
51,208,110030
52,9,120001
53,4,120005
54,57,120010
55,1,120013
56,3,120017
57,62,120020
58,42,120025
59,8,120030
60,21,120033
61,23,120034
62,1,120035
63,26,120038
64,9,120080
65,3,120039
66,241,120040
67,8,120042
68,2,120043
69,205,120050
70,24,120045
71,75,120060
72,42,120070
73,15,130002
74,5,130006
75,14,130008
76,12,130010
77,35,130014
78,3,130020
79,11,130030
80,24,130040
81,24,130050
82,9,130060
83,19,130063
84,8,130068
85,49,130070
86,77,130080
87,13,130083
88,4,130090
89,29,130100
90,24,130110
91,3,130115
92,36,130120
93,80,130130
94,25,130140
95,9,130150
96,31,130160
97,6,130165
98,44,130170
99,22,130180
100,45,130185
101,116,130190
102,1,130195
103,4,130200
104,3,130210
105,1,130220
106,18,130230
107,9,130240
108,73,130250
109,15,130255
110,1852,130260
111,29,130270
112,2,130280
113,74,130290
114,8,130300
115,13,130310
116,7,130320
117,23,130330
118,87,130340
119,2,130350
120,26,130353
121,16,130356
122,10,130370
123,9,130380
124,7,130390
125,3,130395
126,6,130400
127,13,130406
128,10,130410
129,67,130420
130,1,130423
131,4,130426
132,6,130430
133,6,130440
134,15,140005
135,9,140002
136,428,140010
137,18,140015
138,28,140017
139,19,140020
140,26,140023
141,3,140028
142,32,140030
143,12,140040
144,20,140045
145,42,140047
146,26,140050
147,18,140060
148,2,140070
149,98,150010
150,19,150013
151,46,150020
152,59,150030
153,20,150034
154,13,150040
155,24,150050
156,169,150060
157,19,150070
158,562,150080
159,44,150085
160,152,150090
161,125,150095
162,1,150100
163,9,150110
164,39,150120
165,24,150125
166,93,150130
167,771,150140
168,24,150145
169,20,150150
170,43,150157
171,6,150160
172,222,150170
173,64,150172
174,11,150175
175,26,150178
176,124,150180
177,35,150190
178,17,150200
179,2,150195
180,99,150210
181,46,150215
182,72,150220
183,166,150230
184,99,150240
185,2,150250
186,111,150270
187,31,150275
188,14,150276
189,61,150277
190,87,150280
191,1,150285
192,43,150290
193,135,150293
194,113,150295
195,1,150300
196,104,150304
197,31,150307
198,76,150309
199,27,150310
200,75,150320
201,139,150330
202,6,150340
203,71,150345
204,100,150350
205,297,150360
206,32,150370
207,11,150375
208,99,150380
209,27,150390
210,139,150400
211,100,150405
212,5,150410
213,128,150420
214,37,150430
215,18,150440
216,63,150442
217,42,150445
218,16,150450
219,34,150460
220,51,150470
221,1,150475
222,40,150480
223,314,150490
224,26,150495
225,6,150497
226,6,150500
227,98,150503
228,37,150506
229,53,150510
230,13,150520
231,50,150530
232,21,150540
233,113,150543
234,62,150548
235,25,150549
236,83,150550
237,140,150553
238,45,150555
239,2,150560
240,13,150563
241,37,150565
242,34,150570
243,36,150580
244,35,150590
245,44,150600
246,10,150610
247,4,150611
248,110,150613
249,63,150616
250,148,150618
251,54,150619
252,53,150620
253,3,150630
254,4,150635
255,1,150640
256,42,150650
257,7,150655
258,25,150658
259,50,150660
260,92,150670
261,102,150680
262,4,150690
263,35,150700
264,1,150710
265,24,150715
266,30,150720
267,197,150730
268,6,150740
269,63,150745
270,1,150746
271,39,150747
272,8,150750
273,123,150760
274,46,150770
275,24,150775
276,38,150780
277,74,150790
278,26,150795
279,3,150796
280,11,150797
281,60,150800
282,126,150803
283,51,150805
284,292,150808
285,50,150810
286,208,150812
287,157,150815
288,132,150820
289,144,150830
290,15,150835
291,61,150840
292,14,160010
293,9,160020
294,2,160021
295,1,160023
296,63,160027
297,178,160030
298,3,160040
299,20,160050
300,14,160015
301,14,160053
302,70,160060
303,1,160005
304,2,160070
305,8,160080
306,5,170030
307,5,170035
308,2,170040
309,37,170070
310,17,170100
311,1,170105
312,5,170110
313,3,170130
314,10,170190
315,27,170200
316,148,170210
317,15,170215
318,23,170220
319,27,170230
320,6,170240
321,14,170255
322,2,170270
323,4,170290
324,4,170300
325,7,170305
326,1,170310
327,3,170320
328,6,170330
329,1,170360
330,5,170370
331,1,170380
332,1,170382
333,4,170384
334,4,170386
335,1,170389
336,1,170390
337,1,170410
338,1,170510
339,69,170550
340,16,171670
341,4,170560
342,3,170600
343,5,170610
344,3,170625
345,7,170650
346,10,170700
347,4,170710
348,2,170720
349,1,170730
350,5,170740
351,10,170755
352,6,170765
353,4,170770
354,9,170820
355,9,170825
356,3,170830
357,17,170900
358,54,170930
359,83,170950
360,11,170980
361,11,171050
362,4,171070
363,7,171090
364,1,171110
365,2,171150
366,13,171190
367,2,171195
368,8,171200
369,1,171245
370,1,171250
371,2,171280
372,55,171320
373,9,171330
374,11,171360
375,3,171370
376,2,171395
377,14,171420
378,10,171430
379,5,171488
380,6,171500
381,2,171510
382,128,172100
383,3,171570
384,5,171380
385,4,171575
386,27,171610
387,34,171620
388,18,171630
389,26,171650
390,11,171660
391,5,171665
392,3,171700
393,8,171720
394,26,171750
395,1,171780
396,3,171790
397,3,171800
398,108,171820
399,3,171830
400,3,171840
401,1,171845
402,1,171850
403,10,171855
404,1,171865
405,3,171870
406,1,171880
407,6,171884
408,4,171886
409,2,171888
410,7,171890
411,2,171900
412,1,172010
413,1,172015
414,2,172020
415,1,172025
416,1,172030
417,2,172049
418,4,172065
419,4,172080
420,2,172085
421,3,172090
422,3,172093
423,3,172097
424,8,172110
425,41,172120
426,1,172125
427,1,172130
428,10,172208
429,54,172210
430,167,210005
431,2,210010
432,4,210015
433,13,210020
434,112,210030
435,2,210040
436,24,210043
437,64,210047
438,4,210050
439,8,210055
440,104,210060
441,53,210070
442,46,210080
443,15,210083
444,22,210087
445,63,210090
446,132,210095
447,51,210100
448,30,210110
449,333,210120
450,6,210125
451,30,210130
452,186,210140
453,44,210150
454,72,210160
455,68,210170
456,50,210177
457,3,210173
458,42,210180
459,50,210190
460,16,210193
461,5,210197
462,114,210200
463,66,210203
464,7,210207
465,86,210210
466,1,210215
467,23,210220
468,108,210230
469,143,210232
470,9,210235
471,10,210237
472,13,210240
473,26,210250
474,7,210255
475,17,210260
476,15,210270
477,12,210275
478,59,210280
479,29,210290
480,91,210300
481,13,210310
482,8,210312
483,9,210315
484,16,210317
485,109,210320
486,54,210325
487,148,210330
488,58,210340
489,128,210350
490,10,210355
491,22,210360
492,54,210370
493,5,210375
494,32,210380
495,23,210390
496,70,210400
497,91,210405
498,54,210407
499,14,210408
500,33,210409
501,38,210410
502,33,210420
503,2,210430
504,58,210440
505,27,210450
506,8,210455
507,52,210460
508,22,210462
509,6,210465
510,65,210467
511,10,210470
512,281,210480
513,45,210490
514,12,210500
515,31,210510
516,28,210515
517,34,210520
518,229,210530
519,61,210535
520,90,210540
521,144,210542
522,7,210545
523,22,210547
524,65,210550
525,68,210560
526,12,210565
527,140,210570
528,20,210580
529,17,210594
530,48,210590
531,18,210592
532,11,210596
533,6,210598
534,136,210600
535,31,210610
536,7,210620
537,28,210630
538,35,210632
539,3,210635
540,41,210637
541,21,210640
542,43,210650
543,126,210660
544,10,210663
545,10,210667
546,34,210670
547,50,210675
548,39,210680
549,50,210690
550,21,210700
551,20,210710
552,44,210720
553,24,210725
554,2,210730
555,49,210735
556,21,210740
557,32,210745
558,36,210750
559,46,210760
560,71,210770
561,23,210780
562,68,210790
563,41,210800
564,51,210805
565,36,210810
566,170,210820
567,51,210825
568,52,210830
569,30,210840
570,19,210845
571,99,210850
572,139,210860
573,73,210870
574,27,210880
575,87,210890
576,125,210900
577,4,210905
578,182,210910
579,15,210920
580,5,210923
581,23,210927
582,45,210930
583,21,210940
584,11,210945
585,63,210950
586,5,210955
587,64,210960
588,6,210970
589,8,210975
590,71,210980
591,217,210990
592,138,211000
593,23,211003
594,24,211010
595,20,211020
596,87,211023
597,32,211027
598,30,211030
599,30,211040
600,50,211050
601,64,211060
602,22,211065
603,78,211070
604,17,211080
605,37,211085
606,29,211090
607,39,211100
608,20,211102
609,10,211105
610,58,211107
611,68,211110
612,86,211120
613,6,211125
614,513,211130
615,22,211140
616,66,211150
617,4,211153
618,5,211157
619,70,211160
620,17,211163
621,3,211167
622,24,211170
623,15,211172
624,36,211174
625,12,211176
626,44,211178
627,62,211180
628,31,211190
629,41,211195
630,23,211200
631,138,211210
632,105,211220
633,135,211223
634,25,211227
635,877,211230
636,32,211240
637,12,211245
638,87,211250
639,51,211260
640,68,211270
641,73,211280
642,6,211285
643,78,211290
644,79,211300
645,157,211400
646,37,220005
647,4,220010
648,53,220020
649,10,220025
650,2,220027
651,18,220030
652,92,220040
653,13,220045
654,88,220050
655,10,220060
656,16,220070
657,5,220080
658,13,220090
659,1,220095
660,4,220100
661,1,220105
662,11,220110
663,5,220115
664,3,220117
665,79,220120
666,4,220130
667,5,220140
668,64,220150
669,2,220155
670,1,220157
671,15,220160
672,7,220170
673,9,220173
674,8,220177
675,29,220180
676,116,220190
677,6,220191
678,22,220192
679,27,220194
680,5,220196
681,4,220198
682,15,220200
683,3,220202
684,22,220205
685,8,220207
686,6,220208
687,3,220209
688,4,220210
689,3,220211
690,5,220213
691,9,220217
692,181,220220
693,44,220230
694,10,220240
695,2,220245
696,20,220250
697,2,220253
698,48,220260
699,6,220265
700,26,220270
701,25,220271
702,4,220272
703,2,220273
704,9,220275
705,17,220277
706,19,220285
707,61,220290
708,3,220300
709,51,220310
710,35,220320
711,28,220323
712,67,220327
713,2,220325
714,23,220330
715,10,220335
716,3,220340
717,24,220345
718,1,220342
719,68,220350
720,1,220360
721,83,220370
722,14,220375
723,2,220380
724,7,220385
725,88,220390
726,5,220400
727,4,220410
728,1,220415
729,4,220420
730,16,220430
731,4,220435
732,10,220440
733,68,220450
734,4,220455
735,8,220460
736,9,220465
737,28,220470
738,4,220480
739,3,220490
740,5,220500
741,47,220510
742,7,220515
743,13,220520
744,3,220525
745,16,220527
746,8,220530
747,5,220535
748,33,220540
749,8,220545
750,51,220550
751,4,220551
752,7,220552
753,15,220553
754,5,220555
755,3,220557
756,7,220556
757,1,220558
758,13,220559
759,9,220554
760,2,220560
761,15,220570
762,46,220580
763,1,220585
764,9,220590
765,3,220595
766,4,220600
767,5,220605
768,4,220610
769,101,220620
770,5,220635
771,3,220640
772,37,220650
773,19,220660
774,8,220665
775,11,220667
776,5,220669
777,4,220670
778,5,220672
779,19,220675
780,1,220680
781,1,220795
782,5,220690
783,4,220695
784,91,220700
785,2,220710
786,1,220720
787,8,220730
788,1,220735
789,16,220740
790,3,220750
791,92,220760
792,223,220770
793,1,220775
794,4,220777
795,8,220779
796,52,220780
797,2,220785
798,101,220790
799,2,220793
800,51,220800
801,17,220810
802,11,220820
803,22,220830
804,34,220840
805,16,220850
806,3,220860
807,12,220865
808,30,220870
809,78,220880
810,5,220885
811,2,220887
812,2,220900
813,3,220910
814,1,220915
815,1,220920
816,21,220930
817,6,220937
818,1,220935
819,5,220940
820,10,220950
821,23,220955
822,5,220960
823,2,220965
824,4,220970
825,2,220980
826,5,220985
827,1,220987
828,13,220990
829,12,220995
830,10,220997
831,42,221000
832,3,221005
833,3,221010
834,1,221020
835,8,221030
836,29,221035
837,17,221040
838,11,221050
839,184,221060
840,3,221062
841,3,221063
842,17,221065
843,2,221070
844,20,221080
845,2,221090
846,5,221093
847,9,221095
848,3,221097
849,620,221100
850,71,221110
851,66,221120
852,89,221130
853,12,221135
854,4,221140
855,1,221160
856,11,230010
857,11,230015
858,37,230020
859,49,230030
860,4,230040
861,7,230050
862,12,230060
863,10,230070
864,19,230075
865,7,230080
866,3,230090
867,42,230100
868,70,230110
869,77,230120
870,10,230125
871,24,230130
872,7,230140
873,6,230150
874,32,230160
875,48,230170
876,4,230180
877,10,230185
878,90,230190
879,11,230195
880,37,230200
881,16,230205
882,62,230210
883,29,230220
884,22,230230
885,51,230240
886,152,230250
887,107,230260
888,43,230270
889,48,230280
890,34,230290
891,7,230300
892,12,230310
893,63,230320
894,13,230330
895,23,230340
896,64,230350
897,4,230360
898,7,230365
899,118,230370
900,42,230380
901,26,230390
902,8,230393
903,9,230395
904,13,230400
905,95,230410
906,157,230420
907,7,230423
908,27,230425
909,22,230426
910,3,230427
911,17,230428
912,23,230430
913,6,230435
914,1830,230440
915,9,230445
916,4,230450
917,14,230460
918,7,230465
919,19,230470
920,1,230480
921,13,230490
922,12,230495
923,26,230500
924,3,230510
925,10,230520
926,25,230523
927,4,230526
928,15,230530
929,7,230533
930,3,230535
931,55,230540
932,102,230550
933,20,230560
934,32,230565
935,5,230570
936,35,230580
937,73,230590
938,13,230600
939,7,230610
940,9,230620
941,33,230625
942,58,230630
943,70,230640
944,21,230650
945,28,230655
946,5,230660
947,1,230670
948,4,230680
949,18,230690
950,62,230700
951,17,230710
952,14,230720
953,11,230725
954,217,230730
955,8,230740
956,57,230750
957,40,230760
958,7,230763
959,222,230765
960,80,230770
961,28,230780
962,6,230790
963,13,230800
964,79,230810
965,12,230820
966,19,230830
967,12,230835
968,6,230837
969,92,230840
970,37,230850
971,36,230860
972,48,230870
973,3,230880
974,6,230890
975,15,230900
976,6,230910
977,44,230920
978,52,230930
979,32,230940
980,14,230945
981,40,230950
982,31,230960
983,54,230970
984,27,230980
985,6,230990
986,37,231000
987,4,231010
988,20,231020
989,9,231025
990,41,231030
991,5,231040
992,53,231050
993,12,231060
994,26,231070
995,11,231080
996,9,231085
997,10,231090
998,4,231095
999,10,231100
1000,37,231110
1001,4,231120
1002,1,231123
1003,4,231126
1004,49,231130
1005,26,231135
1006,86,231140
1007,17,231150
1008,101,231160
1009,13,231170
1010,417,231180
1011,6,231190
1012,3,231195
1013,32,231220
1014,16,231200
1015,17,231210
1016,44,231230
1017,19,231240
1018,6,231250
1019,36,231270
1020,2,231280
1021,123,231290
1022,9,231300
1023,23,231310
1024,20,231320
1025,5,231325
1026,120,231330
1027,4,231335
1028,38,231340
1029,30,231350
1030,10,231355
1031,32,231360
1032,20,231370
1033,7,231375
1034,9,231380
1035,6,231390
1036,12,231395
1037,53,231400
1038,100,231410
1039,34,240010
1040,46,240020
1041,2,240030
1042,1,240040
1043,21,240050
1044,8,240060
1045,13,240070
1046,13,240080
1047,5,240090
1048,23,240100
1049,33,240110
1050,10,240120
1051,5,240130
1052,9,240140
1053,13,240145
1054,3,240150
1055,12,240160
1056,2,240165
1057,5,240170
1058,14,240180
1059,2,240185
1060,7,240190
1061,80,240200
1062,5,240210
1063,54,240220
1064,39,240230
1065,4,240240
1066,7,240250
1067,58,240260
1068,11,240270
1069,3,240280
1070,2,240290
1071,2,240300
1072,45,240310
1073,2,240320
1074,3,240330
1075,11,240340
1076,7,240350
1077,25,240360
1078,3,240370
1079,2,240375
1080,7,240380
1081,2,240390
1082,8,240400
1083,17,240420
1084,5,240430
1085,5,240440
1086,22,240450
1087,9,240460
1088,6,240470
1089,11,240485
1090,3,240490
1091,2,240500
1092,9,240510
1093,3,240520
1094,12,240530
1095,6,240540
1096,5,240550
1097,20,240560
1098,14,240570
1099,38,240580
1100,1,240600
1101,32,240610
1102,3,240615
1103,5,240630
1104,6,240640
1105,13,240650
1106,3,240660
1107,21,240670
1108,2,240680
1109,1,240690
1110,1,240700
1111,54,240710
1112,19,240720
1113,10,240725
1114,1,240730
1115,11,240740
1116,9,240750
1117,2,240760
1118,10,240770
1119,24,240780
1120,2,240790
1121,169,240800
1122,1140,240810
1123,13,240820
1124,27,240830
1125,1,240840
1126,8,240850
1127,2,240860
1128,1,240880
1129,22,240890
1130,120,240325
1131,4,240910
1132,1,240920
1133,5,240930
1134,21,240940
1135,3,240950
1136,5,240960
1137,2,240970
1138,6,240980
1139,24,240990
1140,12,241010
1141,10,241020
1142,3,241025
1143,4,241040
1144,1,241050
1145,5,241060
1146,1,241070
1147,4,241080
1148,3,241090
1149,8,240895
1150,2,241100
1151,3,241110
1152,25,241120
1153,7,241140
1154,25,241150
1155,1,241160
1156,2,241170
1157,2,241180
1158,5,241190
1159,89,241200
1160,5,241210
1161,15,241220
1162,13,241230
1163,3,241240
1164,31,241250
1165,3,241255
1166,30,241260
1167,11,241270
1168,9,241280
1169,3,241290
1170,9,241300
1171,6,241310
1172,3,241320
1173,7,241030
1174,8,241330
1175,1,241335
1176,7,241340
1177,10,241350
1178,4,241355
1179,7,241360
1180,1,241370
1181,3,241380
1182,10,241390
1183,19,241400
1184,4,241410
1185,4,241415
1186,4,241420
1187,4,241430
1188,29,241440
1189,2,241445
1190,6,241450
1191,9,241460
1192,7,241470
1193,2,241475
1194,6,241480
1195,3,241490
1196,4,241500
1197,8,250010
1198,6,250020
1199,22,250030
1200,37,250040
1201,7,250050
1202,7,250053
1203,1,250057
1204,7,250060
1205,1,250073
1206,3,250077
1207,5,250080
1208,16,250090
1209,3,250100
1210,14,250110
1211,13,250120
1212,41,250130
1213,8,250135
1214,6,250140
1215,30,250150
1216,3,250153
1217,10,250160
1218,12,250157
1219,6,250170
1220,114,250180
1221,6,250190
1222,7,250200
1223,6,250205
1224,7,250210
1225,5,250215
1226,3,250220
1227,3,250230
1228,16,250240
1229,25,250250
1230,6,250270
1231,16,250280
1232,8,250290
1233,37,250300
1234,6,250310
1235,73,250320
1236,13,250330
1237,1,250340
1238,9,250350
1239,7,250355
1240,17,250360
1241,76,250370
1242,6,250375
1243,9,250380
1244,3,250390
1245,742,250400
1246,8,250403
1247,16,250407
1248,1,250410
1249,36,250415
1250,4,250420
1251,27,250430
1252,6,250435
1253,28,250440
1254,4,250450
1255,29,250460
1256,16,250470
1257,16,250480
1258,2,250485
1259,29,250490
1260,6,250500
1261,48,250510
1262,4,250523
1263,1,250520
1264,1,250527
1265,10,250535
1266,12,250540
1267,7,250560
1268,2,250580
1269,5,250590
1270,61,250600
1271,18,250610
1272,5,250620
1273,9,250625
1274,34,250630
1275,7,250640
1276,1,250650
1277,10,250660
1278,6,250260
1279,8,250670
1280,64,250680
1281,23,250690
1282,29,250700
1283,3,250710
1284,8,250720
1285,7,250730
1286,5,250740
1287,924,250750
1288,7,251365
1289,15,250760
1290,34,250770
1291,6,250780
1292,8,250790
1293,2,250800
1294,3,250810
1295,7,250820
1296,62,250830
1297,3,250840
1298,17,250850
1299,7,250860
1300,7,250870
1301,3,250880
1302,23,250890
1303,5,250900
1304,4,250905
1305,15,250910
1306,5,250915
1307,18,250920
1308,2,250930
1309,3,250933
1310,3,250937
1311,8,250939
1312,14,250940
1313,12,250950
1314,2,250960
1315,15,250970
1316,9,250980
1317,5,250990
1318,2,251000
1319,8,251010
1320,5,251020
1321,4,251030
1322,11,251040
1323,2,251050
1324,1,251060
1325,2,251065
1326,2,251070
1327,88,251080
1328,37,251090
1329,8,251110
1330,20,251120
1331,5,251272
1332,43,251130
1333,24,251140
1334,5,251150
1335,4,251160
1336,2,251170
1337,3,251180
1338,4,251190
1339,15,251200
1340,7,251203
1341,16,251207
1342,55,251210
1343,8,251230
1344,16,251240
1345,66,251250
1346,2,251260
1347,10,251270
1348,3,251274
1349,8,251275
1350,4,251276
1351,2,251278
1352,5,251280
1353,6,251290
1354,5,251300
1355,9,251310
1356,5,251315
1357,8,251320
1358,15,251330
1359,4,251335
1360,25,251340
1361,264,251370
1362,4,251380
1363,3,251350
1364,15,251360
1365,7,251385
1366,2,251392
1367,21,251390
1368,2,251396
1369,3,251394
1370,3,251398
1371,12,251400
1372,14,250070
1373,2,251410
1374,2,251420
1375,4,251430
1376,5,251440
1377,44,251450
1378,1,251455
1379,2,251460
1380,3,251470
1381,2,251480
1382,3,251445
1383,11,251490
1384,5,251500
1385,12,251510
1386,6,251520
1387,17,251540
1388,76,251530
1389,24,251550
1390,10,251580
1391,9,251590
1392,3,251593
1393,5,251597
1394,135,251600
1395,8,251610
1396,2,251615
1397,48,251620
1398,46,251630
1399,28,251650
1400,7,251660
1401,5,251670
1402,3,251675
1403,11,251680
1404,167,251690
1405,6,251700
1406,3,251720
1407,6,250550
1408,1,251740
1409,90,260005
1410,60,260010
1411,17,260020
1412,97,260030
1413,41,260040
1414,27,260050
1415,9,260060
1416,28,260070
1417,27,260080
1418,26,260090
1419,16,260100
1420,15,260105
1421,259,260110
1422,104,260120
1423,29,260130
1424,25,260140
1425,7,260150
1426,24,260160
1427,79,260170
1428,8,260180
1429,23,260190
1430,25,260200
1431,60,260210
1432,27,260220
1433,48,260230
1434,11,260240
1435,8,260250
1436,23,260260
1437,7,260270
1438,137,260280
1439,135,260290
1440,33,260300
1441,26,260310
1442,28,260320
1443,7,260330
1444,15,260340
1445,151,260345
1446,20,260350
1447,8,260360
1448,36,260370
1449,21,260380
1450,22,260390
1451,24,260392
1452,42,260400
1453,200,260410
1454,12,260415
1455,37,260420
1456,22,260430
1457,14,260440
1458,33,260450
1459,20,260460
1460,18,260470
1461,19,260480
1462,14,260490
1463,33,260500
1464,26,260510
1465,8,260515
1466,57,260520
1467,13,260530
1468,22,260540
1469,1,260545
1470,4,260550
1471,27,260560
1472,32,260570
1473,14,260580
1474,35,260590
1475,146,260600
1476,18,260610
1477,101,260620
1478,2,260630
1479,81,260640
1480,45,260650
1481,21,260660
1482,11,260670
1483,84,260680
1484,15,260690
1485,8,260760
1486,6,260700
1487,5,260710
1488,62,260720
1489,33,260730
1490,3,260740
1491,18,260750
1492,32,260765
1493,6,260770
1494,25,260775
1495,8,260780
1496,554,260790
1497,16,260795
1498,30,260800
1499,8,260805
1500,26,260810
1501,11,260820
1502,14,260825
1503,24,260830
1504,12,260840
1505,12,260850
1506,15,260845
1507,29,260860
1508,6,260870
1509,6,260875
1510,48,260880
1511,52,260890
1512,33,260900
1513,14,260910
1514,6,260915
1515,8,260920
1516,20,260930
1517,3,261430
1518,47,260940
1519,24,260950
1520,380,260960
1521,18,260970
1522,6,260980
1523,50,260990
1524,69,261000
1525,13,261010
1526,29,261020
1527,12,261030
1528,35,261040
1529,21,261050
1530,36,261060
1531,218,261070
1532,19,261080
1533,155,261090
1534,24,261100
1535,151,261110
1536,3,261120
1537,44,261130
1538,12,261140
1539,20,261150
1540,7,261153
1541,1326,261160
1542,40,261170
1543,23,261180
1544,24,261190
1545,13,261200
1546,4,261210
1547,111,261220
1548,30,261230
1549,18,261240
1550,20,261245
1551,15,261247
1552,34,261250
1553,9,261255
1554,23,261260
1555,12,261270
1556,7,261280
1557,9,261290
1558,68,261300
1559,65,261310
1560,24,261320
1561,31,261330
1562,16,261340
1563,67,261350
1564,29,261360
1565,129,261370
1566,27,261380
1567,263,261390
1568,18,261400
1569,44,261410
1570,41,261420
1571,8,261440
1572,108,261450
1573,28,261460
1574,8,261470
1575,2,261480
1576,37,261485
1577,13,261500
1578,9,261510
1579,22,261520
1580,38,261530
1581,22,261540
1582,15,261550
1583,12,261560
1584,51,261570
1585,21,261580
1586,5,261590
1587,7,261600
1588,22,261610
1589,24,261618
1590,10,261620
1591,15,261630
1592,444,261640
1593,11,261650
1594,30,270010
1595,7,270020
1596,218,270030
1597,31,270040
1598,4,270050
1599,9,270070
1600,8,270080
1601,38,270100
1602,6,270110
1603,6,270120
1604,19,270130
1605,3,270135
1606,34,270140
1607,3,270150
1608,23,270170
1609,1,270180
1610,3,270190
1611,7,270200
1612,14,270210
1613,119,270230
1614,10,270235
1615,106,270240
1616,5,270250
1617,25,270255
1618,14,270260
1619,16,270270
1620,21,270280
1621,25,270290
1622,9,270300
1623,38,270310
1624,12,270320
1625,6,270330
1626,5,270340
1627,8,270350
1628,8,270360
1629,1,270370
1630,11,270375
1631,26,270380
1632,2,270390
1633,62,270400
1634,10,270410
1635,12,270420
1636,381,270430
1637,12,270440
1638,4,270490
1639,8,270450
1640,4,270460
1641,22,270470
1642,10,270480
1643,35,270500
1644,29,270510
1645,4,270520
1646,10,270530
1647,4,270540
1648,10,270550
1649,4,270560
1650,4,270570
1651,6,270580
1652,3,270590
1653,2,270600
1654,2,270610
1655,5,270620
1656,168,270630
1657,27,270640
1658,21,270642
1659,6,270644
1660,5,270650
1661,6,270660
1662,52,270670
1663,14,270680
1664,111,270690
1665,2,270700
1666,51,270710
1667,69,270730
1668,6,270740
1669,11,270750
1670,53,270760
1671,53,270770
1672,3,270780
1673,1,270790
1674,8,270800
1675,5,270820
1676,46,270830
1677,16,270840
1678,21,270850
1679,106,270860
1680,3,270870
1681,26,270880
1682,5,270890
1683,5,270895
1684,8,270900
1685,15,270910
1686,62,270915
1687,7,270920
1688,52,270930
1689,38,270940
1690,123,280020
1691,255,280030
1692,8,280040
1693,9,280050
1694,8,280060
1695,12,280067
1696,8,280100
1697,2,280110
1698,7,280120
1699,117,280130
1700,10,280140
1701,12,280150
1702,2,280160
1703,12,280170
1704,1,280190
1705,11,280200
1706,107,280210
1707,2,280220
1708,4,280230
1709,5,280240
1710,1,280250
1711,2,280260
1712,3,280270
1713,26,280280
1714,39,280290
1715,17,280300
1716,8,280320
1717,4,280330
1718,5,280340
1719,123,280350
1720,15,280360
1721,4,280370
1722,2,280380
1723,15,280390
1724,9,280400
1725,8,280410
1726,2,280420
1727,6,280430
1728,7,280440
1729,1,280445
1730,11,280450
1731,15,280460
1732,3,280470
1733,136,280480
1734,6,280490
1735,1,280500
1736,6,280510
1737,3,280520
1738,3,280530
1739,4,280540
1740,8,280550
1741,4,280560
1742,19,280570
1743,8,280580
1744,67,280590
1745,4,280600
1746,11,280620
1747,9,280630
1748,12,280650
1749,6,280660
1750,84,280670
1751,8,280680
1752,2,280690
1753,1,280700
1754,28,280710
1755,4,280720
1756,1,280730
1757,17,280740
1758,12,280750
1759,42,280760
1760,1,290010
1761,27,290020
1762,9,290030
1763,4,290035
1764,14,290040
1765,4,290060
1766,254,290070
1767,32,290080
1768,2,290090
1769,86,290100
1770,28,290110
1771,33,290115
1772,21,290120
1773,24,290130
1774,10,290135
1775,4,290140
1776,3,290150
1777,67,290160
1778,3,290170
1779,20,290180
1780,7,290190
1781,7,290195
1782,9,290205
1783,25,290200
1784,47,290210
1785,14,290220
1786,15,290225
1787,30,290230
1788,35,290240
1789,12,290250
1790,33,290260
1791,2,290265
1792,75,290270
1793,42,290280
1794,44,290290
1795,270,290300
1796,12,290310
1797,77,290320
1798,303,290323
1799,8,290330
1800,25,290327
1801,95,290340
1802,28,290350
1803,16,290360
1804,20,290370
1805,13,290380
1806,102,290390
1807,23,290395
1808,33,290400
1809,10,290405
1810,67,290410
1811,12,290420
1812,22,290430
1813,7,290440
1814,17,290450
1815,66,290460
1816,13,290470
1817,9,290475
1818,11,290480
1819,10,290485
1820,103,290490
1821,65,290500
1822,17,290510
1823,8,290515
1824,68,290520
1825,23,290530
1826,19,290540
1827,4,290550
1828,60,290560
1829,90,290570
1830,12,290580
1831,66,290590
1832,149,290600
1833,35,290610
1834,33,290620
1835,53,290630
1836,6,290640
1837,46,290650
1838,6,290660
1839,53,290670
1840,87,290680
1841,26,290682
1842,3,290685
1843,53,290687
1844,6,290689
1845,36,290690
1846,1,290700
1847,71,290710
1848,50,290720
1849,36,290730
1850,1,290740
1851,22,290750
1852,11,290755
1853,27,290760
1854,22,290780
1855,19,290790
1856,23,290800
1857,40,290810
1858,20,290820
1859,19,290830
1860,197,290840
1861,23,290850
1862,13,290860
1863,15,290870
1864,3,290880
1865,26,290890
1866,28,290900
1867,54,290910
1868,6,290920
1869,14,290930
1870,2,290940
1871,12,290950
1872,22,290960
1873,43,290970
1874,35,290980
1875,23,290990
1876,12,291000
1877,27,291005
1878,6,291010
1879,2,291020
1880,40,291030
1881,45,291040
1882,43,291050
1883,47,290050
1884,50,291060
1885,87,291070
1886,196,291072
1887,2,291075
1888,5,291077
1889,244,291080
1890,12,291085
1891,11,291090
1892,5,291100
1893,14,291110
1894,88,291120
1895,8,291125
1896,68,291130
1897,18,291140
1898,17,291150
1899,16,291160
1900,7,291165
1901,71,291170
1902,37,291180
1903,2,291185
1904,37,291190
1905,30,291200
1906,28,291210
1907,11,291220
1908,39,291230
1909,23,291240
1910,16,291250
1911,2,291260
1912,78,291270
1913,6,291280
1914,252,291290
1915,42,291300
1916,65,291310
1917,45,291320
1918,1,291330
1919,8,291340
1920,27,291345
1921,89,291350
1922,227,291360
1923,39,291370
1924,9,291380
1925,127,291390
1926,22,291400
1927,12,291410
1928,72,291420
1929,40,291430
1930,314,291440
1931,17,291450
1932,41,291460
1933,132,291465
1934,33,291470
1935,157,291480
1936,18,291490
1937,6,291500
1938,25,291510
1939,15,291520
1940,9,291530
1941,17,291535
1942,7,291540
1943,15,291550
1944,123,291560
1945,31,291570
1946,171,291580
1947,1,291590
1948,67,291600
1949,50,291610
1950,11,291620
1951,15,291630
1952,200,291640
1953,20,291650
1954,22,291660
1955,21,291670
1956,27,291680
1957,20,291685
1958,95,291690
1959,66,291700
1960,105,291710
1961,19,291720
1962,123,291730
1963,16,291733
1964,7,291735
1965,41,291740
1966,202,291750
1967,178,291760
1968,53,291770
1969,44,291780
1970,6,291790
1971,151,291800
1972,36,291810
1973,76,291820
1974,28,291830
1975,44,291835
1976,198,291840
1977,4,291845
1978,46,291850
1979,11,291860
1980,4,291870
1981,4,291875
1982,33,291880
1983,6,291890
1984,3,291900
1985,24,291905
1986,3,291910
1987,27,291915
1988,110,291920
1989,48,291930
1990,18,291940
1991,75,291950
1992,12,291955
1993,13,291960
1994,31,291970
1995,81,291980
1996,7,291990
1997,19,291992
1998,5,291995
1999,40,292000
2000,52,292010
2001,28,292020
2002,1,292030
2003,11,292040
2004,1,292045
2005,150,292050
2006,32,292060
2007,19,292070
2008,1,292080
2009,24,292090
2010,32,292100
2011,19,292105
2012,100,292110
2013,74,292120
2014,36,292130
2015,15,292140
2016,7,292145
2017,61,292150
2018,4,292160
2019,103,292170
2020,29,292180
2021,27,292190
2022,70,292200
2023,28,292205
2024,28,292210
2025,25,292220
2026,5,292225
2027,35,292230
2028,117,292240
2029,143,292250
2030,16,292260
2031,21,292265
2032,59,292270
2033,8,292273
2034,7,292275
2035,21,292280
2036,1,292285
2037,26,292290
2038,68,292300
2039,17,292303
2040,43,292305
2041,111,292310
2042,32,292320
2043,9,292330
2044,28,292335
2045,48,292340
2046,26,292350
2047,50,292360
2048,183,292370
2049,1,292380
2050,16,292390
2051,132,292400
2052,5,292405
2053,5,292410
2054,4,292420
2055,41,292430
2056,8,292440
2057,12,292450
2058,73,292460
2059,11,292465
2060,9,292467
2061,19,292470
2062,77,292480
2063,35,292490
2064,74,292500
2065,258,292510
2066,8,292520
2067,77,292525
2068,82,292530
2069,9,292540
2070,31,292550
2071,14,292560
2072,2,292570
2073,34,292575
2074,37,292580
2075,14,292590
2076,7,292593
2077,14,292595
2078,3,292600
2079,51,292610
2080,102,292620
2081,49,292630
2082,38,292640
2083,20,292650
2084,40,292660
2085,27,292665
2086,7,292670
2087,12,292680
2088,43,292690
2089,35,292700
2090,1,292710
2091,162,292720
2092,18,292730
2093,1541,292740
2094,10,292760
2095,18,292770
2096,5,292780
2097,33,292790
2098,8,292805
2099,49,292810
2100,65,292840
2101,14,292850
2102,80,292800
2103,91,292820
2104,3,292830
2105,39,292860
2106,123,292870
2107,25,292880
2108,10,292890
2109,20,292895
2110,30,292910
2111,26,292900
2112,36,292905
2113,13,292920
2114,55,292925
2115,46,292930
2116,8,292935
2117,17,292937
2118,8,292940
2119,36,292950
2120,23,292960
2121,8,292970
2122,2,292975
2123,17,292980
2124,38,292990
2125,36,293000
2126,138,293010
2127,23,293020
2128,325,293015
2129,84,293030
2130,14,293040
2131,111,293050
2132,12,293060
2133,68,293070
2134,31,293075
2135,35,293076
2136,11,293077
2137,75,293080
2138,24,293090
2139,9,293100
2140,14,293105
2141,7,293110
2142,42,293120
2143,23,293130
2144,152,293135
2145,1,293140
2146,17,293150
2147,50,293160
2148,4,293170
2149,27,293180
2150,35,293190
2151,70,293200
2152,132,293210
2153,135,293220
2154,65,293230
2155,102,293240
2156,6,293245
2157,32,293250
2158,47,293260
2159,13,293270
2160,25,293280
2161,186,293290
2162,36,293300
2163,9,293305
2164,30,293310
2165,13,293315
2166,7,293317
2167,69,293320
2168,21,293325
2169,271,293330
2170,34,293340
2171,18,293345
2172,80,293350
2173,402,293360
2174,8,310010
2175,62,310020
2176,30,310030
2177,5,310040
2178,7,310050
2179,95,310060
2180,4,310070
2181,7,310080
2182,91,310090
2183,13,310100
2184,131,310110
2185,33,310120
2186,5,310130
2187,2,310140
2188,80,310150
2189,138,310160
2190,9,310163
2191,112,310170
2192,3,310180
2193,105,310190
2194,46,310200
2195,7,310205
2196,17,315350
2197,38,310210
2198,8,310220
2199,70,310230
2200,9,310240
2201,3,310250
2202,57,310260
2203,10,310280
2204,13,310285
2205,24,310290
2206,5,310300
2207,3,310310
2208,14,310320
2209,6,310330
2210,64,310340
2211,144,310350
2212,1,310360
2213,9,310370
2214,6,310375
2215,6,310380
2216,4,310390
2217,109,310400
2218,2,310410
2219,83,310420
2220,18,310430
2221,4,310440
2222,11,310445
2223,30,310450
2224,22,310460
2225,65,310470
2226,6,310480
2227,125,310490
2228,6,310500
2229,58,310510
2230,5,310520
2231,17,310530
2232,41,310540
2233,3,310550
2234,180,310560
2235,8,310570
2236,105,310590
2237,15,310600
2238,3,310610
2239,2872,310620
2240,23,310630
2241,33,310640
2242,21,310650
2243,1,310665
2244,29,310660
2245,229,310670
2246,2,310680
2247,47,310690
2248,2,310700
2249,93,310710
2250,2,310720
2251,53,310730
2252,123,310740
2253,19,310750
2254,6,310760
2255,7,310770
2256,57,310780
2257,5,310790
2258,55,310800
2259,6,310810
2260,3,310825
2261,7,310830
2262,33,310840
2263,7,310850
2264,6,310870
2265,4,310855
2266,60,310860
2267,9,310880
2268,58,310890
2269,63,310900
2270,41,310910
2271,4,310920
2272,4,310925
2273,58,310930
2274,9,310940
2275,8,310945
2276,56,310950
2277,8,310960
2278,1,310970
2279,27,310270
2280,4,310980
2281,81,310990
2282,84,311000
2283,19,311010
2284,12,311020
2285,39,311030
2286,9,311040
2287,62,311050
2288,59,311060
2289,64,311070
2290,13,311080
2291,21,311090
2292,156,311100
2293,47,311110
2294,5,311115
2295,170,311120
2296,21,311130
2297,3,311140
2298,31,311150
2299,56,311160
2300,17,311190
2301,7,311170
2302,37,311180
2303,89,311200
2304,8,311205
2305,16,311210
2306,5,311220
2307,101,311230
2308,35,311240
2309,9,311250
2310,30,311260
2311,2,311265
2312,6,311270
2313,22,311280
2314,6,311290
2315,42,311300
2316,3,311310
2317,32,311320
2318,119,311330
2319,55,311340
2320,19,311350
2321,6,311360
2322,76,311370
2323,14,311380
2324,35,311390
2325,11,311400
2326,28,311410
2327,8,311420
2328,88,311430
2329,71,311440
2330,33,311450
2331,4,311455
2332,9,311460
2333,12,311470
2334,9,311480
2335,4,311490
2336,4,311500
2337,146,311510
2338,208,311530
2339,6,311535
2340,5,311540
2341,13,311545
2342,5,311547
2343,80,311550
2344,3,311560
2345,75,311570
2346,6,311580
2347,4,311590
2348,3,311600
2349,13,311610
2350,6,311615
2351,3,311620
2352,37,311630
2353,7,311650
2354,59,311660
2355,28,311670
2356,123,311680
2357,1,311690
2358,11,311700
2359,61,311710
2360,5,311520
2361,27,311730
2362,1,311720
2363,2,311740
2364,26,311750
2365,2,311760
2366,32,311770
2367,4,311780
2368,1,311783
2369,2,311787
2370,7,311790
2371,68,311800
2372,8,311810
2373,20,311820
2374,326,311830
2375,68,311840
2376,5,311850
2377,462,311860
2378,4,311870
2379,23,311880
2380,17,311890
2381,8,311900
2382,13,311910
2383,7,311920
2384,100,311930
2385,125,311940
2386,3,311950
2387,2,311960
2388,13,311970
2389,18,311980
2390,14,311990
2391,7,311995
2392,2,312000
2393,8,312010
2394,13,312015
2395,22,312020
2396,15,312030
2397,5,312040
2398,77,312050
2399,6,312060
2400,4,312070
2401,46,312080
2402,15,312083
2403,11,312087
2404,91,312090
2405,12,312100
2406,4,312110
2407,13,312120
2408,3,312125
2409,11,312130
2410,49,312140
2411,4,312150
2412,74,312160
2413,2,312170
2414,9,312180
2415,4,312190
2416,64,312200
2417,44,312210
2418,41,312220
2419,109,312230
2420,15,312235
2421,4,312240
2422,5,312245
2423,1,312247
2424,7,312250
2425,16,312260
2426,14,312270
2427,6,312280
2428,6,312290
2429,27,312300
2430,10,312310
2431,64,312320
2432,4,312330
2433,7,312340
2434,2,312352
2435,23,312360
2436,18,312370
2437,13,312380
2438,3,312385
2439,66,312390
2440,91,312400
2441,87,312410
2442,107,312420
2443,64,312430
2444,3,312440
2445,25,312450
2446,4,312460
2447,7,312470
2448,6,312480
2449,88,312490
2450,5,312500
2451,6,312510
2452,5,312520
2453,18,312530
2454,12,312540
2455,34,312560
2456,8,312570
2457,12,312580
2458,17,312590
2459,32,312595
2460,136,312610
2461,2,312620
2462,10,312630
2463,4,312640
2464,6,312650
2465,5,312660
2466,27,312670
2467,7,312675
2468,5,312680
2469,9,312690
2470,13,312695
2471,5,312700
2472,18,312705
2473,7,312707
2474,112,312710
2475,1,312720
2476,9,312730
2477,12,312733
2478,10,312735
2479,6,312737
2480,7,312738
2481,9,312740
2482,27,312750
2483,52,312760
2484,270,312770
2485,24,312780
2486,130,312800
2487,12,312810
2488,82,312820
2489,4,312825
2490,37,312830
2491,50,312840
2492,12,312850
2493,22,312860
2494,70,312870
2495,11,312880
2496,30,312890
2497,47,312900
2498,31,312910
2499,5,312920
2500,10,312930
2501,12,312940
2502,32,312950
2503,9,312960
2504,6,312965
2505,12,312970
2506,178,312980
2507,9,312990
2508,14,313000
2509,4,313005
2510,16,313010
2511,2,313020
2512,20,313030
2513,5,313040
2514,42,313050
2515,4,313055
2516,14,313060
2517,17,313065
2518,4,313070
2519,5,313080
2520,30,313090
2521,6,313100
2522,7,313110
2523,10,313115
2524,26,313120
2525,238,313130
2526,9,313140
2527,21,313150
2528,8,313160
2529,148,313170
2530,114,313180
2531,56,313190
2532,5,313200
2533,8,313210
2534,49,313220
2535,45,313230
2536,127,313240
2537,111,313250
2538,8,313260
2539,98,313270
2540,3,313280
2541,17,313290
2542,53,313300
2543,74,313310
2544,51,313320
2545,59,313330
2546,2,313340
2547,83,313350
2548,1,313360
2549,12,313370
2550,24,313375
2551,119,313380
2552,15,313390
2553,11,313400
2554,24,313410
2555,186,313420
2556,16,313430
2557,5,313440
2558,7,313450
2559,28,313460
2560,76,313470
2561,1,313480
2562,64,313490
2563,4,313500
2564,28,313505
2565,9,313507
2566,71,313510
2567,34,313520
2568,4,313530
2569,14,313535
2570,25,313540
2571,7,313545
2572,8,313550
2573,12,313560
2574,3,313570
2575,94,313580
2576,6,313590
2577,65,313600
2578,4,313610
2579,157,313620
2580,52,313630
2581,6,313640
2582,25,313650
2583,12,313652
2584,21,313655
2585,4,313657
2586,8,313665
2587,557,313670
2588,5,313680
2589,31,313690
2590,7,313695
2591,73,313700
2592,29,313710
2593,51,313720
2594,7,313730
2595,36,313740
2596,40,313750
2597,12,313753
2598,86,313760
2599,22,313770
2600,30,313780
2601,1,313790
2602,25,313800
2603,1,313810
2604,87,313820
2605,1,313830
2606,7,313835
2607,103,313840
2608,13,313850
2609,28,313860
2610,14,313865
2611,3,313867
2612,5,313868
2613,7,313870
2614,56,313880
2615,49,313890
2616,82,313900
2617,3,313910
2618,53,313920
2619,10,313925
2620,26,313930
2621,59,313940
2622,48,313950
2623,124,313960
2624,67,313980
2625,5,313970
2626,22,313990
2627,175,314000
2628,2,314010
2629,7,314015
2630,8,314020
2631,6,314030
2632,1,314040
2633,50,314050
2634,6,314053
2635,4,314055
2636,18,314060
2637,30,314070
2638,3,317150
2639,4,314080
2640,6,314085
2641,45,314090
2642,4,314100
2643,59,314110
2644,5,314120
2645,3,314130
2646,80,314140
2647,47,314150
2648,84,314160
2649,6,314170
2650,43,314180
2651,11,314190
2652,70,314200
2653,8,314210
2654,95,314220
2655,3,314225
2656,14,314230
2657,26,314240
2658,31,314260
2659,46,314270
2660,18,314280
2661,49,314290
2662,66,314300
2663,92,314310
2664,7,314315
2665,94,314320
2666,12,314340
2667,460,314330
2668,6,314345
2669,34,314350
2670,2,314360
2671,1,314370
2672,6,314380
2673,132,314390
2674,202,314400
2675,88,314410
2676,1,314420
2677,99,314430
2678,7,314435
2679,4,314437
2680,1,314440
2681,11,314450
2682,95,314460
2683,20,314465
2684,6,314467
2685,74,314470
2686,67,314480
2687,7,314490
2688,17,314500
2689,5,314505
2690,14,314510
2691,51,314520
2692,11,313660
2693,35,314530
2694,6,314535
2695,13,314537
2696,5,314540
2697,7,314545
2698,9,314550
2699,71,314560
2700,3,314570
2701,4,314580
2702,5,314585
2703,11,314587
2704,32,314590
2705,74,314600
2706,134,314610
2707,1,314620
2708,7,314625
2709,51,314630
2710,1,314655
2711,6,314640
2712,8,314650
2713,4,314660
2714,67,314670
2715,25,314675
2716,9,314690
2717,77,314710
2718,86,314700
2719,59,314720
2720,26,314730
2721,50,314740
2722,37,314760
2723,76,314770
2724,2,314780
2725,9,314750
2726,129,314790
2727,14,314795
2728,187,314800
2729,173,314810
2730,3,314820
2731,8,314830
2732,18,314840
2733,11,314850
2734,29,314860
2735,22,314870
2736,13,314875
2737,6,314880
2738,8,314890
2739,4,314900
2740,14,314910
2741,3,314920
2742,33,314930
2743,1,314940
2744,10,314950
2745,5,314960
2746,5,314970
2747,111,314980
2748,62,314990
2749,5,314995
2750,7,315000
2751,7,315010
2752,3,315020
2753,8,315030
2754,10,315040
2755,22,315050
2756,8,315053
2757,4,315057
2758,14,315060
2759,6,315070
2760,75,315080
2761,7,315090
2762,6,315100
2763,37,315110
2764,91,315120
2765,21,315130
2766,33,315140
2767,195,315150
2768,4,315160
2769,107,315170
2770,59,315180
2771,7,315190
2772,75,315200
2773,48,315210
2774,3,315213
2775,13,315217
2776,38,315220
2777,25,315230
2778,20,315240
2779,116,315250
2780,31,315260
2781,50,315270
2782,36,315280
2783,15,315290
2784,1,315300
2785,22,315310
2786,3,315320
2787,10,315330
2788,31,315340
2789,12,315360
2790,22,315370
2791,7,315380
2792,15,315390
2793,61,315400
2794,78,315410
2795,5,315415
2796,127,315420
2797,54,315430
2798,3,315440
2799,1,315445
2800,10,315450
2801,251,315460
2802,18,315470
2803,10,315480
2804,44,315490
2805,32,315510
2806,4,315500
2807,16,315520
2808,1,315530
2809,3,315540
2810,36,315550
2811,68,315560
2812,78,315570
2813,161,315580
2814,38,315590
2815,70,315600
2816,20,315610
2817,3,315620
2818,11,315630
2819,6,315640
2820,3,315645
2821,11,315650
2822,15,315660
2823,99,315670
2824,36,315680
2825,69,315690
2826,89,315700
2827,12,315710
2828,30,315720
2829,2,315725
2830,5,315727
2831,4,315730
2832,22,315733
2833,6,315737
2834,8,315740
2835,8,315750
2836,4,315760
2837,39,315765
2838,20,315770
2839,222,315780
2840,30,315790
2841,15,315800
2842,8,315810
2843,68,315820
2844,7,315920
2845,3,315940
2846,30,315930
2847,4,315935
2848,21,315950
2849,42,315960
2850,3,315970
2851,73,315980
2852,3,315830
2853,11,315840
2854,11,315850
2855,5,315860
2856,9,315870
2857,8,315880
2858,7,315890
2859,37,315895
2860,3,315900
2861,15,315910
2862,78,315990
2863,8,316000
2864,5,316010
2865,6,316020
2866,20,316030
2867,64,316040
2868,13,316045
2869,2,316050
2870,1,316060
2871,76,316070
2872,3,316080
2873,8,316090
2874,6,316095
2875,58,316100
2876,13,316105
2877,68,316110
2878,11,316120
2879,7,316140
2880,41,316150
2881,1,316160
2882,5,316165
2883,9,316170
2884,5,316180
2885,15,316190
2886,3,312550
2887,79,316200
2888,38,316210
2889,30,316220
2890,5,316225
2891,5,316230
2892,34,316240
2893,3,316245
2894,157,316250
2895,3,316255
2896,10,316257
2897,4,316260
2898,3,316265
2899,78,316270
2900,41,316280
2901,50,316290
2902,6,316292
2903,5,316294
2904,13,316295
2905,1,316300
2906,3,316310
2907,3,316320
2908,6,316330
2909,5,316340
2910,6,316350
2911,2,316360
2912,82,316370
2913,9,316380
2914,10,316390
2915,15,316410
2916,9,316400
2917,17,316420
2918,21,316430
2919,5,316440
2920,6,316443
2921,12,316447
2922,19,316450
2923,21,316470
2924,5,316480
2925,9,316490
2926,7,316520
2927,81,316500
2928,3,316510
2929,21,316530
2930,15,316540
2931,9,316550
2932,30,316553
2933,3,316556
2934,10,316557
2935,15,316560
2936,56,316570
2937,1,316580
2938,2,316590
2939,3,316600
2940,13,316610
2941,34,316620
2942,12,316630
2943,7,316640
2944,12,316650
2945,2,316660
2946,22,316680
2947,17,316670
2948,5,316690
2949,1,316695
2950,1,316700
2951,41,316710
2952,340,316720
2953,16,316555
2954,20,316730
2955,3,316740
2956,1,316750
2957,12,316760
2958,7,316770
2959,10,316780
2960,18,316790
2961,64,316800
2962,2,316805
2963,2,316810
2964,2,316820
2965,6,316830
2966,134,316840
2967,21,316850
2968,59,316860
2969,80,316870
2970,10,316880
2971,14,316890
2972,34,316900
2973,6,316905
2974,8,316920
2975,105,316930
2976,33,316935
2977,51,316940
2978,10,316950
2979,12,316960
2980,94,316970
2981,2,316980
2982,224,316990
2983,11,317000
2984,7,317005
2985,190,317010
2986,782,317020
2987,15,317030
2988,92,317040
2989,26,317043
2990,3,317047
2991,9,317050
2992,8,317052
2993,7,317057
2994,9,317060
2995,3,317065
2996,152,317070
2997,37,317080
2998,39,317090
2999,36,317100
3000,2,317103
3001,22,317107
3002,1,317110
3003,4,317115
3004,137,317120
3005,74,317130
3006,5,317140
3007,3,317160
3008,12,317170
3009,94,317180
3010,1,317190
3011,188,317200
3012,7,317210
3013,7,317220
3014,31,320010
3015,10,320016
3016,3,320013
3017,98,320020
3018,9,320030
3019,5,320035
3020,72,320040
3021,16,320050
3022,113,320060
3023,14,320070
3024,65,320080
3025,17,320090
3026,53,320100
3027,42,320110
3028,3,320115
3029,303,320120
3030,168,320130
3031,47,320140
3032,50,320150
3033,28,320160
3034,14,320170
3035,1,320180
3036,33,320190
3037,15,320200
3038,94,320210
3039,4,320220
3040,3,320225
3041,67,320230
3042,92,320240
3043,57,320245
3044,9,320250
3045,4,320255
3046,17,320260
3047,13,320265
3048,1,320270
3049,29,320280
3050,21,320290
3051,177,320300
3052,34,320305
3053,15,320310
3054,82,320313
3055,10,320316
3056,195,320320
3057,13,320330
3058,28,320332
3059,17,320334
3060,10,320335
3061,56,320340
3062,38,320350
3063,29,320360
3064,32,320370
3065,16,320380
3066,92,320390
3067,4,320400
3068,75,320405
3069,63,320410
3070,6,320420
3071,27,320425
3072,12,320430
3073,8,320435
3074,7,320440
3075,11,320450
3076,54,320455
3077,24,320460
3078,2,320465
3079,32,320470
3080,135,320480
3081,167,320490
3082,5,320495
3083,180,320500
3084,36,320501
3085,46,320503
3086,25,320506
3087,25,320510
3088,5,320515
3089,3,320517
3090,219,320520
3091,92,320530
3092,127,330010
3093,77,330015
3094,36,330020
3095,16,330022
3096,24,330023
3097,28,330025
3098,117,330030
3099,132,330040
3100,164,330045
3101,86,330050
3102,131,330060
3103,180,330070
3104,117,330080
3105,26,330090
3106,283,330100
3107,55,330110
3108,1,330093
3109,4,330115
3110,29,330120
3111,14,330130
3112,2,330095
3113,12,330140
3114,30,330150
3115,25,330160
3116,402,330170
3117,29,330180
3118,100,330185
3119,1,330187
3120,193,330190
3121,51,330200
3122,8,330205
3123,59,330210
3124,81,330220
3125,26,330225
3126,33,330227
3127,14,330230
3128,124,330240
3129,19,330245
3130,152,330250
3131,45,330260
3132,163,330270
3133,18,330280
3134,39,330285
3135,42,330290
3136,147,330300
3137,44,330310
3138,32,330320
3139,206,330330
3140,173,330340
3141,288,330350
3142,75,330360
3143,76,330370
3144,35,330380
3145,38,330385
3146,189,330390
3147,35,330395
3148,45,330400
3149,6,330410
3150,30,330411
3151,58,330412
3152,35,330414
3153,16,330415
3154,218,330420
3155,28,330430
3156,29,330440
3157,15,330450
3158,113,330452
3159,2063,330455
3160,15,330460
3161,132,330470
3162,79,330480
3163,49,330475
3164,809,330490
3165,30,330500
3166,146,330510
3167,42,330515
3168,11,330520
3169,48,330530
3170,10,330540
3171,59,330550
3172,28,330555
3173,49,330560
3174,36,330570
3175,18,330575
3176,116,330580
3177,16,330590
3178,44,330600
3179,265,330610
3180,38,330615
3181,39,330620
3182,290,330630
3183,66,350010
3184,9,350020
3185,18,350030
3186,5,350040
3187,43,350050
3188,10,350055
3189,1,350060
3190,47,350070
3191,4,350075
3192,10,350080
3193,1,350090
3194,43,350100
3195,8,350110
3196,7,350115
3197,4,350120
3198,70,350130
3199,4,350140
3200,6,350150
3201,118,350160
3202,47,350170
3203,6,350180
3204,97,350190
3205,1,350200
3206,74,350210
3207,76,350220
3208,10,350230
3209,6,350240
3210,23,350250
3211,18,350260
3212,44,350270
3213,2,350275
3214,85,350280
3215,3,350290
3216,1,350300
3217,7,350310
3218,174,350320
3219,43,350330
3220,12,350335
3221,14,350340
3222,3,350350
3223,14,350360
3224,11,350370
3225,15,350380
3226,49,350390
3227,3,350395
3228,97,350400
3229,69,350410
3230,31,350420
3231,3,350430
3232,9,350440
3233,93,350450
3234,13,350460
3235,22,350480
3236,8,350490
3237,11,350500
3238,5,350510
3239,50,350520
3240,101,350530
3241,8,350535
3242,3,350540
3243,130,350550
3244,23,350560
3245,308,350570
3246,84,350580
3247,95,350590
3248,242,350600
3249,41,350610
3250,8,350620
3251,35,350630
3252,53,350635
3253,1,350640
3254,38,350650
3255,16,350660
3256,19,350670
3257,5,350680
3258,6,350690
3259,31,350700
3260,22,350710
3261,8,350715
3262,2,350720
3263,3,350730
3264,69,350740
3265,2,350745
3266,189,350750
3267,175,350760
3268,5,350770
3269,1,350775
3270,18,350780
3271,49,350790
3272,10,350800
3273,29,350810
3274,1,350820
3275,10,350830
3276,25,350840
3277,74,350850
3278,38,350860
3279,31,350870
3280,26,350880
3281,1,350890
3282,73,350900
3283,14,350910
3284,49,350920
3285,8,350925
3286,26,350930
3287,72,350940
3288,13,350945
3289,771,350950
3290,53,350960
3291,76,350970
3292,7,350980
3293,7,350990
3294,7,350995
3295,57,351000
3296,2,351010
3297,6,351015
3298,77,351020
3299,9,351030
3300,37,351040
3301,116,351050
3302,317,351060
3303,21,351070
3304,62,351080
3305,3,351090
3306,18,351100
3307,124,351110
3308,7,351120
3309,9,351130
3310,57,351140
3311,28,351150
3312,27,351160
3313,20,351170
3314,57,355720
3315,4,351190
3316,35,351200
3317,5,351210
3318,93,351220
3319,30,351230
3320,14,351240
3321,2,351250
3322,9,351260
3323,26,351280
3324,6,351290
3325,194,351300
3326,18,351310
3327,6,351320
3328,5,351330
3329,71,351340
3330,33,351350
3331,59,351360
3332,46,351370
3333,410,351380
3334,1,351385
3335,46,351390
3336,9,351400
3337,75,351410
3338,2,351420
3339,4,351430
3340,106,351440
3341,59,351450
3342,7,351460
3343,7,351470
3344,5,351480
3345,10,351490
3346,3,351492
3347,1,351495
3348,177,351500
3349,124,351510
3350,7,351512
3351,8,351515
3352,89,351518
3353,4,351519
3354,9,355730
3355,20,351520
3356,4,351530
3357,38,351535
3358,58,351540
3359,3,351560
3360,68,351550
3361,3,351565
3362,181,351570
3363,6,351580
3364,8,351590
3365,181,351600
3366,3,351610
3367,404,351620
3368,161,351630
3369,52,351640
3370,2,351650
3371,8,351660
3372,42,351670
3373,3,351680
3374,5,351685
3375,28,351690
3376,6,351700
3377,3,351710
3378,10,351720
3379,8,351730
3380,21,351740
3381,18,351750
3382,27,351760
3383,9,351770
3384,37,351780
3385,9,351790
3386,4,351800
3387,7,351810
3388,116,351820
3389,26,351830
3390,137,351840
3391,5,351850
3392,27,351860
3393,176,351870
3394,966,351880
3395,7,351885
3396,13,351890
3397,168,351900
3398,8,351905
3399,122,351907
3400,9,351910
3401,18,351920
3402,12,351925
3403,68,351930
3404,13,351940
3405,6,351950
3406,218,351960
3407,47,351970
3408,12,351980
3409,30,351990
3410,48,352000
3411,39,352010
3412,13,352020
3413,8,352030
3414,2,352042
3415,34,352044
3416,49,352040
3417,128,352050
3418,7,352060
3419,13,352070
3420,9,352080
3421,28,352090
3422,11,352100
3423,3,352110
3424,7,352115
3425,3,352120
3426,24,352130
3427,17,352140
3428,18,352150
3429,10,352160
3430,20,352170
3431,39,352180
3432,38,352190
3433,12,352200
3434,19,352210
3435,2,352215
3436,192,352220
3437,134,352230
3438,118,352240
3439,109,352250
3440,167,352260
3441,4,352265
3442,92,352270
3443,30,352280
3444,24,352290
3445,8,352300
3446,316,352310
3447,155,352320
3448,4,352330
3449,74,352340
3450,10,352350
3451,23,352360
3452,10,352370
3453,29,352380
3454,57,352390
3455,18,352400
3456,17,352410
3457,13,352420
3458,65,352430
3459,226,352440
3460,10,352450
3461,3,352460
3462,54,352470
3463,74,352480
3464,1,352490
3465,48,352500
3466,42,352510
3467,46,352520
3468,143,352530
3469,3,352540
3470,12,352550
3471,18,352560
3472,88,352570
3473,8,352580
3474,4,352585
3475,1509,352590
3476,50,352600
3477,6,352610
3478,29,352620
3479,2,352630
3480,90,352640
3481,17,352650
3482,4,352660
3483,53,352670
3484,36,352680
3485,231,352690
3486,15,352700
3487,38,352710
3488,87,352720
3489,2,352725
3490,40,352730
3491,46,352740
3492,10,352750
3493,7,352760
3494,3,352770
3495,5,352780
3496,3,352790
3497,27,352800
3498,23,352810
3499,5,352820
3500,12,352830
3501,9,352840
3502,154,352850
3503,8,352860
3504,8,352870
3505,31,352880
3506,10,352885
3507,257,352900
3508,4,352910
3509,29,352920
3510,62,352930
3511,224,352940
3512,4,352950
3513,2,352960
3514,3,352965
3515,19,352970
3516,7,352980
3517,5,353000
3518,11,352990
3519,77,353010
3520,17,353020
3521,130,353030
3522,9,353040
3523,111,353050
3524,342,353060
3525,255,353070
3526,79,353080
3527,2,353090
3528,3,353100
3529,16,353110
3530,12,353120
3531,69,353130
3532,152,353140
3533,85,353150
3534,23,353160
3535,28,353180
3536,60,353190
3537,13,353200
3538,4,353205
3539,5,353210
3540,8,353215
3541,7,353220
3542,3,353230
3543,66,353240
3544,28,353250
3545,11,353260
3546,12,353270
3547,11,353280
3548,11,353282
3549,4,353284
3550,14,353290
3551,79,353300
3552,15,353310
3553,5,353320
3554,4,353330
3555,69,353340
3556,1,353325
3557,127,353350
3558,7,353360
3559,8,353370
3560,2,353380
3561,80,353390
3562,10,353400
3563,9,353410
3564,3,353420
3565,98,353430
3566,750,353440
3567,8,353450
3568,51,353460
3569,114,353470
3570,22,353480
3571,16,353475
3572,18,353490
3573,8,353500
3574,8,353510
3575,55,353520
3576,51,353530
3577,44,353540
3578,90,353550
3579,9,353560
3580,1,353570
3581,12,353580
3582,7,353590
3583,66,353600
3584,8,353610
3585,31,353620
3586,2,353625
3587,41,353630
3588,15,353640
3589,101,353650
3590,14,353660
3591,69,353670
3592,3,353680
3593,24,353700
3594,34,353710
3595,1,353715
3596,9,353720
3597,79,353730
3598,29,353740
3599,8,353750
3600,10,353760
3601,67,353780
3602,95,353790
3603,154,353800
3604,18,353810
3605,10,353820
3606,7,353830
3607,13,353850
3608,24,353860
3609,330,353870
3610,41,353880
3611,16,353890
3612,20,353900
3613,9,353910
3614,31,353920
3615,65,353930
3616,32,353940
3617,42,353950
3618,11,353960
3619,2,353970
3620,99,353980
3621,16,353990
3622,15,354000
3623,2,354010
3624,29,354020
3625,5,354025
3626,4,354030
3627,19,354040
3628,8,354050
3629,51,354060
3630,42,354070
3631,8,354075
3632,24,354080
3633,3,354085
3634,13,354090
3635,133,354100
3636,6,354105
3637,1,354110
3638,81,354120
3639,131,354130
3640,224,354140
3641,90,354150
3642,42,354160
3643,2,354165
3644,23,354170
3645,14,354180
3646,14,354190
3647,11,354200
3648,11,354210
3649,109,354220
3650,2,354230
3651,45,354240
3652,1,354250
3653,32,354260
3654,6,354270
3655,8,354280
3656,11,354290
3657,48,354300
3658,5,354310
3659,3,354323
3660,11,354325
3661,37,354330
3662,661,354340
3663,4,354360
3664,10,354370
3665,36,354380
3666,42,354390
3667,85,354400
3668,32,354410
3669,5,354420
3670,5,354350
3671,63,354425
3672,5,354430
3673,11,354440
3674,5,354450
3675,6,354460
3676,5,354470
3677,11,354480
3678,15,354490
3679,16,354500
3680,13,354510
3681,4,354515
3682,48,354520
3683,58,354530
3684,57,354540
3685,5,354550
3686,21,354560
3687,14,354570
3688,90,354580
3689,9,354600
3690,4,354610
3691,1,354620
3692,10,354625
3693,61,354630
3694,74,354640
3695,6,354650
3696,50,354660
3697,4,354670
3698,47,354680
3699,10,354690
3700,6,354700
3701,21,354710
3702,1,354740
3703,39,354750
3704,34,354760
3705,4,354765
3706,3,354720
3707,73,354730
3708,55,354770
3709,623,354780
3710,21,354790
3711,13,354800
3712,4,354805
3713,13,354810
3714,2,354820
3715,1,354830
3716,1,354840
3717,339,354850
3718,22,354860
3719,564,354870
3720,171,354880
3721,195,354890
3722,3,354900
3723,84,354910
3724,10,354920
3725,1,354925
3726,7,354930
3727,114,354940
3728,11,354950
3729,149,354970
3730,354,354980
3731,356,354990
3732,8,354995
3733,11,355000
3734,49,355010
3735,63,355020
3736,8540,355030
3737,27,355040
3738,1,355050
3739,63,355060
3740,136,355070
3741,29,355080
3742,39,355090
3743,344,355100
3744,12,355110
3745,5,355120
3746,4,355130
3747,5,355140
3748,56,355160
3749,42,355150
3750,118,355170
3751,6,355180
3752,18,355190
3753,5,355200
3754,75,355210
3755,249,355220
3756,3,355230
3757,119,355240
3758,5,355255
3759,150,355250
3760,43,355260
3761,45,355270
3762,142,355280
3763,13,355290
3764,24,355300
3765,5,355310
3766,2,355320
3767,41,355330
3768,68,355340
3769,6,355350
3770,8,355360
3771,1,355365
3772,147,355370
3773,65,355380
3774,6,355385
3775,6,355390
3776,14,355395
3777,57,355400
3778,84,355410
3779,7,355420
3780,126,355430
3781,22,355440
3782,72,355450
3783,5,355460
3784,1,355465
3785,19,355470
3786,2,355475
3787,11,355480
3788,5,355490
3789,5,355495
3790,184,355500
3791,71,355510
3792,11,355535
3793,73,355540
3794,5,355550
3795,10,355560
3796,12,355570
3797,29,355580
3798,31,355600
3799,8,355610
3800,61,355620
3801,25,355630
3802,15,355635
3803,94,355640
3804,32,355645
3805,49,355650
3806,24,355660
3807,91,355670
3808,29,355680
3809,2,355695
3810,72,355700
3811,85,355710
3812,10,355715
3813,62,410010
3814,3,410020
3815,6,410030
3816,81,410040
3817,3,410045
3818,4,412862
3819,81,410060
3820,6,410070
3821,16,410050
3822,15,410080
3823,10,410090
3824,98,410100
3825,12,410105
3826,75,410110
3827,6,410115
3828,34,410120
3829,18,410130
3830,207,410140
3831,171,410150
3832,8,410160
3833,20,410165
3834,80,410170
3835,172,410180
3836,21,410185
3837,29,410190
3838,76,410200
3839,105,410210
3840,11,410220
3841,17,410230
3842,86,410240
3843,100,410250
3844,10,410270
3845,1,410260
3846,32,410275
3847,15,410280
3848,64,410290
3849,8,410300
3850,1,410302
3851,25,410304
3852,78,410305
3853,10,410310
3854,24,410320
3855,11,410322
3856,38,410330
3857,13,410335
3858,10,410337
3859,2,410340
3860,19,410345
3861,9,410347
3862,8,410350
3863,51,410360
3864,195,410370
3865,13,410380
3866,155,410390
3867,2,410395
3868,42,410400
3869,14,410405
3870,11,410410
3871,219,410420
3872,40,410425
3873,123,410430
3874,184,410440
3875,69,410442
3876,75,410445
3877,24,410450
3878,125,410460
3879,15,410465
3880,5,410470
3881,85,410480
3882,98,410490
3883,11,410500
3884,21,410510
3885,48,410520
3886,114,410530
3887,82,410540
3888,57,410550
3889,105,410560
3890,94,410570
3891,160,410580
3892,40,410590
3893,12,410600
3894,6,410610
3895,18,410620
3896,37,410630
3897,103,410640
3898,37,410645
3899,100,410650
3900,18,410655
3901,53,410680
3902,21,410657
3903,36,410660
3904,11,410670
3905,27,410685
3906,1041,410690
3907,35,410700
3908,38,410715
3909,11,410710
3910,13,410712
3911,89,410720
3912,9,410725
3913,4,410730
3914,1,412863
3915,3,410740
3916,78,410750
3917,25,410753
3918,3,410752
3919,7,410754
3920,7,410755
3921,116,410760
3922,61,410765
3923,7,410770
3924,8,410773
3925,56,410775
3926,65,410785
3927,16,410780
3928,27,410790
3929,14,410800
3930,4,410810
3931,37,410820
3932,93,410830
3933,18,410845
3934,5,410832
3935,71,410840
3936,26,410850
3937,11,410855
3938,43,410860
3939,6,410865
3940,26,410870
3941,66,410880
3942,12,410890
3943,9,410895
3944,3,410900
3945,12,410910
3946,9,410920
3947,60,410930
3948,232,410940
3949,12,410950
3950,44,410960
3951,5,410965
3952,68,410970
3953,61,410975
3954,57,410980
3955,14,410990
3956,13,411000
3957,7,411005
3958,76,411007
3959,14,411010
3960,9,411020
3961,2,411030
3962,31,411040
3963,14,411050
3964,39,411060
3965,18,411065
3966,96,411070
3967,80,411080
3968,59,411090
3969,2,411095
3970,35,411100
3971,12,411110
3972,11,411120
3973,80,411125
3974,23,411130
3975,62,411140
3976,164,411150
3977,8,411155
3978,2,411160
3979,30,411170
3980,86,411180
3981,25,411190
3982,77,411200
3983,69,411210
3984,19,411220
3985,8,411230
3986,65,411240
3987,103,411250
3988,26,411270
3989,50,411275
3990,61,411280
3991,4,411290
3992,35,411295
3993,32,411300
3994,13,411310
3995,101,411320
3996,34,411325
3997,173,411330
3998,6,411340
3999,38,411342
4000,18,411345
4001,51,411350
4002,3,411360
4003,543,411370
4004,9,411373
4005,99,411375
4006,12,411380
4007,94,411390
4008,10,411400
4009,25,411410
4010,145,411420
4011,61,411430
4012,9,411435
4013,161,411440
4014,84,411450
4015,85,411460
4016,13,411470
4017,41,411480
4018,16,411490
4019,27,411500
4020,9,411510
4021,325,411520
4022,11,411530
4023,1,411535
4024,99,411540
4025,48,411545
4026,8,411550
4027,114,411560
4028,16,411570
4029,12,411573
4030,16,411575
4031,74,411580
4032,3,411585
4033,14,411590
4034,51,411605
4035,16,411610
4036,53,411620
4037,3,411630
4038,3,411640
4039,1,411650
4040,7,411660
4041,14,411670
4042,30,411680
4043,56,411690
4044,24,411695
4045,34,411700
4046,30,411705
4047,29,411710
4048,8,411720
4049,33,411725
4050,7,411721
4051,19,411722
4052,77,411727
4053,4,411729
4054,29,411730
4055,12,411740
4056,2,411745
4057,46,411750
4058,181,411760
4059,154,411770
4060,69,411780
4061,45,411790
4062,58,411800
4063,7,411810
4064,144,411820
4065,2,411830
4066,47,411840
4067,34,411845
4068,249,411850
4069,16,411860
4070,21,411870
4071,10,411880
4072,7,411885
4073,40,411890
4074,35,411900
4075,24,411910
4076,100,411915
4077,9,411925
4078,21,411920
4079,359,411930
4080,47,411940
4081,85,411950
4082,323,411960
4083,8,411965
4084,19,411970
4085,151,411980
4086,609,411990
4087,16,411995
4088,16,412000
4089,8,412015
4090,20,412020
4091,9,412030
4092,6,412033
4093,47,412035
4094,6,412040
4095,22,412050
4096,290,412060
4097,7,412065
4098,48,412070
4099,13,412080
4100,3,412085
4101,92,412090
4102,63,412100
4103,7,412110
4104,88,412120
4105,34,412125
4106,10,412130
4107,5,412135
4108,35,412140
4109,63,412150
4110,13,412160
4111,150,412170
4112,32,412175
4113,43,412180
4114,95,412190
4115,118,412200
4116,4,412210
4117,59,412215
4118,16,412217
4119,57,412220
4120,83,412230
4121,110,412240
4122,80,412250
4123,82,412260
4124,154,412265
4125,11,412270
4126,2,412280
4127,3,412290
4128,47,412300
4129,15,412310
4130,3,412320
4131,7,412330
4132,20,412340
4133,82,412350
4134,9,412360
4135,75,412370
4136,21,412380
4137,8,412382
4138,76,412385
4139,23,412390
4140,23,412395
4141,5,412402
4142,8,412405
4143,20,412400
4144,171,412410
4145,12,412420
4146,4,412430
4147,223,412440
4148,15,412450
4149,31,412460
4150,31,412470
4151,26,412480
4152,5,412490
4153,61,412500
4154,38,412510
4155,112,412520
4156,53,412530
4157,18,412535
4158,31,412540
4159,121,412545
4160,204,412550
4161,7,412555
4162,99,412560
4163,56,412570
4164,11,412575
4165,19,412580
4166,16,412590
4167,19,412600
4168,5,412610
4169,11,412620
4170,143,412625
4171,26,412627
4172,11,412630
4173,21,412635
4174,12,412640
4175,9,412650
4176,80,412660
4177,24,412665
4178,19,412667
4179,41,412670
4180,10,412680
4181,4,412690
4182,41,412700
4183,444,412710
4184,87,412720
4185,34,412730
4186,2,412740
4187,65,412750
4188,15,412760
4189,35,412770
4190,23,412780
4191,87,412785
4192,2,412788
4193,35,412790
4194,23,412795
4195,64,412796
4196,114,412800
4197,209,412810
4198,113,412820
4199,3,412830
4200,38,412840
4201,25,412853
4202,44,412855
4203,44,412860
4204,29,412865
4205,21,412870
4206,82,412850
4207,5,412880
4208,4,420005
4209,151,420010
4210,10,420020
4211,9,420030
4212,87,420040
4213,38,420050
4214,17,420055
4215,8,420060
4216,59,420070
4217,1,420075
4218,23,420080
4219,19,420090
4220,52,420100
4221,81,420110
4222,7,420120
4223,17,420125
4224,7,420127
4225,21,420130
4226,124,420140
4227,85,420150
4228,15,420160
4229,3,420165
4230,7,420170
4231,3,420180
4232,11,420190
4233,23,420195
4234,10,420205
4235,58,420200
4236,23,420207
4237,15,421280
4238,120,422000
4239,13,420208
4240,13,420209
4241,15,420210
4242,3,420213
4243,30,420215
4244,5,420220
4245,52,420230
4246,405,420240
4247,3,420243
4248,13,420250
4249,2,420253
4250,7,420257
4251,75,420260
4252,5,420245
4253,8,420270
4254,85,420280
4255,9,420285
4256,14,420287
4257,288,420290
4258,38,420300
4259,42,420310
4260,1,420315
4261,38,420320
4262,21,420330
4263,64,420340
4264,97,420350
4265,201,420360
4266,7,420370
4267,58,420380
4268,8,420325
4269,49,420390
4270,35,420395
4271,20,420400
4272,20,420410
4273,7,420415
4274,21,420417
4275,2,420419
4276,78,420420
4277,48,420425
4278,112,420430
4279,5,420435
4280,42,420440
4281,13,420445
4282,37,420455
4283,10,420450
4284,275,420460
4285,57,420470
4286,12,420475
4287,126,420480
4288,70,420490
4289,10,420500
4290,5,420510
4291,3,420517
4292,10,420519
4293,15,420520
4294,45,420530
4295,11,420535
4296,290,420540
4297,9,420543
4298,38,420545
4299,91,420550
4300,11,420555
4301,12,420560
4302,13,420570
4303,9,420580
4304,82,420590
4305,11,420600
4306,18,420610
4307,36,420620
4308,29,420630
4309,62,420640
4310,39,420650
4311,82,420660
4312,10,420665
4313,60,420670
4314,7,420675
4315,5,420680
4316,25,420690
4317,166,420700
4318,15,420710
4319,21,420720
4320,62,420730
4321,8,420740
4322,51,420750
4323,12,420760
4324,30,420765
4325,4,420768
4326,8,420770
4327,12,420775
4328,31,420780
4329,14,420785
4330,53,420790
4331,72,420800
4332,46,420810
4333,156,420820
4334,31,420830
4335,119,420840
4336,7,420845
4337,34,420850
4338,2,420860
4339,85,420870
4340,62,420880
4341,115,420890
4342,1,420895
4343,43,420900
4344,380,420910
4345,6,420915
4346,18,420917
4347,8,420920
4348,302,420930
4349,142,420940
4350,3,420945
4351,8,420950
4352,27,420960
4353,67,420970
4354,4,420980
4355,27,420985
4356,13,420990
4357,9,421000
4358,16,421003
4359,2,421005
4360,63,421010
4361,5,421020
4362,46,421030
4363,13,421040
4364,38,421050
4365,6,421055
4366,22,421060
4367,2,421070
4368,25,421080
4369,7,421085
4370,13,421090
4371,76,421100
4372,16,421105
4373,67,421110
4374,190,421120
4375,9,421125
4376,43,421130
4377,31,421140
4378,17,421145
4379,10,421150
4380,8,421160
4381,20,421165
4382,81,421170
4383,290,421175
4384,10,421180
4385,2,421185
4386,1,421187
4387,2,421189
4388,154,421190
4389,102,421200
4390,27,421205
4391,175,421210
4392,112,421220
4393,12,421223
4394,10,421225
4395,63,421227
4396,5,421230
4397,6,421240
4398,20,421250
4399,3,421260
4400,11,421265
4401,17,421270
4402,16,421290
4403,2,421300
4404,21,421310
4405,6,421315
4406,49,421320
4407,46,421330
4408,16,421335
4409,241,421340
4410,15,421350
4411,111,421360
4412,65,421370
4413,48,421380
4414,7,421390
4415,47,421400
4416,2,421410
4417,9,421415
4418,80,421420
4419,8,421430
4420,9,421440
4421,25,421450
4422,7,421460
4423,96,421480
4424,34,421470
4425,25,421490
4426,61,421500
4427,5,421505
4428,67,421507
4429,15,421510
4430,11,421520
4431,42,421530
4432,32,421535
4433,32,421540
4434,49,421545
4435,51,421550
4436,10,421555
4437,8,421560
4438,16,421565
4439,29,421567
4440,1,421568
4441,7,421569
4442,24,421570
4443,124,421580
4444,32,421575
4445,76,421590
4446,77,421600
4447,16,421605
4448,7,421610
4449,52,421620
4450,13,421630
4451,3,421635
4452,22,421625
4453,29,421640
4454,136,421650
4455,209,421660
4456,70,421670
4457,11,421680
4458,62,421690
4459,11,421700
4460,23,421710
4461,6,421715
4462,103,421720
4463,4,421725
4464,62,421730
4465,3,421740
4466,36,421750
4467,11,421755
4468,14,421760
4469,58,421770
4470,11,421775
4471,33,421780
4472,19,421790
4473,8,421795
4474,39,421800
4475,82,421810
4476,33,421820
4477,2,421825
4478,45,421830
4479,3,421835
4480,37,421840
4481,11,421850
4482,21,421860
4483,106,421870
4484,20,421875
4485,31,421880
4486,3,421885
4487,44,421890
4488,6,421895
4489,80,421900
4490,11,421910
4491,5,421915
4492,10,421917
4493,5,421920
4494,94,421930
4495,18,421935
4496,6,421940
4497,36,421950
4498,42,421960
4499,112,421970
4500,13,421985
4501,48,430003
4502,11,430005
4503,75,430010
4504,19,430020
4505,20,430030
4506,158,430040
4507,4,430045
4508,3,430047
4509,81,430050
4510,8,430055
4511,4,430057
4512,288,430060
4513,9,430063
4514,61,430064
4515,1,430066
4516,17,430070
4517,26,430080
4518,5,430085
4519,14,430087
4520,4,430090
4521,36,430100
4522,1,430105
4523,162,430120
4524,40,430110
4525,93,430130
4526,93,430140
4527,15,430150
4528,7,430155
4529,257,430160
4530,20,430163
4531,27,430165
4532,3,430170
4533,5,430175
4534,8,430185
4535,3,430187
4536,11,430190
4537,1,430192
4538,10,430195
4539,2,430180
4540,75,430200
4541,20,430205
4542,125,430210
4543,13,430215
4544,30,430220
4545,5,430222
4546,7,430223
4547,15,430225
4548,17,430230
4549,36,430235
4550,7,430237
4551,18,430240
4552,50,430245
4553,3,430250
4554,22,430260
4555,4,430265
4556,67,430270
4557,217,430280
4558,86,430290
4559,267,430300
4560,84,430310
4561,18,430320
4562,76,430330
4563,23,430340
4564,75,430350
4565,1,430355
4566,9,430360
4567,7,430367
4568,52,430370
4569,19,430380
4570,52,430390
4571,67,430400
4572,3,430410
4573,196,430420
4574,64,430430
4575,12,430435
4576,75,430440
4577,115,430450
4578,414,430460
4579,5,430461
4580,3,430462
4581,34,430463
4582,2,430465
4583,17,430466
4584,1,430468
4585,15,430469
4586,7,430467
4587,6,430471
4588,210,430470
4589,80,430480
4590,6,430485
4591,21,430490
4592,13,430495
4593,11,430500
4594,438,430510
4595,6,430511
4596,12,430512
4597,12,430513
4598,4,430515
4599,8,430517
4600,55,430520
4601,39,430530
4602,47,430535
4603,4,430537
4604,14,430540
4605,3,430543
4606,4,430544
4607,10,430545
4608,5,430550
4609,2,430558
4610,12,430560
4611,36,430570
4612,56,430580
4613,16,430583
4614,15,430585
4615,6,430587
4616,48,430590
4617,9,430593
4618,7,430595
4619,9,430597
4620,39,430600
4621,10,430605
4622,4,430607
4623,115,430610
4624,1,430613
4625,25,430620
4626,30,430630
4627,2,430632
4628,2,430635
4629,1,430637
4630,21,430640
4631,8,430645
4632,100,430650
4633,188,430660
4634,18,430670
4635,14,430673
4636,2,430675
4637,37,430676
4638,20,430680
4639,324,430690
4640,29,430692
4641,14,430695
4642,37,430693
4643,12,430697
4644,144,430700
4645,11,430705
4646,12,430720
4647,39,430730
4648,5,430740
4649,7,430745
4650,119,430750
4651,15,430755
4652,52,430760
4653,197,430770
4654,56,430780
4655,48,430781
4656,3,430783
4657,6,430786
4658,24,430790
4659,18,430800
4660,21,430805
4661,5,430807
4662,32,430810
4663,8,430820
4664,5,430825
4665,108,430830
4666,10,430840
4667,17,430843
4668,16,430845
4669,124,430850
4670,77,430860
4671,4,430865
4672,17,430870
4673,14,430880
4674,3,430885
4675,60,430890
4676,117,430900
4677,6,430905
4678,127,430910
4679,21,430912
4680,25,430915
4681,211,430920
4682,4,430925
4683,65,430930
4684,127,430940
4685,29,430950
4686,3,430955
4687,4,430710
4688,27,430957
4689,109,430960
4690,16,430965
4691,66,430970
4692,45,430975
4693,5,430980
4694,9,430990
4695,11,430995
4696,69,431000
4697,32,431010
4698,64,431020
4699,18,431030
4700,23,431033
4701,4,431036
4702,8,431040
4703,18,431041
4704,23,431043
4705,6,431046
4706,55,431050
4707,5,431053
4708,7,431055
4709,21,431057
4710,188,431060
4711,1,431070
4712,2,431075
4713,41,431080
4714,22,431085
4715,10,431087
4716,5,431090
4717,50,431100
4718,113,431110
4719,13,431112
4720,10,431113
4721,2,431115
4722,87,431120
4723,22,431123
4724,5,431127
4725,122,431130
4726,65,431125
4727,20,431140
4728,12,431142
4729,73,431150
4730,6,431160
4731,9,431162
4732,2,431164
4733,9,431171
4734,3,431170
4735,15,431173
4736,13,431175
4737,1,431177
4738,1,431179
4739,69,431180
4740,24,431190
4741,4,431198
4742,1,431200
4743,20,431205
4744,15,431210
4745,4,431213
4746,5,431215
4747,36,431217
4748,35,431220
4749,12,431225
4750,3,431230
4751,2,431235
4752,5,431237
4753,4,431238
4754,66,431240
4755,9,431242
4756,12,431244
4757,6,431245
4758,3,431247
4759,18,431250
4760,6,431260
4761,1,431261
4762,2,431262
4763,98,431265
4764,2,431267
4765,153,431270
4766,4,431280
4767,43,431290
4768,13,431295
4769,11,431300
4770,16,431301
4771,12,431303
4772,29,431306
4773,1,431308
4774,98,431310
4775,26,431320
4776,26,431330
4777,14,431333
4778,14,431337
4779,11,431349
4780,6,431339
4781,337,431340
4782,21,431342
4783,6,431344
4784,6,431346
4785,51,431350
4786,7,431360
4787,60,431365
4788,126,431370
4789,37,431380
4790,53,431390
4791,20,431395
4792,40,431400
4793,61,431402
4794,5,431403
4795,86,431405
4796,77,431406
4797,17,431407
4798,389,431410
4799,2,431413
4800,16,431415
4801,3,431417
4802,19,431420
4803,14,431430
4804,261,431440
4805,6,431442
4806,9,431445
4807,6,431446
4808,30,431447
4809,23,431449
4810,14,431450
4811,2,431455
4812,158,431460
4813,84,431470
4814,1,431475
4815,29,431477
4816,1,431478
4817,45,431480
4818,2267,431490
4819,124,431500
4820,4,431505
4821,26,431507
4822,31,431510
4823,25,431513
4824,1,431514
4825,70,431515
4826,5,431517
4827,6,431520
4828,69,431530
4829,1,431532
4830,24,431535
4831,15,431540
4832,2,431545
4833,42,431550
4834,41,431555
4835,243,431560
4836,143,431570
4837,22,431575
4838,35,431580
4839,31,431590
4840,7,431595
4841,93,431600
4842,145,431610
4843,28,431620
4844,60,431630
4845,317,431640
4846,9,431642
4847,4,431643
4848,26,431645
4849,15,431647
4850,14,431650
4851,15,431660
4852,146,431710
4853,78,431670
4854,14,431673
4855,2,431675
4856,283,431680
4857,15,431697
4858,111,431690
4859,4,431695
4860,96,431720
4861,7,431725
4862,45,431730
4863,6,431700
4864,75,431740
4865,277,431750
4866,53,431760
4867,8,431770
4868,8,431755
4869,13,431775
4870,93,431780
4871,106,431790
4872,7,431795
4873,145,431800
4874,6,431805
4875,72,431810
4876,121,431820
4877,411,431830
4878,49,431840
4879,4,431842
4880,19,431843
4881,1,431844
4882,9,431845
4883,21,431846
4884,3,431848
4885,10,431849
4886,30,431850
4887,71,431860
4888,1,431861
4889,6,431862
4890,370,431870
4891,212,431880
4892,72,431890
4893,241,431900
4894,29,431910
4895,20,431915
4896,4,431920
4897,47,431930
4898,3,431935
4899,5,431936
4900,10,431937
4901,33,431940
4902,76,431950
4903,83,431960
4904,2,431970
4905,7,431971
4906,31,431973
4907,8,431975
4908,34,431980
4909,85,431990
4910,95,432000
4911,88,432010
4912,36,432020
4913,12,432023
4914,28,432026
4915,13,432030
4916,17,432032
4917,14,432035
4918,30,432040
4919,13,432045
4920,20,432050
4921,2,432055
4922,10,432057
4923,33,432060
4924,3,432065
4925,19,432067
4926,227,432070
4927,139,432080
4928,11,432085
4929,113,432090
4930,69,432100
4931,16,432110
4932,76,432120
4933,102,432130
4934,2,432132
4935,3,432135
4936,31,432140
4937,3,432143
4938,58,432145
4939,9,432146
4940,27,432147
4941,7,432149
4942,48,432150
4943,33,432160
4944,9,432162
4945,7,432163
4946,8,432166
4947,57,432170
4948,61,432180
4949,1,432183
4950,55,432185
4951,69,432190
4952,97,432195
4953,104,432200
4954,54,432210
4955,28,432215
4956,20,432218
4957,43,432220
4958,15,432225
4959,32,432230
4960,8,432232
4961,7,432234
4962,8,432235
4963,5,432237
4964,181,432240
4965,133,432250
4966,84,432253
4967,17,432254
4968,8,432252
4969,4,432255
4970,210,432260
4971,71,432270
4972,14,432280
4973,5,432285
4974,23,432290
4975,361,432300
4976,20,432310
4977,9,432320
4978,1,432330
4979,27,432335
4980,8,432340
4981,15,432345
4982,19,432350
4983,5,432360
4984,10,432370
4985,8,432375
4986,10,432377
4987,6,432380
4988,24,500020
4989,2,500025
4990,71,500060
4991,87,500070
4992,35,500080
4993,19,500085
4994,7,500090
4995,43,500100
4996,152,500110
4997,26,500124
4998,2,500150
4999,26,500190
5000,7,500200
5001,59,500210
5002,20,500215
5003,37,500220
5004,19,500230
5005,55,500240
5006,22,500260
5007,541,500270
5008,16,500280
5009,51,500290
5010,28,500295
5011,1,500310
5012,10,500315
5013,180,500320
5014,54,500325
5015,74,500330
5016,10,500345
5017,48,500348
5018,4,500350
5019,194,500370
5020,12,500375
5021,98,500380
5022,1,500390
5023,37,500400
5024,74,500410
5025,264,500430
5026,6,500440
5027,44,500450
5028,36,500460
5029,67,500470
5030,53,500480
5031,3,500490
5032,86,500500
5033,12,500510
5034,31,500515
5035,19,500520
5036,7,500525
5037,96,500540
5038,27,500560
5039,38,500568
5040,43,500570
5041,10,500580
5042,31,500600
5043,52,500620
5044,5,500625
5045,74,500630
5046,24,500635
5047,30,500640
5048,88,500660
5049,19,500690
5050,6,500710
5051,53,500720
5052,10,500730
5053,11,500740
5054,3,500750
5055,10,500755
5056,5,500769
5057,3,500780
5058,71,500770
5059,38,500790
5060,42,500793
5061,14,500795
5062,10,500797
5063,5,500800
5064,60,500830
5065,44,500840
5066,5,510010
5067,35,510020
5068,65,510025
5069,15,510030
5070,22,510035
5071,5,510040
5072,7,510050
5073,4,510060
5074,18,510080
5075,1,510100
5076,6,510125
5077,8,510130
5078,50,510140
5079,3,510160
5080,113,510170
5081,51,510180
5082,8,510185
5083,61,510190
5084,55,510250
5085,26,510260
5086,23,510263
5087,43,510267
5088,1,510268
5089,1,510269
5090,17,510270
5091,9,510279
5092,10,510300
5093,26,510305
5094,34,510310
5095,85,510320
5096,5,510325
5097,204,510330
5098,40,510335
5099,3,510336
5100,25,510337
5101,371,510340
5102,2,510343
5103,40,510345
5104,34,510350
5105,30,510360
5106,2,510370
5107,1,510380
5108,7,510385
5109,23,510390
5110,1,510395
5111,41,510410
5112,33,510420
5113,3,510452
5114,6,510454
5115,6,510455
5116,19,510460
5117,49,510480
5118,3,510490
5119,4,510500
5120,23,510510
5121,45,510515
5122,14,510517
5123,41,510520
5124,3,510523
5125,33,510525
5126,3,510530
5127,37,510558
5128,37,510560
5129,72,510562
5130,67,510590
5131,16,510600
5132,15,510610
5133,11,510615
5134,1,510620
5135,10,510621
5136,5,510880
5137,5,510618
5138,2,510885
5139,4,510895
5140,45,510622
5141,8,510617
5142,63,510623
5143,6,510619
5144,6,510624
5145,84,510625
5146,7,510627
5147,12,510626
5148,3,510631
5149,13,510628
5150,31,510629
5151,34,510630
5152,41,510637
5153,34,510642
5154,70,510650
5155,1,510665
5156,4,510670
5157,78,510675
5158,3,510677
5159,7,510680
5160,4,510682
5161,6,510685
5162,59,510700
5163,22,510704
5164,32,510706
5165,1,510715
5166,30,510718
5167,18,510719
5168,22,510720
5169,3,510757
5170,457,510760
5171,61,510770
5172,13,510775
5173,1,510724
5174,2,510774
5175,3,510776
5176,12,510777
5177,6,510780
5178,52,510785
5179,2,510729
5180,19,510730
5181,2,510735
5182,9,510710
5183,9,510740
5184,27,510787
5185,3,510788
5186,71,510790
5187,62,510792
5188,8,510794
5189,118,510795
5190,15,510800
5191,26,510805
5192,20,510810
5193,36,510820
5194,1,510830
5195,184,510840
5196,8,510850
5197,9,510550
5198,4,510860
5199,2,520005
5200,5,520010
5201,70,520013
5202,1,520015
5203,2,520017
5204,5,520020
5205,108,520025
5206,55,520030
5207,1,520050
5208,8,520060
5209,2,520080
5210,14,520085
5211,12,520090
5212,302,520110
5213,2,520120
5214,5,520130
5215,217,520140
5216,1,520145
5217,23,520150
5218,17,520160
5219,17,520170
5220,40,520180
5221,12,520215
5222,10,520235
5223,9,520250
5224,6,520260
5225,1,520280
5226,14,520310
5227,34,520320
5228,56,520330
5229,16,520340
5230,160,520350
5231,6,520355
5232,2,520357
5233,6,520360
5234,19,520380
5235,113,520390
5236,17,520393
5237,1,520396
5238,16,520410
5239,1,520420
5240,14,520425
5241,27,520430
5242,101,520440
5243,43,520450
5244,2,520455
5245,2,520460
5246,6,520465
5247,40,520470
5248,13,520480
5249,6,520485
5250,4,520490
5251,1,520495
5252,2,520500
5253,6,520505
5254,112,520510
5255,11,520520
5256,15,520530
5257,13,520540
5258,19,520545
5259,6,520547
5260,45,520549
5261,6,520551
5262,8,520552
5263,19,520570
5264,11,520580
5265,4,520590
5266,35,520620
5267,8,520630
5268,139,520640
5269,12,520650
5270,10,520660
5271,5,520670
5272,7,520680
5273,1,520690
5274,1,520710
5275,4,520830
5276,12,520725
5277,31,520740
5278,19,520750
5279,7,520753
5280,12,520760
5281,87,520780
5282,5,520790
5283,195,520800
5284,20,520810
5285,1,520815
5286,79,520840
5287,18,520850
5288,232,520860
5289,650,520870
5290,13,520880
5291,52,520890
5292,81,520910
5293,11,520920
5294,11,520929
5295,1,520940
5296,2,520945
5297,24,520970
5298,6,520980
5299,14,520990
5300,27,520995
5301,134,521000
5302,22,521010
5303,2,521015
5304,50,521020
5305,1,521030
5306,23,521040
5307,4,521056
5308,5,521060
5309,5,521080
5310,183,521090
5311,17,521100
5312,136,521120
5313,7,521130
5314,50,521140
5315,244,521150
5316,10,521160
5317,34,521170
5318,200,521180
5319,116,521190
5320,10,521200
5321,4,521205
5322,34,521210
5323,75,521220
5324,5,521230
5325,143,521250
5326,4,521260
5327,6,521270
5328,5,521290
5329,15,521295
5330,20,521300
5331,1,521305
5332,31,521308
5333,114,521310
5334,9,521350
5335,19,521370
5336,7,521375
5337,6,521377
5338,227,521380
5339,14,521385
5340,37,521390
5341,77,521400
5342,23,521405
5343,11,521410
5344,22,521440
5345,54,521450
5346,62,521460
5347,1,521470
5348,2,521480
5349,32,521483
5350,2,521486
5351,1,521487
5352,3,521500
5353,36,521520
5354,95,521523
5355,5,521525
5356,159,521530
5357,13,521550
5358,22,521560
5359,23,521565
5360,3,521570
5361,5,521580
5362,3,521590
5363,5,521600
5364,3,521630
5365,37,521640
5366,4,521645
5367,92,521680
5368,1,521690
5369,158,521710
5370,24,521720
5371,66,521730
5372,59,521740
5373,69,521760
5374,106,521770
5375,55,521800
5376,1,521805
5377,1,521810
5378,78,521830
5379,3,521839
5380,68,521850
5381,26,521860
5382,3,521870
5383,151,521880
5384,56,521890
5385,33,521900
5386,45,521910
5387,17,521920
5388,17,521925
5389,117,521930
5390,1,521935
5391,1,521945
5392,8,521950
5393,7,521960
5394,14,521970
5395,3,521971
5396,13,521973
5397,50,521975
5398,3,521980
5399,2,521990
5400,7,522000
5401,1,522005
5402,40,522010
5403,1,522015
5404,35,522020
5405,7,522026
5406,2,522028
5407,22,522040
5408,100,522045
5409,21,522050
5410,52,522060
5411,6,522068
5412,11,522100
5413,2,522108
5414,3,522119
5415,2,522130
5416,93,522140
5417,13,522145
5418,33,522150
5419,15,522155
5420,48,522160
5421,7,522170
5422,4,522180
5423,84,522185
5424,1,522190
5425,60,522200
5426,15,522205
5427,4,522220
5428,6,522230
5429,2570,530010
