,MUNCOD,RATE_15,RATE_14,RATE_13,RATE_12,RATE_11,RATE_10,RATE_09,RATE_08
0,110002,0.9578452313675155,0.0,0.0,0.0,0.0,3.3202735905438607,2.338060111525467,0.0
1,110009,3.087849312953528,0.0,0.0,0.0,0.0,0.0,0.0,0.0
2,110010,0.0,0.0,0.0,4.739111890431733,4.769399532598846,7.203572972194209,0.0,0.0
3,110011,0.0,0.0,0.0,0.0,3.8548272073704295,0.0,0.0,0.0
4,110012,0.0,0.7737422819207378,0.0,0.0,0.0,0.0,0.0,0.0
5,110015,0.0,0.0,0.0,0.0,2.652379184128163,0.0,0.0,0.0
6,110018,2.6658136063126467,2.686005909213,0.0,0.0,0.0,0.0,0.0,0.0
7,110020,0.0,0.20242382285486413,0.0,0.22588609467789772,0.0,0.23443470758958923,0.0,0.0
8,110028,0.0,1.791889906284158,0.0,0.0,0.0,0.0,0.0,0.0
9,110030,0.0,0.0,0.0,0.0,0.0,1.312559885544778,0.0,0.0
10,110040,0.0,0.0,0.0,0.0,0.0,5.832944470368642,0.0,0.0
11,110045,0.0,0.0,0.0,0.0,3.0396060670537097,3.087849312953528,0.0,0.0
12,110140,0.0,0.0,0.0,0.0,0.0,7.097232079489,0.0,0.0
13,110145,0.0,0.0,0.0,20.04008016032064,0.0,0.0,0.0,0.0
14,110175,0.0,0.0,0.0,0.0,10.514141520344864,0.0,0.0,0.0
15,120005,0.0,0.0,0.0,0.0,0.0,0.0,35.323207347227125,17.988846914912756
16,120010,0.0,0.0,0.0,0.0,0.0,0.0,0.0,5.0431186645821775
17,120030,0.0,0.0,0.0,0.0,0.0,0.0,6.199435851337528,3.104625892579944
18,120034,0.0,11.745360582569885,0.0,0.0,0.0,12.517211165352359,0.0,0.0
19,120038,0.0,0.0,0.0,0.0,0.0,5.812939603557519,0.0,0.0
20,120042,0.0,0.0,0.0,0.0,0.0,0.0,7.429420505200594,0.0
21,120060,0.0,2.617732520091097,0.0,0.0,8.2904990880451,0.0,0.0,0.0
22,120070,0.0,0.0,0.0,0.0,0.0,0.0,6.6317395052722325,0.0
23,130002,0.0,0.0,0.0,0.0,7.023951675212475,0.0,0.0,0.0
24,130010,0.0,0.0,0.0,0.0,23.95066163702772,0.0,6.8082788671023975,0.0
25,130080,2.5450473378804848,0.0,0.0,0.0,5.642067253441661,0.0,0.0,0.0
26,130110,0.0,0.0,0.0,0.0,3.018230109863576,0.0,0.0,0.0
27,130120,0.0,0.0,2.4592683676606213,0.0,0.0,0.0,0.0,0.0
28,130150,10.646225912913872,0.0,0.0,0.0,0.0,0.0,0.0,0.0
29,130180,0.0,0.0,0.0,0.0,0.0,4.504707419253119,0.0,0.0
30,130200,0.0,0.0,0.0,0.0,24.151672503320853,12.195121951219512,0.0,0.0
31,130260,0.0,0.09899514973263884,0.4540462330054279,1.2353384129016596,1.309740540398947,0.5547773262506761,0.05751618649278373,0.0
32,130353,0.0,0.0,0.0,0.0,0.0,0.0,3.8048854729472645,0.0
33,130395,0.0,0.0,0.0,0.0,9.109127345600292,0.0,32.36944324557618,0.0
34,130406,0.0,1.6754909188392197,0.0,0.0,0.0,0.0,0.0,0.0
35,130420,0.0,0.0,0.0,0.0,4.900119236234748,0.0,0.0,0.0
36,130426,0.0,0.0,0.0,0.0,8.321544478655237,0.0,0.0,0.0
37,130430,0.0,0.0,5.758046870501525,0.0,0.0,0.0,0.0,0.0
38,140010,0.0,0.31756113051762463,0.0,0.0,0.0,0.0,0.0,0.0
39,140015,0.0,8.59697386519945,0.0,0.0,0.0,0.0,0.0,0.0
40,150010,0.0,1.343426947801146,0.679038752741619,0.6924488453415504,0.0,0.0,0.0,0.0
41,150020,0.0,0.0,0.0,0.0,0.0,1.8654976214905326,2.0618131584915775,0.0
42,150060,0.0,0.9366102202907237,0.0,0.0,0.0,0.0,0.0,0.0
43,150080,0.9893075638499103,0.8003585606351645,1.0121949244497708,1.2401280638913978,0.20920545858882547,0.42395875729209065,1.1869154441437593,0.0
44,150090,0.0,0.0,0.0,0.0,0.0,0.0,2.543429051046621,0.0
45,150120,2.2853486299334964,0.0,0.0,0.0,0.0,0.0,0.0,0.0
46,150130,0.0,0.8855748709274626,0.0,0.0,0.9740133245022792,0.0,1.0802985945315284,0.0
47,150140,0.34732810905546896,1.4656166337717156,1.2623411378743017,1.6307083655339152,0.4992667910554215,0.8620497675698314,0.4173622704507513,0.0702186045597153
48,150150,0.0,0.0,1.7821499857428003,0.0,0.0,0.0,0.0,0.0
49,150170,0.0,0.0,0.8426161546369167,0.8608518990392893,0.0,0.8836654442628021,0.0,0.0
50,150180,0.0,1.0272108144754548,0.0,0.0,0.0,0.0,0.0,0.0
51,150210,0.0,0.0,0.0,0.0,0.0,0.8271024945411235,0.0,0.0
52,150215,0.0,0.0,3.2193677161805425,0.0,0.0,0.0,0.0,0.0
53,150220,1.5070908625081005,0.0,0.0,0.0,0.0,3.1432702583768153,0.0,0.0
54,150230,0.0,0.0,0.0,1.9151951583866396,0.0,0.0,0.0,0.0
55,150240,0.0,2.1402391717274405,0.0,0.558702915311812,0.5678075813668264,0.0,1.2384130974569185,0.0
56,150275,0.0,0.0,0.0,3.411455668133593,0.0,0.0,0.0,0.0
57,150280,0.0,0.0,0.0,3.351431061063074,3.424188467333242,0.0,0.0,0.0
58,150290,0.0,0.0,2.735454222173592,0.0,0.0,0.0,0.0,0.0
59,150307,3.9485114111979787,0.0,0.0,0.0,0.0,0.0,0.0,0.0
60,150310,0.0,3.2069783849656854,0.0,0.0,0.0,0.0,0.0,0.0
61,150320,2.678595344601291,0.0,2.7112761977062605,0.0,0.0,0.0,0.0,0.0
62,150330,1.6571930464179772,0.0,1.6766145798403862,0.0,1.7094601524838458,0.0,0.0,0.0
63,150345,0.0,0.0,0.0,0.0,0.0,0.0,2.2524551761419946,0.0
64,150405,0.0,0.0,0.0,0.0,0.0,0.0,3.437961976140544,0.0
65,150420,0.0,0.7780224226062196,0.0,0.0,0.0,0.0,0.0,0.0
66,150430,3.4896705750977106,0.0,0.0,0.0,0.0,0.0,0.0,0.0
67,150442,0.0,0.0,0.8502389171357152,1.7643997071096487,0.0,0.0,0.0,0.0
68,150470,0.0,0.0,1.3374705756473357,1.3774673884595783,0.0,0.0,0.0,0.0
69,150480,0.0,0.0,0.0,0.0,1.7973973686102522,0.0,0.0,0.0
70,150490,0.0,0.0,0.0,0.0,2.867383512544803,0.0,0.0,0.0
71,150495,0.0,0.0,0.0,0.0,0.0,0.0,4.155930512841826,0.0
72,150530,0.0,1.4719086239126276,1.4965355202705737,1.5389824248207087,0.0,0.0,0.0,0.0
73,150540,0.0,0.0,5.933309600094933,0.0,0.0,0.0,0.0,0.0
74,150553,2.106138868266279,8.726384222697325,4.530473094652909,0.6011710812663068,4.368747230526309,0.6495953021267751,0.0,0.0
75,150618,0.0,0.0,2.0425253783778263,0.0,0.0,0.0,0.0,0.0
76,150620,2.5589845949127388,5.1521162317421885,2.5938991492010794,0.0,0.0,0.0,0.0,0.0
77,150635,0.0,0.0,0.0,0.0,0.0,0.0,6.784260515603799,0.0
78,150650,0.0,1.5325435625507655,1.5631594578963,0.0,1.6470937031607729,0.0,1.7995321216483713,0.0
79,150680,0.0,0.34420919658131427,0.0,0.0,0.0,0.0,0.0,0.0
80,150710,0.0,0.0,0.0,5.852402411189794,0.0,0.0,0.0,0.0
81,150720,0.0,3.257222891762483,0.0,0.0,0.0,0.0,0.0,0.0
82,150730,0.0,0.0,0.0,0.0,0.0,2.190748469214507,1.4879181049875017,0.0
83,150747,9.094629621208677,4.59411035053062,0.0,0.0,0.0,4.844022476264289,0.0,0.0
84,150760,0.0,0.0,0.0,3.7659109738645777,0.0,0.0,0.0,0.0
85,150795,0.0,0.0,2.2086756780634333,1.1700285486965882,0.0,0.0,0.0,0.0
86,150820,0.0,1.9754257042392633,0.0,0.0,0.0,0.0,0.0,2.189141856392294
87,160030,0.2192160395991854,0.0,0.0,0.0,0.0,0.0,0.0,0.0
88,160050,4.121501875283354,25.393600812595224,0.0,4.616592031762154,4.740459824602986,19.582884558895525,0.0,0.0
89,170210,0.0,0.5981719864095325,0.0,0.0,0.0,0.0,0.0,0.0
90,170950,0.0,0.0,0.0,2.5469595670168736,0.0,0.0,0.0,0.0
91,171330,7.519927808693036,0.0,0.0,0.0,0.0,0.0,0.0,0.0
92,171889,0.0,0.0,0.0,46.08294930875576,0.0,0.0,0.0,0.0
93,210005,0.9117016912066371,0.0,0.0,0.0,0.0,0.0,0.0,0.0
94,210020,0.0,0.0,0.0,0.0,0.0,0.0,4.541326067211625,0.0
95,210140,1.0852578572668865,2.205582328874381,0.0,0.0,0.0,1.1970743502878964,1.1959290574883097,0.0
96,210190,4.795473073418693,0.0,0.0,0.0,0.0,0.0,0.0,0.0
97,210270,9.317927692881103,0.0,0.0,0.0,0.0,0.0,0.0,0.0
98,210300,0.0,0.0,0.0,0.0,0.0,0.0,0.0,0.6783524176480166
99,210340,0.0,0.0,0.0,0.0,0.0,0.0,0.0,2.205412081247381
100,210360,0.0,1.5748775532702333,0.0,0.0,0.0,0.0,0.0,0.0
101,210407,12.017786323759164,0.0,0.0,0.0,0.0,0.0,0.0,0.0
102,210540,4.515827977059594,4.565306712522636,0.0,0.0,0.0,0.0,0.0,0.0
103,210630,0.0,0.0,5.353319057815845,5.471357443781802,0.0,0.0,0.0,0.0
104,210663,6.184674376894057,0.0,0.0,0.0,0.0,0.0,0.0,0.0
105,210820,0.0,5.1837644497434034,0.0,0.0,2.5368477130317864,0.0,2.568449170390918,0.0
106,210825,0.0,0.0,4.188657116528441,0.0,0.0,0.0,0.0,0.0
107,210840,0.0,0.0,0.0,0.0,7.22334585379948,0.0,0.0,0.0
108,210860,0.0,0.0,0.0,0.0,0.0,0.0,1.295638879531497,0.0
109,210980,0.0,0.0,19.473722645505223,0.0,0.0,0.0,5.638249887235002,0.0
110,211120,0.0,0.0,0.0,0.5962531452353411,0.0,0.0,0.0,0.0
111,211130,0.0,0.0,0.0,0.19237983474572196,0.0,0.0,0.0,0.0
112,211220,0.606542163778515,0.0,0.0,0.0,0.0,0.0,0.663856341487702,0.0
113,211223,0.0,0.0,0.0,0.0,0.0,5.27676639755158,0.0,0.0
114,211245,4.014935560284258,4.071827028787817,4.133939644481191,0.0,0.0,0.0,0.0,0.0
115,211250,0.0,0.0,1.7951709900368011,0.0,0.0,0.0,0.0,0.0
116,211270,1.8233202662047587,0.0,0.0,0.0,0.0,0.0,0.0,0.0
117,211280,0.0,1.9617074701820465,0.0,0.0,0.0,0.0,0.0,0.0
118,211300,0.0,3.2323754727349128,0.0,0.0,0.0,0.0,0.0,0.0
119,220070,0.0,10.492078480747036,0.0,0.0,0.0,0.0,0.0,0.0
120,220250,0.0,0.0,0.0,0.0,0.0,0.0,0.0,9.39584703561026
121,220620,3.023431594860166,0.0,0.0,0.0,0.0,0.0,0.0,0.0
122,220700,0.0,2.7574036287431754,0.0,0.0,0.0,0.0,0.0,0.0
123,220955,0.0,0.0,22.920009168003666,0.0,0.0,0.0,0.0,0.0
124,221060,2.9584048281166795,5.950078838544611,5.9880239520958085,3.0167732593218295,6.107802717972209,0.0,0.0,0.0
125,221100,0.3553470852655331,0.118962645729241,0.0,0.0,0.0,0.0,0.24920969375866783,0.0
126,221135,0.0,0.0,20.366598778004075,0.0,0.0,0.0,0.0,0.0
127,230030,1.881998682600922,0.0,0.0,0.0,0.0,0.0,0.0,0.0
128,230190,0.0,0.0,0.0,0.0,1.7869907076483202,0.0,0.0,0.0
129,230200,0.0,0.0,0.0,0.0,4.623208506703652,0.0,0.0,0.0
130,230250,0.0,0.0,0.0,4.328348518622719,2.1878008226131094,0.0,0.0,0.0
131,230340,0.0,0.0,0.0,0.0,0.0,5.9715753015645525,0.0,0.0
132,230370,0.0,0.0,0.0,0.0,0.0,0.0,0.29907525929824985,0.0
133,230423,0.0,0.0,0.0,0.0,0.0,0.0,5.48065329387263,0.0
134,230440,0.11577701039060076,0.038881821037864674,0.0,0.0,0.0,0.040859537576269436,0.039911364840961194,0.0
135,230500,0.0,2.564431337350942,0.0,0.0,10.530195335123466,2.647113322921354,0.0,0.0
136,230530,4.056959714390036,0.0,0.0,12.469864494139163,0.0,4.199916001679966,4.145077720207254,0.0
137,230550,1.9726589469946543,0.0,0.0,0.0,0.0,0.0,0.0,0.0
138,230600,0.0,0.0,0.0,0.0,7.26427429899753,0.0,0.0,0.0
139,230765,0.0,0.4550646419323865,0.0,0.0,0.0,0.0,0.4958030273732851,0.0
140,230810,0.0,0.0,0.0,0.0,0.0,2.261573602912907,0.0,0.0
141,230930,3.137747097583935,0.0,0.0,0.0,0.0,0.0,0.0,0.0
142,230970,1.2441215257906393,0.0,0.0,0.0,0.0,0.0,0.0,0.0
143,231050,0.0,0.0,0.0,0.0,2.3821434526787204,0.0,0.0,0.0
144,231080,0.0,0.0,0.0,12.627857052658165,0.0,0.0,0.0,0.0
145,231140,1.2957731878611969,0.0,2.6467279825315955,1.3547932585487454,6.861910904948809,0.0,1.3602296067576207,0.0
146,231230,0.0,0.0,6.57130966201564,6.692693809258227,4.493675152223246,4.526320554021636,2.202303609575616,0.0
147,231250,0.0,0.0,0.0,0.0,12.750223128904755,0.0,0.0,0.0
148,231290,0.9912964174547473,0.5006257822277848,1.0118231535492228,0.0,0.0,0.0,0.0,0.0
149,231300,0.0,0.0,0.0,0.0,11.287955751213454,0.0,0.0,0.0
150,231330,1.7330722171192874,0.0,0.0,0.0,0.0,0.0,0.0,0.0
151,231340,4.083410464419884,0.0,2.773540424351685,4.253690076141052,7.1712347431980845,2.902715490341214,4.373942963783752,4.433737788747173
152,231360,2.959280303030303,2.9846291598268917,0.0,3.0773018217626786,0.0,6.290890790135883,0.0,3.237817710862878
153,231410,0.0,5.142974696564493,0.0,1.7732382877611095,7.183005010145995,3.6389439784574513,3.5290173451202516,0.0
154,240050,0.0,0.0,7.205649228995533,0.0,0.0,0.0,0.0,0.0
155,240310,2.2278165170316573,0.0,0.0,0.0,2.336721579623788,0.0,0.0,0.0
156,240330,0.0,0.0,0.0,18.878610534264677,0.0,0.0,0.0,0.0
157,240430,7.664009809932557,0.0,0.0,0.0,0.0,0.0,0.0,0.0
158,240700,0.0,0.0,9.95817566221868,0.0,0.0,0.0,0.0,0.0
159,240710,0.0,0.0,0.0,0.0,0.0,0.0,0.0,1.5299643518306023
160,240730,0.0,0.0,11.756407241946862,0.0,0.0,0.0,0.0,0.0
161,240780,0.0,4.546281142025823,0.0,0.0,0.0,0.0,0.0,0.0
162,240800,0.0,0.0,0.0,0.0,0.3797314539157908,0.0,0.0,0.0
163,240810,0.11494860647804367,0.0,0.0,0.0,0.0,0.12440735446516657,0.0,0.0
164,240940,0.0,0.0,10.193679918450561,3.546476575522219,0.0,0.0,0.0,0.0
165,241020,12.802458071949815,0.0,0.0,0.0,0.0,0.0,0.0,0.0
166,241250,4.296640027498496,0.0,0.0,0.0,4.481491440351348,0.0,0.0,0.0
167,241410,9.393199323689648,0.0,0.0,0.0,0.0,0.0,0.0,0.0
168,250510,0.0,0.0,0.0,5.004253615573237,0.0,0.0,0.0,0.0
169,250750,0.0,0.0,0.0,0.13468412532088492,0.0,0.41464297857401516,0.14240247210691578,0.14428307184431277
170,251593,0.0,20.785699438786114,0.0,0.0,0.0,0.0,0.0,0.0
171,260110,0.0,1.2150963571411213,0.0,0.0,0.0,0.0,0.0,0.0
172,260530,0.0,0.0,0.0,3.1727901516593695,0.0,0.0,0.0,0.0
173,260620,0.0,0.0,0.0,0.0,1.3160145814415625,0.0,0.0,0.0
174,260730,0.0,0.0,0.0,0.0,3.50754121360926,0.0,0.0,0.0
175,260915,0.0,5.022601707684581,0.0,0.0,0.0,0.0,0.0,0.0
176,261040,0.0,0.0,0.0,0.0,4.919565110444236,0.0,0.0,0.0
177,261110,0.6024985615346843,0.0,0.0,0.0,0.0,0.0,0.0,0.0
178,261430,0.0,0.0,0.0,0.0,8.981498113885396,0.0,0.0,0.0
179,261530,0.0,0.0,1.8479164741753673,0.0,0.0,0.0,0.0,0.0
180,270060,0.0,0.0,12.32741617357002,0.0,0.0,0.0,0.0,0.0
181,270250,8.909479686386316,0.0,0.0,0.0,0.0,0.0,0.0,0.0
182,270255,5.4626898284715395,0.0,0.0,0.0,0.0,0.0,0.0,0.0
183,270430,0.0,0.0,0.10032777082729276,0.2097770803855283,0.0,0.0,0.0,0.0
184,270800,0.0,2.1011493286827894,10.559216083797939,0.0,0.0,0.0,0.0,0.0
185,270860,0.0,0.0,0.0,0.0,0.0,1.8318037771793885,0.0,0.0
186,270895,0.0,7.225955632632416,0.0,0.0,0.0,0.0,0.0,0.0
187,270915,0.0,0.0,0.0,0.0,0.0,2.429661305214053,0.0,0.0
188,280030,0.15804179889497175,0.0,0.0,0.0,0.34508759185800336,0.0,0.0,0.0
189,280350,0.0,0.0,0.9967108541812021,0.0,0.0,0.0,0.0,0.0
190,280390,0.0,0.0,0.0,0.0,0.0,0.0,0.0,8.282259400364419
191,280420,0.0,0.0,0.0,0.0,7.254788160185723,0.0,0.0,0.0
192,280480,0.0,0.0,0.0,0.0,0.6133200856194839,0.0,0.0,0.0
193,280490,0.0,0.0,0.0,0.0,0.0,7.61208799573723,0.0,0.0
194,280570,3.372112628561794,3.382721060821325,0.0,0.0,3.5047138401149547,0.0,0.0,3.5165453458522347
195,290035,0.0,0.0,0.0,0.0,0.0,6.366993505666624,0.0,0.0
196,290070,0.0,0.6512112529304507,0.0,0.0,0.0,0.0,0.7256367462448299,0.0
197,290080,0.0,0.0,4.31480842250604,0.0,0.0,0.0,0.0,0.0
198,290520,0.0,0.0,0.0,0.0,0.0,2.1041999831664002,0.0,0.0
199,290570,0.0,0.0,0.7257552390456319,0.0,0.0,0.0,0.0,0.0
200,290600,0.0,0.0,0.0,0.0,0.0,1.5006452774693118,0.0,0.0
201,290750,3.589439867908613,7.222824124232575,0.0,0.0,0.0,1.9579050416054822,0.0,0.0
202,290780,0.0,0.0,2.9049500348594006,0.0,0.0,0.0,0.0,0.0
203,290830,0.0,0.0,0.0,5.648121999435189,0.0,0.0,0.0,0.0
204,290840,0.0,4.434524249456771,1.4897357208831152,0.0,0.0,0.0,0.0,0.0
205,290990,0.0,0.0,0.0,0.0,0.0,0.0,2.9052032189651666,0.0
206,291072,0.0,0.0,0.0,0.0,1.9717643347267133,2.992638110248788,1.0044900706156519,0.0
207,291080,0.16193597699213638,0.16339869281045752,0.0,0.0,0.0,0.0,0.0,0.0
208,291350,0.0,10.828761189719895,0.0,0.0,0.0,0.0,0.0,0.0
209,291360,0.554898925160782,0.0,0.0,0.0,0.0,0.0,0.0,0.0
210,291465,0.0,3.2412809542331127,0.0,3.473428273706148,0.0,0.0,0.0,0.0
211,291530,0.0,0.0,0.0,0.0,0.0,14.064697609001406,0.0,0.0
212,291560,1.4870109592707699,1.4882945632599602,2.9793826719103804,0.0,0.0,0.0,0.0,0.0
213,291610,0.0,4.449190247374977,0.0,0.0,0.0,0.0,0.0,0.0
214,291840,0.0,0.9234121927345929,0.46566207834298806,0.0,0.0,0.0,0.0,0.0
215,291845,0.0,9.735202492211839,0.0,0.0,0.0,0.0,0.0,0.0
216,291880,0.0,0.0,0.0,0.0,0.0,4.503287399801856,0.0,0.0
217,291955,1.263232358960107,0.0,0.0,0.0,0.0,0.0,0.0,0.0
218,291992,0.0,0.0,0.0,0.0,0.0,5.752416014726185,0.0,0.0
219,292100,0.0,2.2126830995264855,0.0,0.0,0.0,0.0,0.0,0.0
220,292130,0.0,0.0,0.0,9.095870474804439,0.0,0.0,0.0,0.0
221,292400,0.0,0.0,0.0,0.0,0.9148293843198244,0.0,0.0,0.0
222,292460,0.0,0.0,4.736418320466063,0.0,0.0,0.0,0.0,0.0
223,292530,0.0,0.0,0.0,0.0,0.7732456988208004,0.7888301648655044,0.0,0.0
224,292550,0.0,3.429590506893477,0.0,0.0,0.0,0.0,0.0,0.0
225,292600,4.730928444707274,4.7555640098915735,0.0,0.0,0.0,0.0,0.0,0.0
226,292630,0.0,2.8310967668874922,0.0,0.0,0.0,0.0,0.0,0.0
227,292740,0.13693532578796866,0.27558391926493503,0.06935577501264009,0.18443596530833267,0.03712495442911844,0.07472149431033182,0.0,0.0
228,292870,0.0,0.0,1.0059653746718038,1.074379277372498,0.0,0.0,0.0,0.0
229,292910,0.0,0.0,0.0,0.0,0.0,4.924895345973898,0.0,0.0
230,292960,0.0,0.0,0.0,0.0,0.0,6.02518527444719,0.0,0.0
231,293070,0.0,0.7597052343690648,0.0,0.0,0.0,0.8473140145738011,0.0,0.0
232,293135,0.0,0.0,1.9558626984385696,0.0,0.0,0.0,0.0,0.0
233,293320,4.6893317702227435,7.1253829893356775,0.0,0.0,0.0,0.0,0.0,0.0
234,310050,0.0,9.788566953797964,0.0,0.0,0.0,0.0,0.0,0.0
235,310150,0.0,0.0,0.0,2.901831055395955,0.0,0.0,0.0,0.0
236,310160,0.0,0.0,0.0,0.0,0.0,0.0,1.3295397133512377,0.0
237,310300,0.0,0.0,10.26904908605463,0.0,0.0,0.0,0.0,0.0
238,310340,0.0,0.0,0.0,0.0,0.0,0.0,2.6746549695089334,0.0
239,310350,0.0,0.0,0.0,0.0,0.0,0.9109210322557137,0.0,1.8126778690158973
240,310400,0.0,0.0,0.0,0.0,0.0,1.0674295229657462,2.1522270169057434,1.0904768655332977
241,310470,0.0,0.0,6.971556051310653,0.0,0.0,0.0,0.0,0.0
242,310560,0.741157985236133,0.0,0.0,0.0,0.0,0.0,0.0,0.0
243,310600,9.632983334938832,0.0,0.0,0.0,0.0,0.0,0.0,0.0
244,310620,0.03995912980203847,0.12042829117473382,0.12100848471158636,0.20869986246679065,0.0838349457587901,0.1683895726441036,0.32618219640490137,0.1232214017502368
245,310670,0.0,0.0,0.0,0.0,0.0,0.0,0.4527468149261569,0.0
246,310690,6.938180808991882,0.0,0.0,0.0,0.0,0.0,0.0,0.0
247,310710,0.0,0.0,0.0,0.0,0.0,2.596795554286011,0.0,2.5587226856353307
248,310780,0.0,0.0,0.0,0.0,0.0,6.503642039542144,0.0,0.0
249,310790,0.0,0.0,0.0,9.570293808019906,0.0,0.0,0.0,0.0
250,310990,0.0,0.0,0.0,0.0,0.0,0.0,9.9601593625498,0.0
251,311000,0.0,11.522064754003917,0.0,0.0,2.433563710697946,0.0,0.0,0.0
252,311020,0.0,0.0,0.0,0.0,0.0,0.0,24.354603019970774,0.0
253,311130,0.0,0.0,0.0,0.0,0.0,8.682062858135092,8.423890152472412,0.0
254,311150,0.0,6.632179334129194,0.0,0.0,0.0,0.0,0.0,0.0
255,311400,0.0,8.749671887304226,0.0,0.0,0.0,0.0,0.0,0.0
256,311530,0.0,2.7132624267419145,0.0,0.0,0.0,0.0,0.0,0.0
257,311860,0.0,0.15540595142631583,0.1567493937717196,0.0,0.0,0.0,0.4796983656676682,0.0
258,311940,0.0,0.0,3.6933759302690623,0.9556848915775491,0.9599324207575787,0.0,0.0,0.0
259,312030,0.0,0.0,16.733601070950467,0.0,0.0,0.0,0.0,0.0
260,312083,20.214271275520517,0.0,0.0,0.0,0.0,0.0,0.0,0.0
261,312160,0.0,0.0,0.0,0.0,0.0,2.1794089442943076,0.0,0.0
262,312230,0.0,0.4373630506947512,0.44180344164881047,0.45997313756876596,0.46458254935028126,0.46931611256077643,0.0,0.0
263,312235,0.0,15.629884338855891,0.0,0.0,0.0,0.0,0.0,0.0
264,312590,0.0,0.0,9.253261774775607,0.0,0.0,0.0,0.0,0.0
265,312710,0.0,1.7461453840646772,0.0,0.0,0.0,1.8700676964506113,0.0,0.0
266,312770,0.0,0.3610173468835178,0.0,0.0,0.0,0.0,0.7596648358744122,0.0
267,312870,0.0,0.0,0.0,0.0,2.0155601241585037,0.0,0.0,0.0
268,313020,0.0,0.0,10.00300090027008,0.0,0.0,0.0,0.0,0.0
269,313130,0.0,0.39174821558687795,0.0,0.0,0.0,0.0,0.0,0.0
270,313170,0.8500943604740125,5.139406398560966,3.4537244100606994,0.0,0.9036443978565554,0.0,1.8112824785589439,0.0
271,313180,0.0,0.0,0.0,0.0,0.0,0.0,0.0,9.31619154089808
272,313190,0.0,0.0,0.0,0.0,0.0,2.1985753231905725,0.0,0.0
273,313210,0.0,0.0,0.0,0.0,0.0,0.0,5.476151360823613,0.0
274,313240,0.0,0.0,1.0532968190436065,0.0,0.0,0.0,0.0,0.0
275,313270,0.0,0.0,0.0,0.0,0.0,0.0,4.276062601556487,0.0
276,313330,0.0,0.0,4.63628355510223,0.0,4.766217053524618,0.0,0.0,0.0
277,313420,0.0,0.0,0.0,1.0163427920969186,0.0,0.0,0.0,0.0
278,313440,0.0,0.0,0.0,0.0,0.0,2.9036004645760745,0.0,0.0
279,313510,1.4107157971954971,0.0,0.0,0.0,0.0,0.0,0.0,0.0
280,313520,0.0,0.0,0.0,1.5210513506935994,0.0,0.0,0.0,1.4879623843109246
281,313560,0.0,0.0,12.393109431156276,0.0,0.0,0.0,0.0,0.0
282,313610,0.0,0.0,18.85014137606032,0.0,0.0,0.0,0.0,0.0
283,313630,0.0,0.0,2.1030936507602687,0.0,0.0,2.209456473707468,0.0,0.0
284,313670,0.3601760540552222,2.5421728314357828,0.0,0.0,0.0,0.0,0.0,0.1920816270082134
285,313720,0.0,0.0,2.0371162582248568,0.0,0.0,0.0,0.0,0.0
286,313760,0.0,0.0,0.0,0.0,1.8641066268990587,0.0,0.0,0.0
287,313930,5.096320456630313,0.0,0.0,0.0,5.08931752252023,10.07759750075582,0.0,0.0
288,313980,0.0,8.012820512820513,0.0,0.0,0.0,0.0,0.0,0.0
289,314000,0.0,0.0,0.0,0.0,0.0,0.0,3.6570425496900656,0.0
290,314010,0.0,23.33177788147457,0.0,0.0,0.0,0.0,0.0,0.0
291,314180,0.0,0.0,0.0,0.0,0.0,0.0,0.0,3.1688690306429637
292,314220,0.0,6.82640453273261,0.0,0.0,0.0,0.0,0.0,0.0
293,314225,0.0,0.0,0.0,0.0,21.84837229626393,0.0,20.008003201280513,0.0
294,314290,0.0,0.0,0.0,0.0,0.0,4.545454545454545,0.0,0.0
295,314310,0.0,2.093364036005861,0.0,2.1713169037020954,0.0,0.0,0.0,0.0
296,314330,0.2535818435400025,0.0,1.2956791691068625,1.0804503316982519,0.5462466030289373,0.0,0.0,0.0
297,314430,2.3906858877812045,0.0,0.0,0.0,0.0,0.0,0.0,0.0
298,314520,0.0,1.1460004584001835,0.0,0.0,0.0,0.0,0.0,0.0
299,314537,0.0,0.0,0.0,0.0,20.036064916850332,0.0,0.0,0.0
300,314560,0.0,0.0,0.0,2.5124996859375393,0.0,0.0,0.0,0.0
301,314590,0.0,0.0,0.0,0.0,0.0,0.0,2.818886539816772,0.0
302,314710,1.0969964237916585,2.2146922685092907,2.2366861258359614,1.164035945429995,1.1754196248060558,0.0,0.0,0.0
303,314790,0.0,0.0,0.0,0.9288414560518665,0.0,0.0,0.0,0.0
304,314800,0.0,0.0,0.0,0.0,0.7150569542864089,0.0,0.7150978611422973,0.0
305,314960,0.0,0.0,0.0,0.0,24.366471734892787,0.0,0.0,0.0
306,315015,0.0,0.0,12.913223140495868,0.0,0.0,0.0,0.0,0.0
307,315200,0.0,0.0,0.0,3.3828354927099893,0.0,0.0,0.0,0.0
308,315210,0.0,0.0,0.0,1.7329220531660485,0.0,1.7433447812973972,0.0,0.0
309,315217,0.0,0.0,8.416799932665601,0.0,0.0,0.0,0.0,0.0
310,315300,0.0,0.0,0.0,30.09328919650918,0.0,0.0,0.0,0.0
311,315460,0.0,0.3131752842065704,0.3166370611014537,0.0,0.33363471669408035,0.6748184738305395,0.0,0.0
312,315490,0.0,0.0,0.0,0.0,7.082152974504249,0.0,0.0,0.0
313,315700,0.0,0.0,0.0,0.0,0.0,0.0,2.5780504782283638,0.0
314,315720,0.0,0.0,3.3789491468153403,0.0,0.0,0.0,0.0,3.666092312204421
315,315770,0.0,0.0,0.0,0.0,8.62961684501208,0.0,0.0,0.0
316,315780,0.0,0.0,0.0,0.48622523897970493,0.0,0.0,0.0,0.0
317,315800,0.0,0.0,0.0,0.0,9.462528387585163,0.0,0.0,0.0
318,315960,0.0,0.0,0.0,0.0,0.0,2.6466229091679017,0.0,0.0
319,316010,0.0,0.0,0.0,0.0,0.0,24.449877750611243,0.0,0.0
320,316070,2.102651443470216,0.0,0.0,0.0,0.0,0.0,0.0,0.0
321,316105,0.0,0.0,28.843380444188057,0.0,0.0,0.0,0.0,0.0
322,316180,0.0,0.0,0.0,0.0,9.447331128956069,9.61076405574243,0.0,0.0
323,316245,0.0,7.975117632985087,0.0,0.0,0.0,0.0,8.875477056891809,0.0
324,316250,0.0,0.0,0.0,0.0,0.0,0.0,1.1695496064465574,0.0
325,316290,3.797083839611178,0.0,0.0,0.0,0.0,0.0,0.0,0.0
326,316470,0.0,1.448079123043283,0.0,1.5155189136760427,0.0,0.0,0.0,0.0
327,316805,0.0,0.0,0.0,32.01024327784891,0.0,0.0,0.0,0.0
328,316860,0.0,0.7114045259555941,0.0,1.4754811913035137,0.0,0.0,0.0,0.0
329,316870,1.1423088346165269,2.3043067493144687,0.0,0.0,0.0,1.2327568140632896,0.0,0.0
330,316920,0.0,0.0,10.7284626113078,0.0,0.0,0.0,0.0,0.0
331,316935,3.2228954492716255,0.0,0.0,0.0,0.0,0.0,0.0,0.0
332,316960,0.0,3.957418180379121,0.0,0.0,4.120143380989658,0.0,0.0,0.0
333,316990,0.0,0.9109210322557137,0.0,0.9615014807122804,0.0,0.0,0.0,0.0
334,317005,0.0,0.0,0.0,8.267879288962382,0.0,0.0,0.0,0.0
335,317010,0.3104375306557062,0.0,0.0,0.0,0.0,0.0,0.0,0.0
336,317020,0.1509748445713975,1.069223026176107,0.7731883038258904,0.322822241161127,0.653697311996653,1.832462913449445,0.15764292301507854,0.0
337,317040,0.0,1.2150963571411213,0.0,1.2705995959493284,0.0,0.0,0.0,0.0
338,317070,0.0,0.7617944830843535,0.7684091625108538,0.0,0.0,0.0,0.821119185449768,0.8285621960212443
339,317080,0.0,0.0,0.0,0.0,0.0,0.0,0.0,2.784972289525719
340,317103,0.0,0.0,0.0,0.0,0.0,11.976047904191617,0.0,0.0
341,317130,0.0,1.3030164831585118,0.0,0.0,0.0,0.0,0.0,0.0
342,320030,6.678688305616777,0.0,0.0,0.0,0.0,0.0,0.0,0.0
343,320060,0.0,1.071524243236003,0.0,0.0,0.0,0.0,1.2713265020722622,0.0
344,320120,0.0,0.0,0.48729856295653784,0.0,0.0,0.0,0.4968721895666777,0.0
345,320130,0.5238317242968868,0.7917342939709434,0.2659758387548075,0.28374348454023623,0.0,0.2865879696102117,0.0,0.0
346,320200,0.0,0.0,14.647722279185587,0.0,0.0,0.0,0.0,0.0
347,320230,0.0,9.862905611993293,3.3174097664543525,0.0,0.0,0.0,3.739296264443032,0.0
348,320240,0.8347106058329576,0.0,0.0,0.0,0.0,0.9503264371311545,0.0,0.0
349,320245,0.0,4.013968610765464,0.0,0.0,0.0,0.0,0.0,0.0
350,320300,0.0,0.0,0.0,3.634777551613841,0.0,0.0,0.0,0.0
351,320310,0.0,8.480325644504749,0.0,0.0,0.0,0.0,0.0,0.0
352,320320,0.0,0.0,0.0,0.6866292682591888,0.6968204084761235,0.0,0.7537839956582042,0.0
353,320334,0.0,0.0,6.37389253617184,0.0,0.0,0.0,0.0,0.0
354,320410,0.0,0.0,0.0,0.0,4.150583156933549,0.0,0.0,0.0
355,320450,7.760962359332558,0.0,0.0,0.0,0.0,0.0,0.0,0.0
356,320500,1.2361550632911391,1.2593718253335235,0.641961148511292,0.0,0.0,0.0,0.0,0.0
357,320501,0.0,0.0,0.0,0.0,4.120143380989658,0.0,0.0,0.0
358,320506,4.211590296495957,0.0,0.0,0.0,0.0,0.0,0.0,0.0
359,320510,0.0,2.7278430944652063,0.0,1.4982395685070042,0.0,1.5384852074647304,0.0,0.0
360,320520,0.21152292273913723,0.21473512422426935,0.21810774086183093,0.23532291009723544,0.0,0.0,0.0,0.0
361,320530,0.0,1.4200349896621451,0.0,0.0,0.0,0.6145280578147997,0.3123477304813903,0.0
362,330010,0.5311351420255369,1.622147723586028,0.0,0.0,0.5768010613139528,0.0,0.5928947493241,0.0
363,330015,0.0,0.0,0.0,9.48316737790422,0.0,0.0,0.0,0.0
364,330020,0.0,0.0,0.8405904307185367,0.0,0.8752735229759301,0.0,0.0,0.0
365,330023,0.0,0.0,0.0,0.0,0.0,3.631345776744862,0.0,0.0
366,330025,0.0,0.0,0.0,0.0,3.570153516601214,0.0,3.7180249851279004,0.0
367,330040,1.111636050357113,0.0,0.0,0.0,0.0,0.0,0.0,0.0
368,330045,0.0,0.6258005031436045,0.41877537517038926,0.0,0.0,0.0,0.19938430127765458,0.0
369,330060,0.0,5.5716514374860715,2.7913468248429867,0.0,0.0,0.0,5.665240914369884,0.0
370,330070,0.0,0.4890310339094119,0.0,0.0,0.0,0.0,0.0,0.0
371,330100,0.0,0.0,0.0,0.0,0.0,0.0,0.23041049934563418,0.0
372,330170,0.11328505124449292,0.11384309234268593,0.3432804567003196,0.0,0.0,0.7017166327893469,0.5728938702647457,0.34706475765624856
373,330190,0.0,0.0,0.44392554480762486,0.0,0.0,0.0,0.0,0.0
374,330200,0.0,0.0,0.8654861435668416,0.0,0.0,0.0,0.0,0.0
375,330220,0.0,0.0,0.0,0.0,0.0,0.0,2.0109799505298933,0.0
376,330225,0.0,0.0,3.3620225927918233,0.0,0.0,0.0,2.810804733395171,0.0
377,330240,0.42620659085872103,0.43549454760826395,0.44554940697373935,0.9176374506196346,1.8829466231705996,1.4510418480468976,0.0,0.0
378,330270,0.0,0.6987583064893684,0.7165787663379959,0.7400774120973054,0.0,0.0,0.0,0.0
379,330330,0.40266078245043246,0.20182856681534705,0.0,0.0,0.0,0.0,0.0,0.0
380,330340,0.0,0.0,0.0,0.5452830291562836,0.0,0.0,0.0,0.0
381,330350,0.0,0.0,0.24850431465616324,0.0,0.0,0.1257526294874826,0.0,0.0
382,330370,0.0,0.0,0.0,2.4015946588534787,0.0,0.0,0.0,0.0
383,330390,0.0,0.6711026552176553,0.0,0.0,0.3371942070035237,0.0,0.0,0.0
384,330411,0.0,16.69449081803005,0.0,0.0,0.0,0.0,0.0,0.0
385,330415,0.0,0.0,0.0,0.0,4.81997397214055,0.0,0.0,0.0
386,330420,0.0,0.804401686025934,0.0,0.0,0.0,0.0,0.0,0.0
387,330430,0.0,0.0,1.7561729479119101,0.0,0.0,1.7990141402511424,0.0,0.0
388,330450,11.246063877642825,0.0,0.0,0.0,0.0,0.0,0.0,0.0
389,330452,0.0,0.0,0.0,0.0,0.0,0.9455638870240268,0.0,0.0
390,330455,0.06176050480566208,0.15495030588739886,0.07776142886936593,0.031297484151736464,0.04719987526646296,0.031630370026302236,0.0646547195520721,0.03246201497894757
391,330460,0.0,0.0,0.0,0.0,0.0,0.0,9.280742459396752,0.0
392,330470,0.0,0.0,2.4369440721335445,0.0,0.0,0.0,0.0,0.0
393,330490,0.5779895788478934,0.7752666675065389,0.39005096991049304,0.0,0.4959997619201143,0.10000990098019705,0.1008692915546177,0.0
394,330510,0.0,0.0,0.0,0.0,0.0,0.0,0.21284430226445056,0.21353422633346786
395,330540,0.0,5.679236710586097,0.0,0.0,0.0,0.0,0.0,0.0
396,330560,0.0,0.0,0.0,0.0,4.682524817381532,0.0,0.0,0.0
397,330575,0.0,0.0,3.1403090064062305,3.180863922641389,0.0,0.0,0.0,0.0
398,330600,1.2616067823980621,2.5317096635357856,1.270276793313263,0.0,0.0,0.0,1.3144922773578704,0.0
399,330610,1.3563919972872158,0.0,1.3669792492549964,0.0,0.0,0.0,0.0,0.0
400,330615,0.0,10.034115994380896,0.0,0.0,0.0,0.0,0.0,0.0
401,330620,0.0,0.0,0.0,2.8687819151988068,0.0,0.0,0.0,0.0
402,330630,0.0,0.0,0.0,0.0,0.0,0.3876029085722259,0.0,0.0
403,350010,0.0,2.8570612268220907,2.8609847509512774,0.0,2.956742852074155,5.917685001627364,5.809900069718801,2.9098527614502703
404,350050,0.0,0.0,5.52242102937928,0.0,0.0,0.0,0.0,0.0
405,350210,1.7467248908296942,0.0,0.0,1.8063257527862573,0.0,0.0,0.0,0.0
406,350270,0.0,0.0,0.0,0.0,3.9936102236421727,0.0,0.0,0.0
407,350300,0.0,0.0,0.0,0.0,0.0,0.0,18.839487565938207,0.0
408,350320,0.0,0.44582352521577856,0.0,0.0,0.4746692741832128,0.0,0.0,0.0
409,350390,0.0,0.0,0.0,0.0,0.0,0.0,1.2357578903141297,0.0
410,350410,0.0,0.0,1.486248485884355,0.0,0.0,0.7898020755998546,0.0,0.0
411,350530,0.0,0.0,2.7540622418066647,0.0,0.0,0.0,2.7613630087811343,0.0
412,350610,0.0,0.0,2.581078116329191,0.0,0.0,0.0,0.0,0.0
413,350650,0.0,0.0,0.0,0.9016563427015427,0.9104483047452565,0.919777046044039,0.0,0.0
414,350700,0.0,0.0,1.871572682525126,0.0,0.0,0.0,0.0,0.0
415,350710,0.0,0.0,0.0,0.0,0.0,0.0,5.557716889901629,0.0
416,350740,0.0,0.0,0.0,6.788405403570701,0.0,0.0,0.0,0.0
417,350760,0.0,1.2590018633227575,0.0,0.0,0.0,0.0,0.0,0.0
418,350840,0.0,0.0,0.0,0.0,7.099415481458694,4.802727949475302,7.02576112412178,2.3901144864839026
419,350850,0.0,0.0,0.0,0.0,1.1707682581309855,0.0,0.0,0.0
420,350920,0.0,0.0,0.0,0.0,0.0,0.0,1.5704750687082842,0.0
421,350950,0.08590342050239756,0.08660880621019784,0.3493870877013998,0.3640898209588305,0.1834212838389341,0.0925070235957665,0.09392590561010042,0.0
422,350960,0.0,0.0,0.0,2.6442085222840674,16.027995565587894,5.397090967968265,5.343093383914618,4.060364079312445
423,350990,0.0,0.0,0.0,0.0,0.0,0.0,8.081461128171973,0.0
424,351020,0.0,0.0,0.0,0.0,0.0,0.0,0.0,2.1546151857278293
425,351050,0.0,0.8966679817797065,0.0,0.9601536245799328,0.0,0.0,0.0,0.0
426,351060,0.5098217153461434,2.5636227065190362,0.5157457167318226,0.26783944632229656,0.0,0.5406749786433384,0.2546466650199516,0.2573790575808428
427,351100,0.0,0.0,0.0,0.0,0.0,0.0,6.186204763377668,0.0
428,351150,0.0,0.0,0.0,0.0,0.0,2.5221317057176726,0.0,0.0
429,351200,0.0,0.0,0.0,0.0,5.73855158957879,0.0,0.0,0.0
430,351220,3.685684800235884,3.7155383815114806,3.746862003072427,0.0,7.866273352999016,0.0,0.0,0.0
431,351300,0.0,0.0,0.0,0.0,0.0,0.4974555150405675,0.0,0.0
432,351380,0.0,0.0,0.0,0.0,0.0,0.0,0.2514217902237151,0.0
433,351400,0.0,0.0,0.0,12.376237623762377,0.0,0.0,0.0,0.0
434,351500,0.0,0.7720427866112339,0.0,0.0,0.0,0.0,0.0,0.8160167773049414
435,351518,0.0,0.0,0.0,2.373999952520001,0.0,0.0,0.0,0.0
436,351520,0.0,0.0,0.0,24.38726984514084,0.0,0.0,0.0,0.0
437,351550,4.403992953611274,1.4741435226133617,1.4805383237345098,4.60426354804549,0.0,0.0,0.0,0.0
438,351570,0.0,0.0,0.0,0.0,0.0,1.1884247430031494,0.0,0.0
439,351630,0.0,0.0,0.0,0.634505688343496,0.0,0.647090036107624,0.0,0.6442302736690202
440,351640,0.0,0.0,0.0,0.0,0.7495858538157668,1.5197221947827937,3.0449279113316994,0.7733712800841428
441,351860,0.0,0.0,0.0,0.0,0.0,2.8176157335662566,0.0,0.0
442,351870,0.0,0.3236361164960565,0.0,0.0,0.0,0.0,0.0,0.0
443,351880,0.07548417436542341,0.07620806936763307,0.0,0.08035239345674389,0.0,0.0,0.15393105274216626,0.0
444,351907,0.46335123413601215,0.9410569010055194,5.259659843453397,1.509373207619316,2.553939195815626,5.7224606580829755,1.4573293953054562,0.0
445,351960,0.0,1.7513748292409541,0.0,0.0,0.0,0.0,0.0,0.0
446,352010,0.0,0.0,3.4054146092286737,0.0,0.0,0.0,0.0,0.0
447,352040,0.0,0.0,0.0,3.412037668895865,0.0,0.0,0.0,3.913894324853229
448,352210,0.0,3.158659464923087,0.0,0.0,1.1336069104677262,0.0,0.0,0.0
449,352250,0.4476195591842581,0.0,0.0,0.0,0.4908890983349042,0.0,0.48571747757199546,0.0
450,352260,2.7409650938095305,0.0,0.0,0.0,0.0,0.0,0.0,0.0
451,352270,0.0,2.373323840037973,0.0,4.950617589544295,0.0,4.992012779552716,2.4745737546707582,0.0
452,352310,0.0,0.0,0.0,0.0,0.0,0.0,0.27835536516048576,0.0
453,352320,0.0,0.0,0.0,0.0,0.0,0.0,1.9450711896055395,0.0
454,352340,0.0,0.8958967926894822,0.9098601544942542,0.0,0.9706099312808169,0.9857072449482503,0.0,1.0260409185118302
455,352400,0.0,0.0,0.0,0.0,4.3202142826284184,6.692693809258227,4.710537472325592,9.762764814995606
456,352410,0.0,0.0,0.0,0.0,2.5718841623373283,0.0,4.892128565138692,2.4700506360380388
457,352440,3.5314007742596196,2.223942070756941,0.0,0.0,0.0,0.0,0.0,0.0
458,352470,0.0,0.0,2.0203244641089357,2.1490125287430426,0.0,0.0,0.0,0.0
459,352500,0.0,0.0,0.861764376384209,0.0,0.0,1.8444059168541813,0.0,0.0
460,352520,0.0,0.0,0.0,0.0,16.413623307345098,4.196919461115542,0.0,0.0
461,352550,0.0,0.0,0.0,0.0,8.4224711530363,0.0,0.0,0.0
462,352585,31.826861871419474,0.0,0.0,0.0,0.0,0.0,0.0,0.0
463,352590,0.24882059040149693,0.0,0.5077173030056864,1.5907397735316808,20.604046420649002,20.256528679193305,21.718691505991217,3.738446761642386
464,352670,0.0,0.0,0.0,1.0704689724568333,0.0,0.0,1.1236586325074442,0.0
465,352680,4.536450378793607,0.0,0.0,0.0,1.6150131623572732,4.881700133433137,1.579429510060966,0.0
466,352690,0.0,0.0,0.3427615613474642,0.0,0.0,0.0,0.0,0.0
467,352700,0.0,0.0,0.0,0.0,0.0,0.0,0.0,16.88048615800135
468,352730,0.0,0.0,0.0,5.1122130770410505,7.865757734661773,5.383145371840767,0.0,3.085848299697587
469,352740,4.717871296471032,0.0,0.0,0.0,0.0,0.0,0.0,0.0
470,352760,0.0,0.0,0.0,0.0,0.0,0.0,0.0,8.703977717817043
471,352850,0.0,0.0,1.1250745361880223,1.1890040901740702,1.2112989970444306,0.0,1.2633440717579432,0.0
472,352900,0.0,0.43414837454848565,0.0,0.0,0.0,0.0,0.0,0.0
473,352920,0.0,0.0,0.0,4.081299485756264,0.0,0.0,0.0,0.0
474,352930,0.0,2.4694406716878627,3.725412278958872,0.0,0.0,1.3021002877641636,2.556825445526834,0.0
475,353060,0.0,0.0,0.0,0.0,0.0,0.0,0.0,0.26927178139439695
476,353150,0.0,0.0,0.0,0.0,0.0,5.282341133590407,0.0,0.0
477,353180,0.0,0.0,0.0,0.0,0.0,2.0420248718629392,0.0,0.0
478,353190,0.0,0.0,0.0,0.0,3.401360544217687,0.0,0.0,0.0
479,353200,0.0,0.0,0.0,0.0,8.3948959032908,0.0,0.0,0.0
480,353282,0.0,0.0,0.0,0.0,0.0,0.0,10.790978741771879,0.0
481,353350,0.0,0.0,2.575461007520346,0.0,0.0,0.0,0.0,0.0
482,353440,0.43175158740666963,0.2884874745950718,0.0,0.0,0.0,0.0,0.0,0.0
483,353530,0.0,4.536999228710131,0.0,0.0,0.0,0.0,0.0,0.0
484,353540,0.0,6.504488096786782,0.0,0.0,0.0,0.0,0.0,0.0
485,353650,0.0,0.0,1.079121163724263,0.0,0.0,0.0,1.1823545408326142,0.0
486,353710,0.0,2.219657284915209,0.0,0.0,0.0,0.0,0.0,0.0
487,353730,0.0,0.0,0.0,0.0,0.0,0.0,0.0,8.448371998715848
488,353740,0.0,0.0,3.884702043353275,0.0,0.0,0.0,0.0,0.0
489,353760,0.0,3.0992856146658196,0.0,0.0,0.0,0.0,0.0,0.0
490,353790,0.0,3.5590988361746807,0.0,0.0,0.0,0.0,0.0,0.0
491,353820,0.0,7.019021548396153,0.0,0.0,0.0,0.0,0.0,0.0
492,353870,0.0,0.2574585749152961,0.0,0.0,0.0,0.0,0.27111806378323566,0.0
493,353920,3.760246672181695,0.0,0.0,0.0,4.017193588559032,0.0,0.0,0.0
494,353930,0.0,2.6980358299158214,1.3576626479852287,0.0,1.4188019636219176,0.0,0.0,0.0
495,354040,23.4246896228625,0.0,0.0,0.0,0.0,0.0,0.0,0.0
496,354060,0.0,1.9369334469667623,0.0,0.0,0.0,4.088808929958703,2.0848970060878993,0.0
497,354070,1.8261171271525358,3.675592229798026,1.8499334023975136,0.0,0.0,1.9452603731009395,1.957330201605011,0.0
498,354075,0.0,0.0,0.0,0.0,0.0,0.0,0.0,4.993508439029262
499,354100,0.0,0.3404892830998144,0.0,0.0,0.0,0.3834811653225652,0.0,0.0
500,354140,0.0,0.4533112117462001,0.9134088417975885,0.4753009843483386,0.0,0.48163756773028293,0.0,0.0
501,354200,0.0,0.0,0.0,16.42305797339465,0.0,0.0,0.0,0.0
502,354220,0.0,0.0,0.0,0.0,0.0,0.0,3.4306494219355725,0.0
503,354300,0.0,0.0,0.0,5.611042531702391,0.0,0.0,0.0,0.0
504,354340,0.15007736488159645,0.0,0.0,0.0,0.0,0.0,0.0,0.0
505,354390,0.0,0.0,0.0,0.5291649248321224,0.0,0.0,0.0,0.0
506,354520,0.0,0.0,0.0,0.93125477268071,0.0,0.0,0.0,0.0
507,354570,0.0,0.0,0.0,0.0,0.0,0.0,20.03205128205128,0.0
508,354580,0.5259310294048039,0.5284490548688654,0.0,0.0,0.0,0.5550991407065302,0.0,0.0
509,354630,0.0,0.0,3.1241213408728794,3.268721602981074,0.0,0.0,0.0,0.0
510,354680,0.0,0.0,0.0,0.0,1.9619768879122605,0.0,0.0,0.0
511,354730,0.0,0.0,0.0,0.0,0.0,0.9184845005740528,0.0,0.0
512,354750,0.0,0.0,3.6481704425230745,0.0,0.0,0.0,0.0,0.0
513,354780,0.2816068486785599,0.0,0.14185564202445022,0.0,0.44216092889167946,0.0,0.0,0.0
514,354850,0.0,0.23064592390990968,0.0,0.23831426024870475,0.23837390854546628,0.0,0.23975180892739836,0.0
515,354870,0.0,0.0,0.24817128782285533,0.12905124108578553,0.38948241681629286,0.39205282781170486,0.12330775519464746,0.0
516,354880,0.0,0.0,0.0,0.0,0.0,0.6685788020405025,0.0,0.0
517,354890,0.0,0.41848358288904325,0.0,0.0,0.0,0.450580347487564,0.0,0.0
518,354940,0.0,2.0124773596297043,0.0,0.0,0.0,0.0,2.1658147795200557,0.0
519,354980,0.22596418919529632,0.0,0.23039404293162596,0.0,0.0,0.0,0.0,0.0
520,354990,0.14522282263791447,0.1468351159116405,0.2970642624265694,0.0,0.0,0.0,0.1623716654948845,0.0
521,355030,0.44285406913954706,0.24378161437733173,0.21147241219728888,0.2021678546958099,0.15906513531715247,0.2668002090646438,0.21743871150168337,0.07279179934867717
522,355060,0.0,0.0,0.0,1.2397565118210783,0.0,0.0,0.0,0.0
523,355070,0.0,0.0,0.0,0.0,0.0,0.0,1.3581236164115658,0.0
524,355100,0.28126072306506683,0.0,0.0,0.29690418011395187,0.2988080546699217,0.0,0.0,0.0
525,355110,0.0,0.0,0.0,0.0,0.0,0.0,11.626555051738169,0.0
526,355170,0.0,0.0,0.0,0.0,0.0,0.0,0.0,0.9127002236115548
527,355180,0.0,0.0,0.0,7.753140021708792,0.0,0.0,0.0,0.0
528,355220,0.0,0.0,0.0,0.16647466588534557,0.0,0.1705579462094349,0.5134234562640229,0.0
529,355240,0.0,0.0,0.0,0.0,0.41159038524860064,0.0,0.0,0.0
530,355250,0.35053280987100394,0.0,0.0,0.0,0.0,0.0,0.3516718479652267,0.0
531,355280,0.0,0.0,0.0,0.0,0.0,0.0,0.4398639940530388,0.44492496340492177
532,355370,0.0,1.7731125217206283,0.0,0.0,0.0,0.0,0.0,0.0
533,355400,0.857030218885518,0.0,0.0,0.0,0.0,0.0,0.0,0.0
534,355410,0.6615266049462345,0.0,0.0,0.0,0.0,0.35877785910075916,0.0,0.0
535,355475,0.0,0.0,0.0,63.73486297004461,0.0,0.0,0.0,0.0
536,355480,0.0,0.0,0.0,0.0,0.0,0.0,2.4296022741077286,0.0
537,355500,0.0,0.0,0.0,0.0,0.0,0.0,1.5601110799088898,0.0
538,355510,0.0,0.0,0.0,0.0,0.0,0.0,6.949753283758427,0.0
539,355540,0.0,0.0,1.1851570925726205,1.2406332191950773,1.254421836975338,0.0,0.0,0.0
540,355650,0.0,0.0,0.0,0.9153569434400946,9.243340173405063,8.39975360722752,5.596440663737862,1.8876116050361476
541,355670,0.0,0.0,0.0,0.0,1.5415446277169724,0.0,1.5691443455883507,1.6066838046272491
542,355680,0.0,0.0,0.0,5.7146122635579175,0.0,0.0,0.0,0.0
543,355700,0.0,0.0,0.0,0.0,0.0,0.0,0.9506335972925954,0.0
544,410010,0.0,0.0,0.0,0.0,0.0,0.0,0.0,12.554927809165097
545,410040,0.0,0.8961697704013047,0.0,0.0,0.0,0.0,0.0,1.0337092589338324
546,410045,0.0,28.21670428893905,0.0,0.0,0.0,0.0,0.0,0.0
547,410050,0.0,0.0,0.0,0.0,0.0,0.0,4.816027740319784,0.0
548,410370,0.963186993122845,0.0,0.9782629962239048,0.0,0.0,0.0,0.0,0.0
549,410390,0.0,0.0,6.467050378322448,0.0,0.0,0.0,0.0,0.0
550,410420,2.417444277909394,2.4501196475094535,0.0,0.0,0.0,0.0,0.0,0.0
551,410430,0.0,6.500541711809317,6.546787709497207,2.267342334682402,1.1401208528103979,0.0,0.0,0.0
552,410460,0.0,0.0,6.413545407901488,0.0,0.0,0.0,0.0,0.0
553,410480,0.0,0.6467071289760362,0.0,0.0,0.0,0.0,0.0,0.0
554,410490,1.4122299110295156,2.8387316546966814,2.8536369603059097,0.0,0.0,0.0,0.0,0.0
555,410580,0.0,0.43502470940349414,0.0,0.0,0.46459334144823033,0.46942406361634914,0.0,0.0
556,410640,0.0,0.0,0.0,0.0,2.1306515532449826,0.0,0.0,0.0
557,410670,21.56566745740781,21.52389151958674,0.0,0.0,0.0,0.0,0.0,0.0
558,410690,0.1064194896653373,0.05363609838147709,0.05408486781117458,0.0,0.0,0.05724439233932644,0.21607430795450555,0.0
559,410750,0.0,6.99154023631406,0.0,0.0,0.0,0.0,0.0,0.0
560,410755,0.0,29.22267679719462,0.0,0.0,0.0,0.0,0.0,0.0
561,410765,1.0845516463493992,0.0,0.0,0.0,0.0,0.0,0.0,0.0
562,410890,0.0,0.0,15.460729746444033,0.0,0.0,0.0,0.0,0.0
563,410895,0.0,0.0,0.0,0.0,0.0,12.658227848101266,0.0,0.0
564,410940,0.0,0.0,0.0,0.0,0.0,0.5971468324346273,1.736834792274559,0.0
565,411060,0.0,0.0,0.0,0.0,6.725401842760106,6.682705159048383,0.0,0.0
566,411070,0.0,0.0,0.0,0.0,0.0,1.7765776009096077,0.0,0.0
567,411080,0.0,18.63932898415657,0.0,0.0,0.0,0.0,0.0,0.0
568,411295,0.0,12.943308309603935,0.0,0.0,0.0,0.0,0.0,0.0
569,411325,15.89319771137953,0.0,0.0,0.0,0.0,0.0,0.0,0.0
570,411370,0.0,0.18416104515076345,0.0,0.0,0.0,0.0,0.0,0.0
571,411373,0.0,0.0,26.712969146520635,0.0,0.0,0.0,0.0,0.0
572,411390,0.0,0.0,0.0,0.0,0.0,7.708317274339011,0.0,0.0
573,411400,0.0,0.0,0.0,7.256367462448299,0.0,0.0,0.0,0.0
574,411410,0.0,0.0,4.726791453961051,0.0,0.0,0.0,0.0,0.0
575,411430,0.0,4.078968836678088,0.0,0.0,0.0,0.0,0.0,0.0
576,411480,0.0,0.0,0.0,0.0,0.0,3.1277367696734646,0.0,3.2081101023387126
577,411520,0.0,0.25529872503816714,0.5184664798459118,0.0,1.1039690447079864,0.0,0.5961056418418472,0.6034784497845582
578,411540,6.910850034554251,0.0,0.0,0.0,0.0,0.0,0.0,0.0
579,411560,0.0,0.0,0.0,0.0,12.33654083395016,0.0,0.0,0.0
580,411610,0.0,7.840677434530344,0.0,8.008328661808282,0.0,0.0,0.0,0.0
581,411680,15.037593984962406,14.634860237084736,0.0,0.0,0.0,0.0,0.0,0.0
582,411690,0.0,0.0,0.0,3.738457512430371,0.0,0.0,0.0,0.0
583,411730,0.0,0.0,0.0,4.328442193654504,0.0,0.0,0.0,3.9931318132811566
584,411750,0.0,2.574267620861865,0.0,0.0,0.0,0.0,0.0,0.0
585,411780,6.907508461697865,0.0,0.0,0.0,0.0,0.0,0.0,0.0
586,411820,0.6637461834594451,0.0,0.0,0.0,0.0,0.0,0.0,0.0
587,411840,1.152432208175354,0.0,1.1676377520637997,1.2125327383839364,0.0,0.0,0.0,0.0
588,411850,0.0,0.0,0.0,0.0,1.3670913763875978,2.763461511889793,0.0,0.0
589,411880,0.0,14.168319637291019,7.0987435223965365,0.0,0.0,0.0,0.0,0.0
590,411950,0.0,0.0,0.0,0.0,5.289997672401024,0.0,0.0,0.0
591,411970,0.0,0.0,0.0,24.324981756263682,0.0,0.0,0.0,0.0
592,411990,0.0,0.0,0.0,0.0,0.0,0.0,0.0,0.3214338521275707
593,412000,0.0,0.0,7.040766035344645,0.0,0.0,0.0,7.047713017125943,0.0
594,412020,0.0,0.0,0.0,0.0,0.0,79.02015013828526,0.0,0.0
595,412070,0.0,0.0,0.0,0.0,0.0,0.0,0.0,14.05283867341203
596,412240,0.0,3.1953986259785907,1.6171547778837911,0.0,0.0,0.0,0.0,0.0
597,412250,0.0,0.0,0.0,8.911861687906605,0.0,0.0,0.0,0.0
598,412395,25.98077422707197,0.0,0.0,0.0,0.0,0.0,0.0,0.0
599,412402,9.515653249595585,0.0,0.0,0.0,0.0,0.0,0.0,0.0
600,412405,0.0,4.473672437704111,0.0,0.0,0.0,0.0,0.0,0.0
601,412550,0.0,0.341373824820608,0.0,1.0978756106933085,2.604089164012976,0.7590478503764878,1.7902089889973756,0.0
602,412625,1.1064884482606,2.2374367924106147,1.1316697787585583,0.0,3.5832019492618605,0.0,2.36264190617949,4.791222480415878
603,412667,0.0,0.0,0.0,0.0,0.0,8.175277959450622,0.0,0.0
604,412710,3.9573137754092524,0.0,0.0,0.0,0.0,0.0,0.0,2.916132042458883
605,412760,0.0,6.338742393509127,0.0,0.0,0.0,0.0,0.0,0.0
606,412800,0.0,4.562876437306078,0.0,0.0,4.655710228595372,0.0,0.0,0.0
607,412810,0.0,0.9318014517466618,0.0,0.0,0.0,0.0,0.0,0.0
608,412820,0.0,0.0,1.8028737808066058,0.0,0.0,0.0,0.0,0.0
609,420130,0.0,0.0,0.0,3.7209302325581395,0.0,0.0,0.0,0.0
610,420160,28.066236317709798,0.0,0.0,0.0,0.0,0.0,0.0,0.0
611,420210,0.0,0.0,4.009140841117748,0.0,0.0,0.0,0.0,0.0
612,420230,3.1013521895546456,0.0,0.0,0.0,0.0,0.0,0.0,0.0
613,420240,0.0,0.0,0.0,0.0,0.31986181969389227,0.0,0.3339834878563604,0.0
614,420300,0.0,0.0,0.0,0.0,0.0,0.0,1.414027149321267,0.0
615,420395,0.0,4.284123040013709,0.0,0.0,0.0,0.0,0.0,0.0
616,420430,1.3766140800088105,0.0,0.0,1.439636060004031,0.0,0.0,0.0,0.0
617,420500,13.03865962579047,6.543217954590067,0.0,6.713211600429645,0.0,0.0,0.0,0.0
618,420540,0.21290638506248805,0.21667345576828076,0.22061175640049857,0.0,0.0,0.0,0.0,0.0
619,420580,0.0,6.08457560085184,0.0,0.0,0.0,0.0,0.0,0.0
620,420660,0.0,19.700551615445235,0.0,0.0,0.0,0.0,0.0,0.0
621,420790,9.1000091000091,0.0,0.0,0.0,0.0,0.0,0.0,0.0
622,420820,0.0,0.0,0.0,0.0,0.5372675646198564,0.0,0.0,0.0
623,420840,0.0,6.152710268873438,0.0,0.0,0.0,0.0,0.0,0.0
624,420910,0.5336644424718625,0.901549041563214,1.2797519475082315,0.1899919823383453,0.19197358443478177,0.5822416302765648,0.20107332943251072,0.0
625,421010,0.0,0.0,0.0,0.0,0.0,0.0,1.88918066234674,0.0
626,421050,4.1076196344218525,0.0,0.0,0.0,0.0,0.0,0.0,0.0
627,421100,0.0,9.062896501721951,0.0,0.0,0.0,0.0,0.0,0.0
628,421190,0.6335810635291733,1.2966468711911,0.0,0.0,0.0,0.0,0.0,0.0
629,421200,39.20543648719289,12.988699831146901,0.0,0.0,0.0,0.0,0.0,0.0
630,421415,34.758428919012864,0.0,0.0,0.0,0.0,0.0,0.0,0.0
631,421480,0.0,0.0,0.0,0.0,1.6147002309021332,0.0,0.0,0.0
632,421580,0.0,0.0,0.0,0.0,0.0,0.0,1.3069503620252503,0.0
633,421620,0.0,0.0,2.151601867590421,0.0,0.0,0.0,0.0,0.0
634,421660,0.0,0.0,0.0,0.4645156495322328,0.0,0.0,0.49567277665976023,0.0
635,421670,7.193727069994964,14.386419220256078,0.0,0.0,0.0,0.0,0.0,0.0
636,421690,0.0,0.0,0.0,4.532680627322999,0.0,0.0,0.0,0.0
637,421720,0.0,5.1847051198963054,0.0,0.0,0.0,0.0,0.0,0.0
638,421800,0.0,0.0,2.954471592755636,0.0,0.0,0.0,0.0,0.0
639,421830,0.0,0.0,0.0,5.470160275696078,0.0,0.0,0.0,0.0
640,430003,0.0,0.0,0.0,0.0,45.14672686230248,0.0,0.0,0.0
641,430130,5.277323341601139,0.0,0.0,0.0,0.0,0.0,0.0,0.0
642,430210,0.0,0.8903292437543403,0.8977950154420743,0.9339248190520663,0.0,0.0,0.0,0.0
643,430390,0.0,1.5682092618439003,0.0,0.0,0.0,0.0,0.0,0.0
644,430400,0.0,0.0,0.0,0.0,0.0,0.0,0.0,18.034265103697024
645,430420,3.177023764137756,0.0,0.0,0.0,0.0,0.0,0.0,0.0
646,430435,0.0,0.0,0.0,11.263798152737102,0.0,0.0,0.0,0.0
647,430460,0.8788813598052398,1.1765432570835257,0.5907878451308743,0.0,0.0,0.0,0.0,0.0
648,430463,0.0,0.0,0.0,4.567983007103213,0.0,0.0,0.0,0.0
649,430466,7.87959971633441,0.0,0.0,0.0,0.0,0.0,0.0,0.0
650,430510,0.0,0.0,0.21491326100785724,0.22375819794097707,0.0,0.22963061619079547,0.0,0.0
651,430590,0.0,0.0,12.682308180088777,0.0,0.0,0.0,0.0,0.0
652,430610,0.0,1.563819472680074,0.0,0.0,0.0,0.0,0.0,0.0
653,430690,0.0,3.899091511677779,0.0,0.0,0.0,0.0,0.0,0.0
654,430820,0.0,0.0,0.0,0.0,0.0,3.6852773171181132,3.7460198539052256,0.0
655,430920,0.36730001432470055,0.0,0.0,0.0,0.0,0.0,0.0,0.0
656,430940,4.080133828389571,0.0,0.0,0.0,0.0,0.0,0.0,0.0
657,431041,0.0,0.0,0.0,0.0,44.26737494466578,0.0,0.0,0.0
658,431205,0.0,23.97506593143131,0.0,0.0,0.0,0.0,0.0,0.0
659,431337,0.0,3.953663068833274,0.0,0.0,0.0,0.0,0.0,0.0
660,431340,0.40210057339541766,0.8056362310725839,0.40358219556786035,0.0,0.0,0.4183207767380182,0.0,0.0
661,431370,0.0,0.0,11.389521640091116,5.87958607714017,0.0,0.0,0.0,0.0
662,431390,2.430251774083795,2.450740123517302,0.0,0.0,0.0,0.0,0.0,0.0
663,431440,2.6248785993647794,0.5847047095040827,0.0,0.303550017454126,0.0,0.30508453892573634,0.0,0.0
664,431442,0.0,0.0,0.0,0.0,0.0,0.0,19.845207382417147,0.0
665,431490,0.0,0.0,0.06812843026646392,0.07058587689540727,0.0,0.0,0.06963191871448336,0.0
666,431500,18.821757952192733,0.0,0.0,0.0,0.0,0.0,0.0,0.0
667,431560,0.0,0.0,0.0,0.0,0.5049255487278401,0.0,0.0,0.0
668,431680,0.0,3.1909886480578846,0.0,3.3334166687500524,0.8389332125269507,0.0,0.0,0.0
669,431690,0.0,0.0,0.0,0.0,0.38114258925406586,0.38310213119715586,0.0,0.0
670,431760,0.0,0.0,0.0,2.494636531457367,0.0,0.0,0.0,0.0
671,431795,0.0,0.0,0.0,41.18616144975288,0.0,0.0,0.0,0.0
672,431870,0.875771773875728,1.762207693798791,0.0,0.0,0.4636842495734105,0.0,0.0,0.0
673,431880,0.0,0.0,0.0,0.0,0.0,2.3194322029967065,0.0,0.0
674,431940,0.0,0.0,0.0,6.1443932411674345,0.0,0.0,0.0,0.0
675,432000,0.0,0.7259528130671506,0.0,0.75644681800646,0.7599534908463602,0.7634287110269643,1.5833306944488428,0.0
676,432010,0.0,0.0,0.0,0.0,0.0,0.0,4.581271761040865,0.0
677,432140,0.0,0.0,0.0,0.0,0.0,7.290755322251386,0.0,0.0
678,432160,0.0,0.0,0.0,2.3159942563342444,0.0,0.0,0.0,0.0
679,432240,0.0,1.5434480629726808,0.0,0.0,0.0,0.0,0.0,0.0
680,432300,0.0,0.0,0.0,0.0,0.0,0.4180007858414774,0.3835238168290251,0.0
681,500060,0.0,0.0,2.725835468571117,0.0,0.0,0.0,0.0,0.0
682,500085,0.0,0.0,0.0,0.0,0.0,0.0,0.0,13.403029084573115
683,500090,0.0,0.0,0.0,12.006243246488173,0.0,0.0,0.0,0.0
684,500100,0.0,0.0,0.0,4.364525139664805,4.420671057866584,0.0,0.0,0.0
685,500230,8.401243384020836,0.0,0.0,0.0,0.0,0.0,0.0,0.0
686,500270,0.234295742143478,0.3558212354113293,0.0,0.24832473922798323,0.2511767631352888,0.0,0.0,0.0
687,500295,0.0,4.5562238017131405,0.0,0.0,0.0,0.0,0.0,0.0
688,500320,0.0,0.0,0.9315584040541421,0.0,0.0,0.0,0.0,0.0
689,500325,5.12610211195407,20.860495436766623,10.618529333687285,5.52883286338254,4.9932591002147095,5.078978109604347,0.0,0.0
690,500370,0.46977028233193974,0.0,0.9638647119490309,0.0,0.0,0.0,0.0,0.5330461991140772
691,500380,5.202913631633715,0.0,0.0,0.0,0.0,0.0,0.0,0.0
692,500490,0.0,0.0,14.934289127837514,0.0,0.0,0.0,0.0,0.0
693,500500,0.0,3.948199620972836,3.971405877680699,0.0,0.0,0.0,4.136675767353355,0.0
694,500515,0.0,0.0,0.0,0.0,0.0,0.0,0.0,18.12250815512867
695,500540,13.928223222990855,16.626683451699485,7.299447675125916,0.0,7.8402676144679075,0.0,0.0,0.0
696,500568,0.0,5.62651212513363,0.0,0.0,0.0,0.0,0.0,0.0
697,500570,0.0,0.0,0.0,0.0,2.1198117607156486,0.0,0.0,0.0
698,500620,0.0,0.0,0.0,4.243941773118873,0.0,0.0,0.0,0.0
699,500690,0.0,0.0,0.0,0.0,12.878300064391501,0.0,0.0,0.0
700,500710,0.0,0.0,0.0,4.633061527057079,0.0,0.0,0.0,0.0
701,500790,1.9472300652322072,0.0,0.0,0.0,0.0,0.0,0.0,0.0
702,500793,0.0,0.0,0.0,6.397134083930399,0.0,0.0,0.0,0.0
703,500830,0.0,0.0,0.0,0.0,0.965847627878226,0.0,0.0,0.0
704,510020,0.0,0.0,0.0,0.0,0.0,4.797543657647284,0.0,0.0
705,510025,4.000720129623332,0.0,0.0,0.0,0.0,0.0,0.0,0.0
706,510030,0.0,0.0,0.0,0.0,0.0,0.0,0.0,6.9812901424183185
707,510263,0.0,0.0,3.296522169111587,0.0,0.0,0.0,0.0,0.0
708,510320,3.135287662643048,0.0,0.0,0.0,0.0,0.0,0.0,0.0
709,510340,0.17226855289247514,0.0,0.0,0.0,0.0,0.0,0.0,0.0
710,510510,2.975304968759298,5.973180419914583,0.0,0.0,0.0,0.0,0.0,0.0
711,510515,0.0,0.0,0.0,0.0,2.541231480775584,0.0,0.0,0.0
712,510525,0.0,1.8150796819980397,3.7847964725696874,0.0,0.0,0.0,0.0,0.0
713,510550,0.0,0.0,0.0,0.0,0.0,6.900835001035126,0.0,0.0
714,510621,0.0,0.0,0.0,0.0,0.0,8.242664029014177,0.0,0.0
715,510623,0.0,0.0,0.0,0.0,5.627145349164369,0.0,0.0,0.0
716,510642,0.0,0.0,0.0,0.0,0.0,0.0,3.2934821987287157,0.0
717,510704,0.0,0.0,0.0,3.7098868484511227,1.8866500641461021,0.0,4.261393901945326,0.0
718,510730,0.0,0.0,5.452860025083156,0.0,0.0,0.0,0.0,0.0
719,510790,0.0,0.7885378143308863,2.426516977530453,0.0,0.0,0.0,0.0,0.0
720,520025,0.0,0.5478671531726987,1.6864354376299961,0.0,0.0,0.0,0.0,0.0
721,520030,0.0,0.0,3.9264959949740854,0.0,0.0,0.0,0.0,0.0
722,520110,0.0,0.27624996201563023,0.5595939586236227,0.0,0.0,0.0,0.0,0.0
723,520140,0.3832078327681018,0.0,0.0,0.0,0.0,0.0,0.19578283767644927,0.2020532652817936
724,520330,0.0,3.6884036588964295,0.0,0.0,0.0,0.0,0.0,0.0
725,520350,4.299780711183729,4.372158097236796,17.794385871257617,0.0,0.0,0.0,0.0,0.0
726,520425,0.0,11.906179307060365,0.0,0.0,0.0,0.0,0.0,0.0
727,520440,0.0,0.0,0.0,5.857544517338332,0.0,0.0,0.0,0.0
728,520510,0.0,0.0,0.0,0.0,0.0,0.0,2.4658176034718715,0.0
729,520549,0.0,0.0,0.0,0.0,0.0,3.5789059284576705,0.0,0.0
730,520620,0.0,0.0,1.955072435433733,0.0,0.0,6.4421920632193785,0.0,0.0
731,520800,0.8909797213015431,6.341268978512157,5.529801019326654,2.9035442596929983,1.9659690753064454,1.998321410015587,2.0771883178929,0.0
732,520810,0.0,0.0,0.0,0.0,20.70822116380203,0.0,0.0,0.0
733,520860,0.0,0.0,1.5640151396665518,0.0,0.0,0.0,0.0,0.0
734,520870,0.06989600173901253,0.07080327734210162,0.07175788888290907,0.0,0.07586395771646452,0.0,0.0,0.0
735,520890,0.0,0.0,0.0,0.0,4.074315514993481,0.0,0.0,0.0
736,520910,0.0,0.0,2.9621730501495898,3.058291026974127,0.0,0.0,0.0,0.0
737,520915,0.0,0.0,0.0,39.28501276762915,0.0,0.0,0.0,0.0
738,520990,0.0,0.0,0.0,0.0,0.0,8.039877793857533,0.0,0.0
739,521020,0.0,3.108582797102801,0.0,0.0,0.0,0.0,0.0,0.0
740,521140,0.0,11.204481792717088,0.0,0.0,0.0,0.0,0.0,0.0
741,521150,1.9890997334606357,1.004762574603621,8.123146907111815,1.0569372073605108,2.133037552126105,0.0,1.0772147535332643,1.0888146075367748
742,521210,0.0,0.0,13.561160835367508,0.0,0.0,0.0,0.0,0.0
743,521250,0.0,0.0,1.0628065532652076,0.5568486819391698,0.0,0.0,1.4281361870667988,0.0
744,521260,0.0,0.0,0.0,0.0,0.0,42.052144659377625,0.0,0.0
745,521380,2.2418006142533686,0.0,0.0,0.0,0.0,0.0,0.0,0.0
746,521450,0.0,0.0,0.0,0.0,0.0,0.0,4.935834155972359,0.0
747,521460,0.0,4.454839068938635,0.0,2.3292106305173177,0.0,0.0,0.0,0.0
748,521523,0.0,0.9532979342033765,1.9401464810593199,2.0380088653385644,0.0,2.1049751086693402,0.0,0.0
749,521560,0.0,6.536161312461191,0.0,0.0,0.0,0.0,0.0,0.0
750,521640,0.0,0.0,0.0,0.0,0.0,0.0,0.0,8.862891075068687
751,521740,3.2570107155652543,0.0,0.0,0.0,0.0,0.0,0.0,0.0
752,521850,0.0,0.0,2.1651113949812717,0.0,0.0,0.0,0.0,0.0
753,521975,0.0,1.4492753623188406,0.0,0.0,0.0,3.166260329924326,3.420323562609023,1.7268771154244662
754,522050,0.0,0.0,0.0,0.0,0.0,0.0,0.0,13.000520020800833
755,522185,0.0,0.6666444451851605,1.3633822787571408,0.720772668300418,0.0,0.0,0.0,0.0
756,522220,0.0,0.0,0.0,0.0,20.631318341242007,0.0,0.0,0.0
757,530010,0.3087658628462037,0.6661122742755854,0.824443384218218,0.9061623571095233,1.9540244858425178,1.287572235728725,0.15343983336434097,0.35195322307029914
