,MUNCOD,RATE_18,RATE_17,RATE_16,RATE_15,RATE_14,RATE_13,RATE_12,RATE_11,RATE_10,RATE_09,RATE_08
0,110001,0.0,0.0,0.0,0.0,0.0,0.0,0.0,0.0,0.0,0.0,0.0
1,110004,1.179064530201738,1.129854135831064,3.4138625578934194,0.0,0.0,0.0,0.0,1.266480071936068,0.0,0.0,0.0
2,110006,0.0,0.0,0.0,0.0,5.26288090100521,0.0,0.0,0.0,0.0,0.0,0.0
3,110012,0.7818180396694473,0.0,0.0,0.0,0.0,0.0,0.0,0.0,0.0,0.0,0.0
4,110013,0.0,0.0,0.0,0.0,0.0,0.0,0.0,3.146633102580239,0.0,0.0,0.0
5,110014,0.0,0.0,4.614674665436087,0.0,0.0,0.0,0.0,0.0,0.0,0.0,0.0
6,110020,0.0,0.0,0.0,0.19890680818223044,0.20242382285486413,0.0,0.0,0.0,0.0,0.0,0.7911684503119841
7,110025,0.0,0.0,8.953753861306353,0.0,0.0,0.0,0.0,0.0,0.0,0.0,0.0
8,110028,0.0,0.0,3.529577862487647,0.0,1.791889906284158,0.0,0.0,0.0,0.0,0.0,0.0
9,110029,0.0,12.19809709685289,0.0,0.0,0.0,0.0,0.0,0.0,0.0,0.0,0.0
10,110032,0.0,0.0,0.0,0.0,0.0,0.0,4.560587403657591,0.0,0.0,0.0,4.294979169351029
11,110080,0.0,3.9578880709253546,0.0,0.0,0.0,0.0,0.0,0.0,0.0,0.0,0.0
12,110094,0.0,0.0,0.0,0.0,0.0,0.0,0.0,0.0,6.3000063000063,0.0,0.0
13,110110,0.0,0.0,0.0,0.0,0.0,0.0,0.0,0.0,11.680878402055836,0.0,0.0
14,110160,0.0,0.0,0.0,0.0,0.0,0.0,0.0,0.0,0.0,0.0,9.752291788570314
15,110170,0.0,0.0,0.0,0.0,0.0,0.0,0.0,7.795447458684128,0.0,0.0,0.0
16,110175,0.0,0.0,0.0,0.0,0.0,0.0,0.0,0.0,0.0,10.989010989010989,0.0
17,110180,0.0,0.0,0.0,0.0,0.0,0.0,0.0,12.370113805047009,0.0,0.0,0.0
18,120035,0.0,5.58752863608426,0.0,0.0,0.0,0.0,0.0,0.0,0.0,0.0,0.0
19,120040,0.0,0.0,0.0,0.0,0.0,0.0,0.0,0.0,0.2977998546736709,0.0,0.0
20,120042,0.0,0.0,0.0,0.0,0.0,0.0,0.0,0.0,0.0,0.0,0.0
21,130250,2.0782243651024563,1.036699149906697,1.0489877268435959,0.0,0.0,0.0,0.0,1.161737029206069,0.0,0.0,0.0
22,130260,0.0,0.0,0.0,0.0,0.0,0.050449581445047534,0.0,0.05457252251662279,0.0,0.40261330544948615,0.0
23,130270,0.0,0.0,0.0,0.0,0.0,0.0,0.0,0.0,2.127161728106188,0.0,0.0
24,130423,0.0,0.0,0.0,0.0,0.0,0.0,0.0,0.0,0.0,0.0,15.107261557055091
25,140010,0.0,0.0,0.0,0.0,0.0,0.0,0.0,0.0,0.0,0.3746707580713448,0.0
26,150080,0.0,0.0,0.0,0.0,0.0,0.20243898488995418,0.0,0.0,0.0,0.0,0.0
27,150090,0.0,0.0,0.0,0.0,0.0,0.0,0.0,2.4347487339306584,0.0,0.0,0.0
28,150140,0.0,0.0,0.06915428459201046,0.06946562181109381,0.0697912682748436,0.0,0.0,0.07132382729363164,0.0,0.0,0.1404372091194306
29,150170,0.790913980195514,0.0,0.0,0.0,0.0,0.0,0.0,0.0,0.0,0.9340556697179152,0.0
30,150175,0.0,0.0,0.0,0.0,13.777900248002206,0.0,0.0,0.0,0.0,0.0,0.0
31,150180,0.0,0.0,0.0,1.0180085716321732,0.0,0.0,0.0,0.0,0.0,0.0,0.0
32,150230,0.0,0.0,0.0,0.0,0.0,0.0,0.0,0.0,0.0,0.0,1.9026961204026105
33,150330,1.603720631865929,0.0,0.0,0.0,0.0,0.0,0.0,0.0,0.0,1.7542936336684036,1.7655678949133988
34,150400,0.0,0.0,0.0,3.653902367728734,0.0,0.0,0.0,0.0,0.0,0.0,0.0
35,150470,0.0,0.0,0.0,0.0,0.0,0.0,0.0,0.0,0.0,0.0,1.4882059677059305
36,150548,0.0,0.0,0.0,0.0,0.0,0.0,0.0,0.0,0.0,0.0,0.0
37,150550,0.0,0.0,0.0,0.0,0.0,0.0,0.0,0.0,0.0,0.0,1.0473507263377286
38,150553,0.0,0.0,0.0,0.0,0.5453990139185828,0.5663091368316137,0.0,0.0,0.0,0.0,0.0
39,150565,0.0,0.0,0.0,0.0,0.0,0.0,3.9175742380318104,0.0,0.0,0.0,0.0
40,150580,0.0,0.0,0.0,0.0,0.0,0.0,1.841417154642213,3.7553748802974254,0.0,0.0,0.0
41,150830,1.6380284689347901,0.0,0.0,0.0,0.0,0.0,0.0,0.0,0.0,0.0,0.0
42,160020,0.0,0.0,0.0,0.0,0.0,0.0,0.0,0.0,0.0,0.0,0.0
43,160030,0.0,0.0,0.0,0.0,0.2238353288252898,0.0,0.0,0.0,0.0,0.0,0.0
44,170100,0.0,0.0,0.0,10.154346060113728,0.0,0.0,0.0,0.0,0.0,0.0,0.0
45,170650,16.616816218012627,0.0,0.0,0.0,0.0,0.0,0.0,0.0,0.0,0.0,0.0
46,170900,0.0,0.0,0.0,0.0,0.0,0.0,0.0,0.0,0.0,0.0,0.0
47,171320,0.0,5.247966413014956,0.0,0.0,0.0,0.0,0.0,0.0,0.0,0.0,0.0
48,172100,0.0,0.0,0.0,0.0,0.0,0.0,0.0,0.0,0.0,0.0,0.0
49,210030,0.0,0.0,0.0,0.0,0.0,3.971879096000318,0.0,0.0,0.0,0.0,0.0
50,210125,0.0,0.0,0.0,0.0,0.0,0.0,0.0,0.0,0.0,0.0,0.0
51,210135,17.80309773900659,0.0,18.037518037518037,0.0,0.0,0.0,0.0,0.0,0.0,0.0,0.0
52,210140,1.0658026559802187,0.0,0.0,0.0,0.0,0.0,0.0,0.0,0.0,0.0,0.0
53,210360,0.0,0.0,0.0,0.0,0.0,0.0,0.0,0.0,0.0,0.0,3.2029723583485477
54,210600,0.0,0.0,0.0,8.589589417625838,0.0,0.0,0.0,0.0,0.0,0.0,0.0
55,210632,0.0,0.0,0.0,0.0,4.866416857267994,0.0,0.0,0.0,0.0,5.430650591940915,0.0
56,210637,0.0,0.0,0.0,0.0,0.0,6.661781360335754,0.0,0.0,0.0,0.0,0.0
57,210640,0.0,0.0,0.0,0.0,6.184674376894057,0.0,0.0,0.0,0.0,0.0,0.0
58,210840,83.96893149534672,0.0,0.0,0.0,0.0,0.0,0.0,0.0,0.0,0.0,0.0
59,210860,0.0,0.0,0.0,0.0,1.235834249910402,0.0,0.0,0.0,0.0,0.0,0.0
60,210910,0.0,2.116894938504202,0.0,0.0,0.0,0.0,0.0,0.0,0.0,0.0,0.0
61,210923,0.0,0.0,0.0,0.0,0.0,0.0,15.234613040828764,0.0,0.0,0.0,0.0
62,211130,0.1827039638538478,0.27475848728967234,0.0,0.0,0.0,0.0,0.0,0.0,0.19763959037218498,0.10029104461146247,0.0
63,211240,0.0,0.0,0.0,0.0,0.0,0.0,0.0,0.0,2.9449876310519496,0.0,2.9890004782400768
64,211245,0.0,0.0,0.0,4.014935560284258,0.0,0.0,0.0,0.0,0.0,0.0,0.0
65,211290,0.0,0.0,0.0,0.0,0.0,0.0,3.165759149043941,0.0,0.0,0.0,0.0
66,211400,0.0,0.0,0.0,0.0,0.0,0.0,0.0,0.0,0.0,10.807305738679347,2.1602937999567944
67,220190,0.0,0.0,0.0,0.0,0.0,0.0,0.0,0.0,0.0,0.0,0.0
68,220200,0.0,0.0,0.0,0.0,0.0,0.0,0.0,0.0,0.0,0.0,0.0
69,220220,0.0,0.0,0.0,0.0,0.0,0.0,0.0,0.0,0.0,0.0,0.0
70,220500,0.0,0.0,0.0,0.0,0.0,0.0,0.0,0.0,0.0,0.0,8.769622029290538
71,220552,0.0,0.0,0.0,18.148820326678763,0.0,0.0,0.0,0.0,0.0,0.0,0.0
72,220580,3.9266501747359324,0.0,0.0,0.0,0.0,0.0,0.0,0.0,0.0,0.0,0.0
73,220800,0.0,0.0,0.0,0.0,0.0,0.0,0.0,0.0,0.0,0.0,2.759496116009217
74,220850,0.0,0.0,8.114248620577735,0.0,0.0,0.0,0.0,0.0,0.0,0.0,0.0
75,220880,0.0,0.0,0.0,5.650675255693056,0.0,0.0,0.0,0.0,0.0,0.0,0.0
76,220890,0.0,13.86193512614361,0.0,0.0,0.0,0.0,0.0,0.0,0.0,0.0,0.0
77,221037,0.0,0.0,0.0,0.0,0.0,0.0,0.0,0.0,0.0,0.0,37.453183520599254
78,221100,0.11608442588125492,0.0,0.23600769385081952,0.23689805684368873,0.0,0.0,0.0,0.0,0.0,0.0,0.0
79,230015,0.0,0.0,0.0,0.0,0.0,0.0,0.0,0.0,6.520179956966812,0.0,0.0
80,230040,0.0,0.0,0.0,0.0,0.0,0.0,0.0,0.0,0.0,0.0,18.458130806620314
81,230100,0.0,0.0,0.0,0.0,0.0,0.0,0.0,0.0,0.0,1.400560224089636,1.4196680816025213
82,230210,0.0,0.0,0.0,2.861312197773899,0.0,2.8975428836346775,0.0,0.0,0.0,0.0,0.0
83,230370,0.0,0.0,0.0,0.0,0.0,0.0,0.0,0.0,0.30794055515523283,0.29907525929824985,0.0
84,230410,1.3336534101517699,0.0,0.0,0.0,0.0,0.0,0.0,0.0,0.0,0.0,1.3350421873331197
85,230420,0.0,0.0,0.0,0.0,0.0,0.0,0.0,0.0,0.0,0.0,0.0
86,230440,0.0,0.0,0.0,0.03859233679686692,0.038881821037864674,0.039187931997965365,0.07999379248170342,0.08075623367462263,0.24515722545761662,0.15964545936384478,0.16170671737789324
87,230470,0.0,0.0,0.0,0.0,0.0,0.0,0.0,0.0,0.0,1.85349940688019,0.0
88,230533,0.0,0.0,8.168599901976801,0.0,0.0,0.0,0.0,0.0,0.0,0.0,0.0
89,230550,0.0,0.0,0.0,0.0,0.0,0.0,0.0,0.0,1.0360225024087524,0.0,0.0
90,230590,0.0,0.0,2.634560160181258,0.0,0.0,0.0,0.0,0.0,2.6403337381845065,0.0,0.0
91,230630,0.0,0.0,0.0,0.0,0.0,1.9915954671287168,0.0,0.0,0.0,2.1117540228914136,0.0
92,230690,0.0,0.0,0.0,0.0,0.0,2.883256927024767,0.0,0.0,0.0,0.0,0.0
93,230720,0.0,0.0,0.0,0.0,0.0,0.0,0.0,13.00221037576388,0.0,0.0,0.0
94,230730,0.36774710766899815,0.36984573734295423,0.0,0.0,0.0,0.0,0.3911628489172612,0.0,0.0,0.0,0.0
95,230763,0.0,0.0,0.0,0.0,0.0,0.0,5.383580080753701,0.0,0.0,0.0,5.670220004536176
96,230765,0.0,0.0,0.0,0.0,0.0,0.45887978267453494,0.0,0.0,0.0,0.9916060547465702,0.0
97,230770,0.0,0.790601331372642,0.0,0.809257910496075,0.0,0.0,0.0,0.0,0.0,0.0,0.0
98,230870,0.0,0.0,0.0,0.0,0.0,0.0,0.0,0.0,0.0,0.0,1.5798786653185035
99,230890,4.4734723092064055,0.0,0.0,0.0,0.0,0.0,0.0,0.0,0.0,0.0,0.0
100,231020,2.9328093380649323,0.0,0.0,0.0,0.0,0.0,0.0,0.0,0.0,0.0,0.0
101,231040,0.0,0.0,0.0,0.0,0.0,0.0,8.802816901408452,0.0,0.0,0.0,0.0
102,231070,0.0,2.6970898400625725,0.0,0.0,0.0,0.0,0.0,0.0,0.0,0.0,0.0
103,231100,0.0,0.0,0.0,0.0,0.0,0.0,0.0,0.0,0.0,0.0,8.124796880077998
104,231130,0.0,0.0,0.0,0.0,0.0,0.0,0.0,0.0,0.0,0.0,1.2577825294006666
105,231140,0.0,1.2713265020722622,0.0,0.0,0.0,0.0,0.0,0.0,0.0,0.0,0.0
106,231150,0.0,0.0,0.0,4.6356387910254035,0.0,0.0,0.0,0.0,0.0,0.0,0.0
107,231160,3.618861506170159,7.28836412667177,0.0,0.0,0.0,0.0,0.0,0.0,3.7845816145025166,0.0,0.0
108,231180,0.0,1.3076168682576006,0.0,0.0,0.0,0.0,0.0,0.0,1.4307789160418931,0.0,0.0
109,231210,0.0,0.0,0.0,0.0,0.0,0.0,0.0,0.0,0.0,0.0,5.48185505975222
110,231240,2.061175694616209,0.0,0.0,0.0,0.0,0.0,0.0,0.0,0.0,0.0,0.0
111,231290,0.0,0.0,0.0,0.49564820872737364,0.0,0.0,0.0,0.0,0.0,0.0,0.0
112,231310,0.0,0.0,0.0,0.0,0.0,0.0,0.0,0.0,3.423485107839781,0.0,0.0
113,231320,0.0,0.0,0.0,0.0,0.0,0.0,0.0,0.0,0.0,3.7234240607662805,0.0
114,231330,0.0,0.0,0.0,0.0,0.0,0.0,0.0,0.0,0.0,0.0,1.7792961104587024
115,231395,0.0,0.0,0.0,0.0,0.0,0.0,0.0,5.659309564233164,0.0,0.0,0.0
116,240220,0.0,2.918259550004377,0.0,0.0,0.0,0.0,0.0,0.0,0.0,3.274287024000524,0.0
117,240260,0.0,0.0,0.0,0.0,0.0,0.0,0.0,1.458151064450277,0.0,0.0,0.0
118,240310,0.0,0.0,0.0,0.0,2.2366360993066428,0.0,0.0,0.0,0.0,0.0,0.0
119,240325,0.0,0.0,0.0,0.4125684863687372,0.42375933859642434,0.0,0.0,0.0,0.0,0.0,0.0
120,240360,0.0,0.0,0.0,0.0,0.0,0.0,0.0,0.0,0.0,4.395411190716891,0.0
121,240660,0.0,12.093360744951022,0.0,0.0,0.0,0.0,0.0,0.0,0.0,0.0,0.0
122,240710,0.0,0.0,0.0,0.0,0.0,0.0,0.0,0.0,1.438062642008686,0.0,0.0
123,240810,0.0,0.2259427461081362,0.0,0.0,0.0,0.0,0.12231069362394355,0.0,0.12440735446516657,0.0,0.0
124,240820,3.668378576669112,0.0,0.0,0.0,3.815628815628816,0.0,4.08146606260969,0.0,0.0,4.1478286117217635,0.0
125,240830,0.0,0.0,0.0,0.0,0.0,0.0,2.7979071654402508,0.0,0.0,0.0,0.0
126,240980,0.0,0.0,6.711409395973154,0.0,0.0,0.0,0.0,0.0,0.0,0.0,0.0
127,241150,0.0,0.0,0.0,0.0,0.0,0.0,0.0,0.0,0.0,0.0,4.565167769915544
128,241200,0.0,0.9852993339376502,0.0,0.0,0.0,1.0502215967569157,1.1064884482606,1.1230276826323768,0.0,1.2385894942839095,1.2535098275170478
129,241440,0.0,0.0,2.9605068387707973,0.0,0.0,0.0,0.0,0.0,0.0,0.0,0.0
130,250080,0.0,0.0,0.0,0.0,0.0,0.0,0.0,0.0,5.80585229911751,5.605695386512696,0.0
131,250110,0.0,0.0,0.0,0.0,0.0,0.0,0.0,0.0,0.0,0.0,3.888932099245547
132,250130,0.0,0.0,0.0,0.0,0.0,0.0,0.0,0.0,0.0,5.069708491761723,0.0
133,250150,0.0,0.0,0.0,0.0,0.0,0.0,0.0,0.0,0.0,0.0,0.0
134,250157,12.12268153715602,0.0,0.0,0.0,0.0,0.0,0.0,0.0,0.0,0.0,0.0
135,250180,0.0,0.0,0.0,0.0,0.0,0.0,1.9891986513233144,2.995895622996495,0.0,0.0,0.0
136,250270,0.0,0.0,0.0,0.0,0.0,0.0,19.34610176049526,0.0,0.0,0.0,0.0
137,250300,0.0,0.0,0.0,0.0,4.675737597606022,0.0,0.0,4.875670404680643,0.0,4.984051036682616,0.0
138,250320,0.0,0.0,0.0,0.0,0.0,0.0,0.0,0.0,0.0,0.0,0.0
139,250400,0.24541563592099577,0.0,0.0,0.0,0.0,0.0,0.0,0.0,0.25955418972373057,0.5211536256657737,0.0
140,250450,0.0,0.0,0.0,0.0,14.876524843796489,0.0,0.0,0.0,0.0,0.0,0.0
141,250460,0.0,0.0,0.0,0.0,0.0,0.0,0.0,0.0,0.0,0.0,4.8894973596714255
142,250490,0.0,0.0,0.0,0.0,0.0,0.0,0.0,0.0,0.0,0.0,6.368615462998345
143,250523,0.0,0.0,0.0,0.0,0.0,0.0,0.0,0.0,0.0,0.0,14.958863126402393
144,250630,0.0,0.0,0.0,0.0,0.0,0.0,0.0,1.7967191907576763,0.0,0.0,0.0
145,250680,0.0,0.0,0.0,0.0,0.0,0.0,0.0,0.0,0.0,0.0,5.354178936660063
146,250750,0.24989910323706804,0.0,0.0,0.25270457066756963,0.12808394109163382,0.0,0.13468412532088492,0.0,0.0,0.4272074163207474,0.5771322873772511
147,250760,0.0,0.0,0.0,0.0,0.0,0.0,0.0,0.0,0.0,0.0,12.773023374632777
148,250770,0.0,0.0,0.0,0.0,0.0,0.0,5.860290670417253,0.0,0.0,0.0,0.0
149,250790,0.0,0.0,0.0,0.0,0.0,0.0,0.0,0.0,0.0,9.42951438000943,19.004180919802355
150,250860,7.725587144622991,0.0,0.0,7.8100593564511085,0.0,0.0,0.0,8.41609156707625,0.0,0.0,0.0
151,250890,0.0,0.0,0.0,0.0,0.0,0.0,0.0,0.0,0.0,0.0,2.415108921412356
152,250930,0.0,0.0,35.9496704613541,0.0,0.0,0.0,0.0,0.0,0.0,0.0,0.0
153,250950,0.0,0.0,0.0,0.0,0.0,0.0,0.0,0.0,0.0,0.0,21.362956633198035
154,250980,0.0,0.0,0.0,0.0,0.0,0.0,0.0,10.519671786240268,0.0,0.0,0.0
155,251110,0.0,12.312238364934746,0.0,0.0,0.0,0.0,0.0,0.0,0.0,0.0,0.0
156,251120,0.0,3.508895048949086,3.5217467864060574,0.0,3.5493717611982682,3.5642999714856005,7.2782852359984,3.651100806893279,0.0,3.6878595663077154,11.102475852115022
157,251276,0.0,0.0,0.0,0.0,0.0,0.0,0.0,0.0,0.0,0.0,22.97266253158741
158,251315,0.0,0.0,0.0,0.0,0.0,0.0,0.0,0.0,0.0,0.0,0.0
159,251370,0.0,0.0,0.0,0.0,0.0,0.0,4.918274669246028,0.8253140319891719,1.6620544655248353,3.1551962137645435,2.383638703936182
160,251500,0.0,0.0,0.0,0.0,0.0,0.0,14.729709824716453,0.0,0.0,0.0,0.0
161,251530,0.0,0.0,0.0,0.0,1.9244092063736433,0.0,0.0,0.0,0.0,0.0,0.0
162,260005,0.0,0.0,0.0,1.0141782113953064,3.054958707141475,1.022641277892541,0.0,0.0,0.0,3.1163650717802756,1.0452597470471412
163,260010,0.0,0.0,0.0,0.0,0.0,0.0,0.0,0.0,5.699467099826166,0.0,0.0
164,260030,0.0,0.0,0.0,0.0,0.0,0.0,0.0,0.0,0.0,0.0,4.470072862187654
165,260040,0.0,0.0,2.774694783573807,0.0,0.0,2.8589399050831954,0.0,0.0,0.0,0.0,0.0
166,260050,0.0,0.0,2.3347575354299455,0.0,0.0,0.0,0.0,0.0,2.499562576549104,0.0,0.0
167,260070,0.0,2.6132176548984765,2.6136274535427724,2.6140373807345445,2.614515791675382,0.0,0.0,2.671439638821361,2.672796279467579,0.0,0.0
168,260080,0.0,0.0,0.0,0.0,0.0,0.0,0.0,0.0,0.0,4.458911133901101,0.0
169,260090,0.0,0.0,0.0,4.4163759219184735,4.424778761061947,0.0,0.0,0.0,0.0,0.0,0.0
170,260100,0.0,9.053870529651427,0.0,0.0,0.0,0.0,0.0,0.0,19.60015680125441,9.629272989889264,0.0
171,260105,0.0,0.0,0.0,0.0,5.107513151846367,0.0,0.0,0.0,0.0,5.719514985129261,5.788376939106274
172,260130,0.0,0.0,0.0,0.0,0.0,0.0,0.0,0.0,0.0,7.340527049842179,14.943215780035862
173,260140,0.0,0.0,0.0,0.0,0.0,0.0,0.0,2.447680822420756,0.0,0.0,4.59748977058526
174,260150,0.0,0.0,8.374507997655137,0.0,0.0,0.0,0.0,0.0,0.0,0.0,0.0
175,260170,0.0,0.0,0.0,0.0,0.0,0.0,0.0,0.0,0.0,1.3508402226184686,0.0
176,260190,0.0,1.651554938975045,0.0,0.0,1.6583472910897,0.0,0.0,0.0,0.0,0.0,0.0
177,260210,0.0,0.0,0.0,0.0,0.0,0.0,4.349433486288411,4.371871379544014,2.19751241594515,0.0,4.445333511146674
178,260220,0.0,0.0,2.5656814449917897,0.0,0.0,0.0,0.0,0.0,2.6435444644178916,2.44355390479914,4.9270792274339765
179,260230,0.0,0.0,0.0,5.250170630545493,0.0,0.0,0.0,0.0,2.6616981634282673,0.0,0.0
180,260240,0.0,0.0,22.271714922049,0.0,0.0,0.0,0.0,0.0,0.0,0.0,0.0
181,260260,0.0,0.0,0.0,2.036991770553247,0.0,0.0,0.0,0.0,0.0,0.0,0.0
182,260270,0.0,0.0,0.0,0.0,0.0,0.0,7.925186241876684,0.0,0.0,7.312614259597806,0.0
183,260290,0.0,1.465895931161527,0.98699145265402,0.0,0.5040754500133581,1.0196174395366857,2.1139191003160307,1.6029151683862386,2.160725571646959,1.1656166403431574,1.7648512230418973
184,260300,0.0,0.0,0.0,0.0,0.0,0.0,0.0,0.0,3.238027393711751,0.0,0.0
185,260330,0.0,0.0,0.0,0.0,0.0,0.0,0.0,0.0,0.0,8.606592649969878,0.0
186,260345,0.6380155165373622,0.0,0.6442136727909913,0.0,0.654278984559016,0.6596871763409791,0.0,0.6864548724566847,1.384025576792659,2.094825780322603,1.4087185591626579
187,260390,0.0,0.0,0.0,5.176519308417021,0.0,0.0,0.0,0.0,0.0,0.0,5.253480430785395
188,260400,0.0,1.2094092036040394,1.2212398026476479,1.233745404298369,1.2469760829987282,1.2609068442023503,5.22691337697806,2.641798536443611,1.3359874951570454,2.938151902453357,4.429548038448477
189,260410,0.0,0.28079791535627635,0.5686891147216552,0.864334116996266,0.8763525040312216,0.29637005951110795,0.0,0.0,0.3175097078593178,0.0,0.678983426014571
190,260420,0.0,0.0,2.388630120625821,0.0,0.0,0.0,0.0,2.6093309675399228,5.286809410520751,0.0,0.0
191,260440,0.0,0.0,0.0,0.0,0.0,7.691124442393479,7.935878104912309,0.0,0.0,16.413623307345098,0.0
192,260450,0.0,0.0,0.0,0.0,0.0,0.0,0.0,0.0,0.0,0.0,5.560498220640569
193,260460,0.0,0.0,0.0,3.872516748634938,0.0,0.0,0.0,0.0,0.0,0.0,0.0
194,260470,0.0,0.0,11.090778018077968,0.0,0.0,0.0,0.0,0.0,0.0,0.0,0.0
195,260480,7.939028262940616,0.0,0.0,0.0,0.0,0.0,8.052826542116284,8.041817450743867,0.0,8.53825136612022,8.465966813410091
196,260490,17.189514396218307,0.0,0.0,0.0,0.0,0.0,0.0,0.0,0.0,0.0,0.0
197,260520,0.0,1.4645362545949825,2.9481566650451807,0.0,0.0,0.0,3.1045295085529787,1.5634038428466457,3.1478712520657903,12.778736182991501,8.043369850232454
198,260530,0.0,0.0,0.0,0.0,0.0,0.0,0.0,0.0,0.0,0.0,3.201434242540658
199,260540,0.0,0.0,0.0,0.0,0.0,0.0,0.0,9.660435685649423,4.857198367981349,0.0,5.010773162298943
200,260550,0.0,0.0,0.0,0.0,0.0,0.0,0.0,0.0,0.0,0.0,8.774238834781084
201,260580,0.0,0.0,0.0,0.0,0.0,0.0,6.90035881865857,0.0,0.0,0.0,0.0
202,260590,0.0,0.0,0.0,0.0,0.0,0.0,0.0,7.088930634813739,7.164606842199535,0.0,7.275637527738368
203,260600,0.0,0.0,1.4512734924896598,0.0,2.2049582160418058,0.7399843123325786,0.76237525634868,0.0,0.0,0.0,0.7683206048219802
204,260610,0.0,3.2867707477403454,0.0,3.309066843150232,3.3210454651124173,0.0,6.839711364180432,0.0,0.0,3.534942910671993,3.5407003505293346
205,260620,0.0,0.0,0.0,0.0,0.0,0.0,0.0,1.3160145814415625,0.0,2.6873051703751476,0.0
206,260640,0.0,0.0,0.0,0.0,1.231800152743219,0.0,1.2846040208105851,0.0,3.912924389257718,0.0,0.0
207,260650,0.0,0.0,0.0,0.0,0.0,0.0,0.0,0.0,5.473154178753216,0.0,0.0
208,260670,0.0,0.0,0.0,0.0,0.0,0.0,0.0,0.0,0.0,0.0,0.0
209,260680,0.0,0.0,0.0,0.0,0.0,0.9147289658074312,1.9047074845480605,0.0,0.0,0.0,0.0
210,260720,1.0558658628007898,2.115663313340315,0.0,1.0947986117953603,0.0,1.1373200191069763,3.5773055734420836,0.0,0.0,2.648585655260091,1.3502747809179168
211,260730,0.0,0.0,0.0,0.0,0.0,0.0,0.0,0.0,7.112375533428166,0.0,0.0
212,260760,0.0,0.0,0.0,0.0,0.0,0.0,4.387119417390542,0.0,0.0,0.0,5.431240495329133
213,260765,0.0,0.0,0.0,0.0,0.0,0.0,0.0,0.0,5.6500367252387145,8.304268393954493,5.548004105523038
214,260775,0.0,3.796795504594123,3.835385264449814,0.0,0.0,0.0,0.0,0.0,0.0,0.0,0.0
215,260780,0.0,0.0,5.950255861002024,0.0,0.0,0.0,0.0,0.0,0.0,0.0,0.0
216,260790,0.4300236799706437,0.574748978383691,0.2893832519442937,0.7287333739480734,0.2937103399256619,0.2960335938922349,0.4581649577113744,0.6155853909275025,0.3102222897817431,0.7270739056083573,1.0319217626403046
217,260810,0.0,0.0,3.0105066682722703,0.0,3.062693332516615,0.0,0.0,0.0,0.0,0.0,0.0
218,260845,0.0,0.0,0.0,0.0,0.0,0.0,0.0,0.0,0.0,6.565988181221274,0.0
219,260850,0.0,0.0,0.0,0.0,0.0,0.0,0.0,0.0,4.841911586694427,0.0,0.0
220,260880,0.0,0.0,0.0,0.0,0.0,5.1887404332598255,0.0,0.0,0.0,0.0,0.0
221,260890,0.0,1.7812611328820804,0.0,5.3315324601467955,5.325191706901449,3.5456592266917224,3.6138265001897256,7.22138975645863,1.799402598337352,5.24081547088727,8.740800307676171
222,260900,0.0,0.0,0.0,0.0,0.0,0.0,0.0,12.48179737882255,0.0,4.161291664932795,4.182875308487054
223,260910,0.0,6.321112515802781,19.266585318861985,6.5303990073793505,0.0,0.0,0.0,0.0,7.335680751173709,8.47314014573801,0.0
224,260920,8.716116098666435,8.746610688358261,8.64304235090752,0.0,0.0,0.0,0.0,0.0,0.0,0.0,0.0
225,260940,0.0,0.0,0.0,0.0,3.3093406138826835,0.0,1.729266099467386,0.0,0.0,0.0,0.0
226,260950,0.0,0.0,3.1080997078386274,3.1187624750499,0.0,0.0,0.0,0.0,0.0,0.0,3.3198326804329064
227,260960,0.25520946316689425,0.2559043531889521,0.25631561679790027,0.7702300934032359,0.2571877547766196,0.5152952512966117,0.26366371275420475,0.0,0.266269747230129,0.0,0.5065214638470305
228,260970,4.1958628792011075,0.0,4.216384871611081,0.0,0.0,0.0,4.348582362149939,4.3595779928502925,8.746993221080254,0.0,4.4955943175687825
229,261000,1.5874527732799948,1.5915457091927678,0.0,0.0,1.6123831022250885,0.0,0.0,0.0,1.6799946240172032,3.400261820160152,10.24170421958214
230,261010,12.838618564642445,0.0,0.0,0.0,0.0,0.0,0.0,0.0,0.0,0.0,0.0
231,261050,0.0,3.4615251479802,0.0,0.0,0.0,0.0,0.0,0.0,0.0,0.0,3.4967480243373665
232,261060,0.0,0.0,1.8020290847494278,0.0,1.8332813903606064,0.0,0.0,3.8583968361145944,21.411608985089735,0.0,0.0
233,261070,0.6076866281595906,0.30455028582044325,1.2285389600417702,0.30985653642363586,0.0,0.0,0.6530846822253208,1.3183872169175448,0.33265582430449986,0.31311350677734184,0.0
234,261080,0.0,0.0,0.0,0.0,0.0,0.0,0.0,0.0,0.0,4.810467577448528,4.8183482702129705
235,261090,1.4914910435962832,0.0,0.0,3.023294483999214,0.0,0.0,0.0,0.0,0.0,0.0,0.0
236,261100,0.0,0.0,0.0,0.0,0.0,0.0,0.0,0.0,3.078343851008158,3.0704986489805943,0.0
237,261110,0.0,0.0,0.0,0.0,0.0,0.0,0.0,0.0,0.0,0.0,0.36209056609239104
238,261130,3.6991824806717717,0.0,0.0,0.0,0.0,3.743075310675251,7.666947788085563,4.149377593360995,0.0,0.0,4.493776120073698
239,261140,0.0,0.0,0.0,0.0,0.0,7.042253521126761,7.296607077708865,0.0,7.441029838529652,0.0,0.0
240,261150,0.0,0.0,0.0,0.0,0.0,0.0,0.0,4.107957112927741,0.0,0.0,0.0
241,261160,0.24422499471863449,0.0,0.0,0.30917960428720803,0.24868074862852568,0.18755708768856522,0.25722827530370623,0.5819532419968496,0.5855814237956868,0.9605169886639785,0.7096865766009884
242,261180,0.0,0.0,0.0,0.0,2.153640729653479,0.0,0.0,0.0,0.0,2.543429051046621,17.700010114291494
243,261190,0.0,0.0,0.0,0.0,0.0,0.0,4.472071910916328,0.0,0.0,0.0,4.6008741660915575
244,261200,0.0,0.0,9.758953840148337,9.581297307655456,0.0,0.0,0.0,0.0,0.0,0.0,0.0
245,261210,0.0,0.0,0.0,0.0,0.0,0.0,0.0,0.0,10.76773985140519,0.0,0.0
246,261220,0.0,0.0,0.0,0.0,0.0,0.0,1.7438920182062327,0.0,0.0,0.0,1.8142564270033927
247,261230,0.0,0.0,0.0,0.0,0.0,6.368615462998345,0.0,0.0,0.0,0.0,0.0
248,261250,0.0,1.8910562494681404,0.0,0.0,0.0,0.0,0.0,0.0,0.0,1.244864932154861,3.8260425966075755
249,261300,0.0,1.6999864001087992,0.0,1.7343346225220693,7.01188514532132,3.545282115824367,0.0,0.0,0.0,0.0,0.0
250,261310,2.6940380936986448,0.0,0.0,0.0,0.0,0.0,0.0,0.0,0.0,0.0,0.0
251,261320,0.0,4.4193035177656,0.0,0.0,0.0,0.0,0.0,0.0,0.0,0.0,0.0
252,261340,0.0,0.0,0.0,0.0,4.998750312421895,0.0,0.0,0.0,0.0,0.0,0.0
253,261370,0.0,0.0,0.0,0.9069143147355437,0.0,0.0,0.9543623904869157,0.0,0.0,1.0005503026664666,0.0
254,261380,0.0,0.0,0.0,0.0,0.0,0.0,0.0,5.855829478245593,0.0,11.538683436219927,0.0
255,261390,0.0,0.0,0.0,0.0,0.0,0.0,0.0,0.0,0.0,0.0,1.2581148407226612
256,261400,0.0,0.0,5.249619402593312,0.0,0.0,0.0,0.0,0.0,0.0,0.0,10.599395834437438
257,261410,2.796342384161517,0.0,0.0,0.0,0.0,0.0,2.9317775367205137,0.0,0.0,0.0,0.0
258,261420,0.0,0.0,4.470872267179327,0.0,0.0,0.0,0.0,0.0,0.0,0.0,0.0
259,261450,1.5499070055796653,0.0,1.5678896205707118,1.583130164962163,0.0,3.2323232323232323,0.0,3.3815771675909643,1.711039627677777,1.7607183730962233,1.7781571179629434
260,261485,0.0,0.0,4.3763676148796495,0.0,0.0,4.535970244035199,0.0,0.0,0.0,0.0,0.0
261,261500,3.519144144144144,0.0,3.5738536864300774,0.0,0.0,3.7352457791722693,0.0,0.0,0.0,0.0,4.463488662738796
262,261510,0.0,0.0,0.0,0.0,0.0,0.0,0.0,0.0,14.843402107763099,0.0,0.0
263,261520,0.0,0.0,0.0,0.0,0.0,10.084711577248891,0.0,0.0,0.0,0.0,0.0
264,261530,5.887432294528613,0.0,0.0,5.598999645396689,0.0,0.0,0.0,7.464218403030473,11.147650632629174,13.521344407958278,1.9123749784857813
265,261540,0.0,0.0,0.0,0.0,0.0,0.0,0.0,2.7314941272876263,0.0,0.0,6.217165594205602
266,261570,0.0,0.0,0.0,0.0,0.0,0.0,0.0,0.0,0.0,0.0,6.359704909692191
267,261620,0.0,0.0,0.0,5.006007208650381,0.0,0.0,0.0,0.0,0.0,0.0,0.0
268,261630,0.0,0.0,3.0963586821897446,9.329228472805298,6.2472668207659146,0.0,3.22362270719835,3.2384468408951066,9.762129445836452,0.0,3.5723216518415315
269,261640,0.7250842910488344,1.4537207983834624,0.0,0.0,0.0,0.7467869491512766,3.8489072952188876,4.5828114020347686,0.7660487206986365,6.329163996550606,8.75231737494132
270,270020,0.0,0.0,0.0,0.0,0.0,0.0,0.0,0.0,0.0,0.0,11.25809175344779
271,270030,0.43399575552151104,0.0,0.0,0.0,0.0,0.0,0.0,0.0,0.0,0.0,0.0
272,270040,0.0,0.0,0.0,2.1142543025075056,0.0,0.0,0.0,0.0,0.0,0.0,0.0
273,270100,0.0,0.0,0.0,0.0,0.0,3.693580556991948,3.8446751249519417,0.0,3.8789759503491075,0.0,0.0
274,270110,0.0,0.0,0.0,0.0,0.0,0.0,0.0,0.0,0.0,0.0,8.235875473562839
275,270210,0.0,0.0,0.0,0.0,0.0,0.0,0.0,0.0,0.0,0.0,0.0
276,270230,0.0,0.0,1.7519578128558664,0.0,0.0,0.0,0.0,0.0,0.0,0.0,0.0
277,270240,0.0,0.0,0.0,0.0,0.0,0.0,0.0,0.0,0.0,0.0,0.0
278,270250,0.0,0.0,0.0,0.0,0.0,0.0,0.0,0.0,0.0,8.928571428571429,0.0
279,270280,0.0,0.0,0.0,0.0,0.0,0.0,8.078849571820973,0.0,16.208768943998702,16.273393002441008,0.0
280,270380,0.0,0.0,4.136675767353355,0.0,0.0,0.0,0.0,8.803979398688208,0.0,4.457122481725798,4.471072163104712
281,270430,0.0,0.0,0.09787522670349384,0.0,0.0,0.0,0.2097770803855283,0.0,0.10722618720834476,0.21360355607200152,0.21641672338588291
282,270450,0.0,0.0,0.0,0.0,0.0,0.0,0.0,0.0,0.0,0.0,0.0
283,270510,0.0,0.0,0.0,0.0,0.0,0.0,0.0,0.0,0.0,0.0,3.940731399747793
284,270550,0.0,0.0,0.0,0.0,0.0,0.0,0.0,0.0,0.0,3.7149862545508583,11.222924694175301
285,270570,0.0,0.0,0.0,0.0,0.0,0.0,0.0,0.0,4.909903274905484,0.0,0.0
286,270600,0.0,0.0,0.0,0.0,0.0,0.0,0.0,0.0,0.0,0.0,9.235315847801994
287,270610,0.0,0.0,0.0,0.0,0.0,8.765010079761591,0.0,0.0,0.0,0.0,0.0
288,270630,0.0,1.3475636050021562,0.0,0.0,0.0,0.0,1.413667335802539,1.4173139066840523,1.4197688616293267,1.3780938206273083,2.770006371014653
289,270640,4.090648776896016,0.0,0.0,0.0,0.0,0.0,0.0,0.0,0.0,0.0,0.0
290,270670,0.0,0.0,0.0,0.0,0.0,0.0,0.0,0.0,0.0,0.0,0.0
291,270690,5.712979890310786,0.0,0.0,0.0,0.0,0.0,0.0,0.0,3.0019212295869355,0.0,0.0
292,270750,0.0,4.919565110444236,0.0,0.0,0.0,0.0,0.0,0.0,0.0,0.0,0.0
293,270760,8.81678716275789,0.0,0.0,8.62663906142167,0.0,0.0,0.0,8.768853034023149,0.0,0.0,0.0
294,270770,0.0,2.630921217064155,2.6424268047775077,0.0,1.3286035048560458,1.3920984492023276,1.45028425571412,2.903389707483487,2.919196637085474,7.374957593993835,5.938330438397244
295,270800,0.0,0.0,0.0,0.0,0.0,0.0,2.2000748025432864,0.0,0.0,0.0,0.0
296,270810,0.0,9.175153683824204,9.130752373995618,0.0,0.0,0.0,0.0,0.0,0.0,0.0,0.0
297,270830,0.0,4.12779658218443,4.142502071251036,0.0,0.0,0.0,8.73133676765913,0.0,4.407422098814403,12.980269989615783,4.35900788980428
298,270850,0.0,0.0,2.8737283751939766,0.0,0.0,0.0,0.0,0.0,0.0,0.0,0.0
299,270900,0.0,0.0,0.0,0.0,0.0,0.0,0.0,0.0,0.0,0.0,17.09986320109439
300,270915,0.0,0.0,0.0,0.0,0.0,0.0,0.0,4.821600771456124,2.429661305214053,4.7692857994515325,0.0
301,270930,1.5276271367684577,0.0,1.5093200513168816,0.0,1.5205887719725077,1.5268341094740054,1.5892439966308027,6.385186367627106,1.60253842085864,4.782629489693433,8.013462617196891
302,280010,0.0,0.0,0.0,0.0,0.0,0.0,0.0,0.0,43.956043956043956,0.0,0.0
303,280020,4.663526558783752,0.0,0.0,0.0,0.0,0.0,0.0,0.0,0.0,0.0,0.0
304,280030,0.0,0.3076421383589753,0.1558790565575981,0.15804179889497175,0.3206330579095366,0.16271354118361084,0.6806182055160702,0.34508759185800336,0.35030134673352753,0.0,0.5588829792188679
305,280040,0.0,0.0,0.0,0.0,0.0,0.0,0.0,0.0,10.310341272296114,0.0,0.0
306,280060,0.0,0.0,3.4190371991247264,0.0,0.0,0.0,0.0,0.0,0.0,0.0,0.0
307,280070,0.0,0.0,0.0,0.0,0.0,0.0,0.0,0.0,0.0,0.0,12.498437695288088
308,280120,0.0,0.0,0.0,0.0,0.0,0.0,0.0,0.0,0.0,0.0,4.437738528445904
309,280130,2.9495044832468147,2.936857562408223,0.0,0.0,0.0,0.0,0.0,0.0,0.0,0.0,0.0
310,280210,1.4534038718679148,0.0,0.0,1.4618814414151013,1.471605374302827,0.0,3.0662619200932144,4.627844195912071,0.0,3.145544336447422,4.746384836882575
311,280270,0.0,0.0,0.0,0.0,0.0,0.0,0.0,0.0,0.0,22.456770716370986,0.0
312,280280,0.0,0.0,0.0,0.0,0.0,0.0,0.0,6.235580220739539,6.304772712943698,5.516936996579499,11.314137014199241
313,280290,0.0,0.0,0.0,1.0686957636899928,0.0,0.0,0.0,0.0,0.0,1.1552146388799038,0.0
314,280300,0.0,0.0,0.0,0.0,0.0,2.449719507116435,2.5360113613308988,0.0,2.5716196060278764,0.0,5.1860495267729805
315,280350,0.0,0.0,1.938209869364655,0.9779281613972638,0.0,0.0,2.0703505103414006,1.0444300545192489,0.0,0.0,0.0
316,280360,0.0,0.0,0.0,0.0,0.0,0.0,0.0,0.0,0.0,0.0,0.0
317,280400,0.0,5.781349366942244,0.0,0.0,0.0,0.0,0.0,0.0,0.0,6.417661404184314,6.417249566835655
318,280450,0.0,0.0,2.76441643169127,0.0,0.0,0.0,0.0,0.0,0.0,0.0,0.0
319,280480,0.0,0.5496680005276813,1.1132076521894012,0.0,0.5715134820030404,0.0,0.0,0.0,0.0,0.0,1.3050315491377005
320,280490,0.0,0.0,0.0,0.0,0.0,0.0,0.0,7.541478129713425,0.0,0.0,0.0
321,280510,10.484378276368211,0.0,0.0,0.0,0.0,0.0,0.0,0.0,0.0,0.0,0.0
322,280530,0.0,0.0,0.0,0.0,0.0,0.0,0.0,0.0,0.0,0.0,11.7813383600377
323,280570,0.0,0.0,0.0,0.0,0.0,0.0,0.0,0.0,0.0,3.506311360448808,0.0
324,280580,0.0,4.9965024482862,0.0,0.0,0.0,0.0,0.0,5.154373485902789,0.0,0.0,0.0
325,280620,0.0,0.0,0.0,0.0,0.0,0.0,0.0,0.0,0.0,0.0,5.236973029588897
326,280630,0.0,0.0,0.0,0.0,0.0,0.0,0.0,0.0,0.0,7.406310176270182,0.0
327,280640,0.0,12.901561088891755,0.0,0.0,0.0,0.0,0.0,0.0,0.0,0.0,0.0
328,280660,0.0,0.0,0.0,0.0,0.0,0.0,17.358097552508244,0.0,0.0,0.0,0.0
329,280670,0.0,0.0,0.0,0.0,0.0,0.0,1.2344002666304577,0.0,0.0,1.3314870046868341,1.3479087196215072
330,280680,0.0,0.0,0.0,0.0,0.0,9.258401999814833,0.0,0.0,0.0,0.0,0.0
331,280740,0.0,0.0,0.0,0.0,1.9618999038669047,0.0,0.0,2.0655182385260464,2.081641999208976,0.0,0.0
332,280750,0.0,0.0,0.0,0.0,0.0,0.0,0.0,0.0,0.0,0.0,7.546030787805614
333,280760,0.0,3.9818427968463808,0.0,0.0,0.0,4.175365344467641,0.0,0.0,0.0,4.673552367154274,0.0
334,290070,0.0,0.0,0.0,0.0,0.0,0.0,0.6970584134950509,0.0,0.7034327518289252,0.0,0.0
335,290100,0.0,0.0,0.0,0.0,0.0,0.0,0.0,0.0,0.0,0.0,2.8638524543215533
336,290130,0.0,7.279609812914028,0.0,0.0,0.0,0.0,0.0,0.0,0.0,13.690190978164145,0.0
337,290180,0.0,0.0,0.0,0.0,0.0,0.0,0.0,0.0,9.075233687267447,8.896797153024911,0.0
338,290195,0.0,0.0,0.0,0.0,0.0,0.0,0.0,0.0,0.0,0.0,13.156163662675965
339,290200,0.0,0.0,0.0,0.0,0.0,0.0,0.0,0.0,0.0,0.0,6.926646810279144
340,290250,0.0,0.0,0.0,7.044734061289186,0.0,0.0,0.0,0.0,0.0,0.0,0.0
341,290280,0.0,0.0,0.0,0.0,0.0,0.0,0.0,0.0,0.0,9.73852071870283,0.0
342,290290,0.0,0.0,0.0,0.0,0.0,0.0,0.0,17.101812792155968,0.0,0.0,0.0
343,290350,0.0,10.960705869457993,0.0,0.0,0.0,0.0,0.0,0.0,0.0,0.0,0.0
344,290370,0.0,0.0,6.98616738857063,0.0,0.0,0.0,0.0,0.0,0.0,0.0,0.0
345,290405,0.0,5.837370848169984,0.0,0.0,0.0,0.0,0.0,0.0,0.0,0.0,0.0
346,290410,0.0,0.0,0.0,0.0,0.0,0.0,0.0,0.0,0.0,4.440300164291107,0.0
347,290430,0.0,0.0,0.0,0.0,0.0,0.0,0.0,0.0,0.0,0.0,0.0
348,290450,0.0,0.0,0.0,0.0,0.0,0.0,0.0,0.0,0.0,0.0,0.0
349,290460,0.0,0.0,0.0,0.0,0.0,0.0,0.0,1.5434480629726808,0.0,0.0,0.0
350,290485,0.0,0.0,0.0,0.0,0.0,0.0,0.0,0.0,0.0,5.385319618719371,5.463883728554256
351,290490,2.953250051681876,2.845840803665443,0.0,0.0,0.0,0.0,3.0988534242330337,0.0,0.0,0.0,0.0
352,290520,1.9661430172430745,0.0,1.8976772430545013,1.9036378519350479,0.0,0.0,0.0,0.0,0.0,0.0,2.0931887637627162
353,290560,3.128128128128128,0.0,0.0,0.0,0.0,0.0,0.0,0.0,0.0,0.0,0.0
354,290570,0.0,0.0,0.0,0.3485304214778387,0.0,0.0,0.3917911909668623,0.4012744476457228,0.4115497316695749,0.0,0.0
355,290600,0.0,1.3615074610608866,0.0,0.0,0.0,0.0,0.0,1.4932728060089298,0.0,0.0,1.4796839395105206
356,290620,3.8431975403535743,0.0,0.0,0.0,0.0,0.0,0.0,0.0,0.0,0.0,0.0
357,290670,0.0,0.0,0.0,7.4474027183019915,0.0,0.0,0.0,0.0,3.5821750967187276,3.679175864606328,0.0
358,290687,0.0,0.0,0.0,0.0,0.0,0.0,0.0,0.0,0.0,3.6821562707121287,0.0
359,290700,0.0,0.0,0.0,0.0,0.0,0.0,33.222591362126245,0.0,0.0,0.0,0.0
360,290710,0.0,0.0,0.0,0.0,0.0,0.0,3.506434306953259,0.0,0.0,0.0,0.0
361,290810,0.0,0.0,0.0,0.0,0.0,0.0,0.0,0.0,0.0,5.579423087652737,0.0
362,290860,3.901677721420211,0.0,0.0,0.0,0.0,0.0,0.0,0.0,0.0,4.31667098333765,0.0
363,290880,0.0,0.0,0.0,0.0,0.0,0.0,0.0,0.0,0.0,0.0,25.484199796126404
364,290940,0.0,6.937699458859442,0.0,0.0,0.0,0.0,0.0,0.0,0.0,0.0,0.0
365,290950,0.0,0.0,0.0,0.0,0.0,0.0,0.0,19.821605550049554,0.0,0.0,0.0
366,290960,0.0,0.0,0.0,4.625988805107092,4.644897580008361,0.0,0.0,0.0,0.0,0.0,0.0
367,291010,0.0,0.0,7.966223213574445,0.0,0.0,0.0,0.0,0.0,0.0,0.0,0.0
368,291030,0.0,0.0,0.0,0.0,11.876484560570072,0.0,0.0,0.0,0.0,12.220457045093486,0.0
369,291040,0.0,0.0,0.0,0.0,0.0,0.0,0.0,4.172229639519359,0.0,0.0,0.0
370,291050,0.0,0.0,0.0,0.0,2.3349210796675073,0.0,0.0,0.0,0.0,2.4676734774454645,4.965736418710895
371,291072,0.0,0.0,0.0,0.0,0.0,0.0,0.0,0.0,0.0,1.0044900706156519,8.147137299631343
372,291080,0.0,0.15936839119202775,0.0,0.0,0.32679738562091504,0.16497866001032765,0.0,0.355577048212692,0.0,0.16900256376889236,0.5132618302574693
373,291120,0.0,3.0089667208280675,0.0,0.0,0.0,0.0,0.0,0.0,0.0,0.0,0.0
374,291140,0.0,0.0,0.0,0.0,0.0,0.0,0.0,0.0,0.0,0.0,7.030865499542994
375,291150,0.0,0.0,0.0,0.0,0.0,0.0,12.451749470800648,0.0,0.0,0.0,0.0
376,291210,0.0,0.0,0.0,4.161638020724957,0.0,0.0,0.0,0.0,0.0,0.0,0.0
377,291220,5.169027189083014,5.054078641463661,0.0,0.0,0.0,0.0,0.0,0.0,0.0,0.0,6.008532115604158
378,291345,0.0,0.0,0.0,0.0,0.0,0.0,0.0,0.0,0.0,0.0,7.442691277165824
379,291350,0.0,0.0,3.5887313834559484,0.0,0.0,0.0,0.0,0.0,0.0,0.0,3.4399724802201583
380,291360,0.0,0.0,0.0,0.554898925160782,0.0,0.0,0.0,0.0,0.0,0.0,0.0
381,291390,0.0,0.0,0.0,0.0,0.0,0.0,0.0,0.0,0.0,9.14850307618416,2.2857665318064413
382,291430,0.0,0.0,0.0,0.0,0.0,0.0,0.0,0.0,0.0,0.0,6.539794650447976
383,291450,0.0,0.0,0.0,0.0,0.0,0.0,0.0,0.0,0.0,3.8743171516020305,0.0
384,291460,0.0,0.0,0.0,0.0,0.0,0.0,0.0,0.0,0.0,1.513752440925811,0.0
385,291550,0.0,4.62064504204787,0.0,0.0,0.0,0.0,0.0,0.0,0.0,4.880429477794046,0.0
386,291560,0.0,0.0,0.0,0.0,0.0,0.0,3.172739819471104,1.5859673607917149,0.0,0.0,0.0
387,291570,0.0,0.0,0.0,0.0,11.717834544176236,0.0,0.0,0.0,0.0,0.0,0.0
388,291650,0.0,2.7615917815028586,0.0,0.0,0.0,0.0,0.0,0.0,0.0,0.0,0.0
389,291700,0.0,0.0,0.0,0.0,0.0,0.0,0.0,0.0,0.0,0.0,5.421523448088913
390,291750,0.0,0.0,1.1985377839036375,1.179092334720732,0.0,0.0,2.5131942699170646,3.7775287406978353,6.306363120388472,1.2656145191297634,0.0
391,291760,0.0,0.0,0.0,0.0,0.0,1.8214272704090926,0.0,0.0,0.0,0.0,0.0
392,291790,0.0,0.0,0.0,9.039139473922083,0.0,0.0,0.0,0.0,0.0,19.964064683569575,9.97307270370001
393,291800,0.0,0.0,0.6177415369409439,0.0,0.0,2.478452949668817,1.3125771139054419,1.9718939383980336,3.949421080693255,3.3213543154356615,2.6604412341786885
394,291810,0.0,0.0,2.416217652886172,0.0,2.4479204915424346,0.0,0.0,0.0,0.0,0.0,0.0
395,291830,0.0,0.0,0.0,0.0,0.0,7.316894709885125,0.0,0.0,0.0,0.0,0.0
396,291840,0.0,0.0,0.4540233277185782,0.0,0.4617060963672964,0.0,0.0,0.0,1.0101826410214967,0.0,0.0
397,291870,0.0,0.0,0.0,0.0,0.0,0.0,0.0,0.0,0.0,28.555111364934323,0.0
398,291920,1.02514159768318,0.0,0.0,0.0,0.0,0.0,0.0,0.0,0.0,0.0,0.6535264286087729
399,291940,0.0,0.0,0.0,0.0,0.0,0.0,0.0,0.0,8.116883116883116,0.0,0.0
400,291960,0.0,0.0,0.0,0.0,0.0,0.0,8.927774305865547,0.0,0.0,0.0,0.0
401,292000,0.0,0.0,9.820288716488264,0.0,0.0,0.0,0.0,0.0,0.0,0.0,0.0
402,292050,0.0,0.0,0.0,0.0,0.0,0.0,0.0,4.028684231729917,0.0,0.0,2.8076480332425526
403,292060,0.0,0.0,0.0,0.0,0.0,0.0,0.0,2.3273675146042314,0.0,0.0,0.0
404,292090,0.0,0.0,0.0,0.0,0.0,0.0,0.0,6.887052341597795,0.0,0.0,0.0
405,292120,0.0,0.0,0.0,0.0,0.0,0.0,3.81854284405071,0.0,0.0,3.606983119319002,7.1813285457809695
406,292130,9.083477155054956,0.0,8.605111436193098,0.0,0.0,0.0,9.095870474804439,9.044044496698923,0.0,8.269930532583526,0.0
407,292140,0.0,5.339313364301351,0.0,0.0,0.0,0.0,0.0,18.242626938279113,0.0,0.0,0.0
408,292180,8.311861025683651,0.0,0.0,0.0,0.0,0.0,17.051752067524937,0.0,0.0,0.0,0.0
409,292190,0.0,0.0,0.0,0.0,0.0,0.0,0.0,0.0,0.0,0.0,0.0
410,292210,0.0,0.0,7.362414872078041,0.0,0.0,0.0,4.021393815096313,0.0,0.0,0.0,0.0
411,292230,0.0,3.2646665143155627,0.0,0.0,0.0,0.0,0.0,0.0,0.0,0.0,0.0
412,292240,0.0,0.0,4.363572893485186,0.0,0.0,0.0,0.0,0.0,0.0,0.0,0.0
413,292290,0.0,0.0,3.8563881068990784,0.0,3.8740169681943204,0.0,0.0,0.0,0.0,0.0,0.0
414,292310,0.0,0.0,0.0,0.0,0.0,0.0,0.0,0.0,0.0,4.072158651301055,0.0
415,292320,4.5791739170253685,0.0,0.0,0.0,0.0,0.0,0.0,0.0,0.0,0.0,0.0
416,292390,0.0,9.3694368968425,0.0,0.0,0.0,0.0,0.0,0.0,0.0,0.0,0.0
417,292400,0.0,0.0,2.501459184524306,0.0,0.0,0.0,0.0,0.0,0.0,0.0,1.889698309664862
418,292420,0.0,0.0,0.0,0.0,0.0,0.0,5.866823115283075,0.0,0.0,0.0,0.0
419,292430,0.0,5.474352657798216,0.0,0.0,0.0,0.0,0.0,0.0,0.0,0.0,0.0
420,292460,0.0,0.0,0.0,0.0,0.0,4.736418320466063,0.0,0.0,0.0,0.0,0.0
421,292500,0.0,0.0,0.0,3.7548813457494745,0.0,0.0,0.0,0.0,0.0,0.0,0.0
422,292510,2.133925141906022,0.0,0.0,0.0,2.055287226389888,10.293148880105402,2.1785068514040478,4.471971916016368,6.702412868632709,8.622547962923043,4.326756663205262
423,292530,0.0,0.0,0.0,0.6876113070803337,0.0,0.0,0.0,0.0,0.0,0.0,0.8301510874979247
424,292593,0.0,0.0,0.0,0.0,0.0,0.0,0.0,10.488777008600797,0.0,0.0,0.0
425,292620,0.0,0.0,0.0,0.0,0.0,0.0,4.55767740759309,0.0,4.55767740759309,0.0,0.0
426,292660,0.0,0.0,0.0,0.0,0.0,0.0,0.0,0.0,0.0,0.0,0.0
427,292665,0.0,0.0,0.0,0.0,0.0,0.0,0.0,0.0,0.0,0.0,6.8436901177114695
428,292670,0.0,0.0,0.0,0.0,0.0,0.0,0.0,7.723200494284832,0.0,0.0,0.0
429,292700,0.0,7.182704048650849,0.0,0.0,0.0,0.0,0.0,0.0,2.6934575915102217,34.12521328258301,63.702720637027205
430,292720,0.0,6.248242681745759,3.131556696833996,3.1380424890953025,0.0,0.0,0.0,0.0,0.0,0.0,0.0
431,292740,0.0,0.10155769187802516,0.20421416347752214,0.0,0.10334396972435063,0.27742310005056037,0.07377438612333306,0.07424990885823687,0.07472149431033182,0.03335494733920914,0.033912870375174695
432,292800,0.0,0.0,0.0,0.0,0.0,0.0,0.0,2.935995302407516,0.0,0.0,0.0
433,292810,0.0,0.0,0.0,0.0,0.0,0.0,0.0,0.0,2.480404802063697,4.789501412902917,0.0
434,292820,0.0,0.0,0.0,0.0,0.0,0.0,0.0,0.0,0.0,0.0,3.705075954057058
435,292860,0.0,0.0,0.0,0.0,1.6244578371968357,0.0,0.0,0.0,0.0,0.0,0.0
436,292880,0.0,0.0,0.0,0.0,0.0,0.0,0.0,2.0662437754406264,2.0876390889543015,2.1342439440828085,0.0
437,292930,0.0,0.0,0.0,0.0,0.0,0.0,0.0,0.0,0.0,0.0,3.2893654813986384
438,292970,0.0,4.895002202750991,0.0,4.921259842519685,0.0,0.0,0.0,0.0,0.0,0.0,0.0
439,292980,0.0,0.0,0.0,0.0,0.0,0.0,0.0,0.0,0.0,24.281667341157426,0.0
440,292990,2.275778885323502,0.0,2.2028857803722874,0.0,0.0,0.0,0.0,0.0,0.0,0.0,0.0
441,293010,0.0,0.0,0.0,0.0,1.2374706100730108,0.0,0.0,0.0,1.3435262189141621,0.0,1.3263830859628878
442,293020,0.0,0.0,0.0,0.0,0.0,0.0,0.0,0.0,0.0,2.58164450755131,0.0
443,293060,0.0,0.0,0.0,0.0,0.0,0.0,0.0,0.0,0.0,0.0,0.0
444,293070,0.0,0.0,0.0,0.7507394783862104,0.0,0.0,0.0,0.0,0.0,0.0,0.0
445,293130,0.0,5.603810591202017,5.6006720806496775,0.0,0.0,0.0,0.0,0.0,0.0,0.0,0.0
446,293140,0.0,0.0,0.0,0.0,0.0,0.0,0.0,0.0,12.666244458518051,0.0,0.0
447,293180,0.0,0.0,0.0,0.0,0.0,0.0,0.0,0.0,0.0,5.425052894265719,0.0
448,293190,0.0,0.0,0.0,0.0,0.0,0.0,0.0,0.0,0.0,0.0,0.0
449,293200,4.083966348117292,0.0,0.0,0.0,0.0,0.0,0.0,0.0,0.0,0.0,0.0
450,293210,0.0,0.0,0.0,4.8118564142046,0.0,0.0,0.0,5.068937550689376,0.0,0.0,0.0
451,293270,0.0,0.0,0.0,0.0,0.0,0.0,0.0,0.0,0.0,0.0,0.0
452,293330,0.2950853534384821,0.0,0.2889597161259749,0.0,1.1757824097072596,0.29674735227174937,0.31657190614276126,0.6448929316510227,0.32639845417692104,0.9407308224182427,1.5928741183441752
453,310040,0.0,0.0,0.0,0.0,0.0,0.0,0.0,0.0,0.0,23.618327822390174,0.0
454,310100,0.0,0.0,0.0,0.0,0.0,0.0,0.0,0.0,0.0,0.0,7.58782912208817
455,310170,0.0,2.39268794563813,0.0,0.0,2.437359851808521,0.0,0.0,0.0,0.0,0.0,0.0
456,310220,0.0,0.0,0.0,116.49580615097855,0.0,0.0,0.0,0.0,0.0,0.0,0.0
457,310230,0.0,0.0,0.0,0.0,0.0,0.0,0.0,0.0,0.0,0.0,6.376737661012626
458,310270,0.0,0.0,0.0,0.0,0.0,0.0,0.0,0.0,0.0,10.485477613505296,21.164021164021165
459,310350,0.0,0.0,0.0,0.0,0.0,0.0,0.0,0.0,0.0,0.0,0.9063389345079487
460,310400,0.0,0.0,0.0,0.0,0.0,1.0001400196027446,0.0,0.0,0.0,0.0,0.0
461,310420,0.0,0.0,0.0,0.0,0.0,0.0,0.0,0.0,0.0,0.0,0.0
462,310510,0.0,0.0,0.0,0.0,0.0,0.0,0.0,4.383273428596476,0.0,0.0,0.0
463,310560,0.0,0.0,0.0,0.0,0.7464246260412624,0.0,0.0,0.0,0.0,0.0,0.0
464,310620,0.4796975986338213,0.07924577045511638,0.3580734217615541,0.19979564901019237,0.6021414558736691,0.3630254541347591,0.37565975244022315,0.20958736439697523,0.3788765384492331,0.489273294607352,0.36966420525071036
465,310670,0.23117378489279317,0.4682239796228924,0.0,0.23963173395126366,0.4854333584949624,0.49203639101147917,0.2571533636945738,0.26070792630308337,0.2648676853477845,0.4527468149261569,0.0
466,310740,0.0,0.0,0.0,0.0,0.0,2.0682523267838677,0.0,0.0,0.0,0.0,0.0
467,310900,0.0,0.0,0.0,2.6415194019600072,0.0,2.721236529879177,0.0,0.0,0.0,0.0,0.0
468,311000,0.0,0.0,0.0,0.0,0.0,0.0,0.0,2.433563710697946,0.0,0.0,0.0
469,311010,0.0,0.0,0.0,0.0,18.839487565938207,0.0,0.0,0.0,0.0,0.0,0.0
470,311080,0.0,0.0,0.0,26.788106080900082,0.0,0.0,0.0,0.0,0.0,0.0,0.0
471,311115,0.0,0.0,0.0,0.0,0.0,0.0,0.0,0.0,27.137042062415198,0.0,0.0
472,311230,0.0,0.0,0.0,2.678810608090008,0.0,0.0,0.0,0.0,0.0,0.0,2.9116319697190276
473,311240,0.0,0.0,0.0,0.0,13.883104262113008,0.0,0.0,0.0,0.0,0.0,0.0
474,311300,8.479606546256255,0.0,0.0,0.0,0.0,0.0,0.0,0.0,0.0,4.465880671668453,0.0
475,311340,1.09286034337672,0.0,0.0,0.0,0.0,0.0,0.0,0.0,0.0,1.1699737925870461,0.0
476,311420,0.0,0.0,0.0,0.0,0.0,0.0,0.0,0.0,0.0,4.99226199390944,0.0
477,311530,0.0,0.0,0.0,0.0,0.0,0.0,0.0,0.0,0.0,0.0,0.0
478,311535,0.0,0.0,18.960940462646946,0.0,0.0,0.0,0.0,0.0,0.0,0.0,0.0
479,311545,0.0,0.0,0.0,0.0,0.0,0.0,0.0,15.012760846719713,0.0,0.0,0.0
480,311550,0.0,0.0,0.0,0.0,0.0,0.0,0.0,0.0,0.0,0.0,0.0
481,311630,0.0,0.0,0.0,0.0,0.0,14.721036360959813,0.0,0.0,0.0,0.0,0.0
482,311700,0.0,0.0,0.0,0.0,0.0,0.0,0.0,0.0,0.0,0.0,11.376564277588168
483,311730,0.0,0.0,0.0,3.8434929664078714,0.0,0.0,0.0,0.0,0.0,0.0,0.0
484,311750,5.668612890425712,0.0,0.0,5.495109352676118,0.0,0.0,0.0,0.0,0.0,0.0,0.0
485,311760,0.0,0.0,0.0,0.0,0.0,0.0,0.0,0.0,0.0,0.0,0.0
486,311830,0.0,0.0,0.7910140800506249,0.0,0.0,0.0,0.0,0.8506149946411256,0.8581702094793482,0.0,0.0
487,311840,8.736676568233444,0.0,0.0,0.0,0.0,4.341785342132685,0.0,0.0,0.0,0.0,4.448002846721822
488,311860,0.4551868542036506,0.30368368307570837,0.4588559192413582,0.0,0.0,0.0,0.32583107288026525,0.0,0.49747283798304615,0.3197989104451121,0.16187804431897096
489,311880,0.0,0.0,0.0,3.7072736709423886,0.0,0.0,0.0,0.0,0.0,0.0,3.7032922267896162
490,311940,0.0,0.0,0.0,0.0,0.9187545363505233,0.0,0.0,0.0,0.0,0.0,0.0
491,312015,0.0,0.0,15.199878400972791,0.0,0.0,0.0,0.0,0.0,0.0,0.0,0.0
492,312083,0.0,0.0,0.0,0.0,0.0,0.0,0.0,21.253985122210416,0.0,0.0,0.0
493,312090,0.0,0.0,0.0,0.0,0.0,0.0,0.0,1.3380790537104932,0.0,0.0,0.0
494,312100,0.0,0.0,0.0,0.0,0.0,0.0,0.0,19.138755980861244,0.0,0.0,0.0
495,312200,0.0,0.0,0.0,4.997001798920648,0.0,0.0,0.0,0.0,0.0,0.0,5.010271055664112
496,312230,0.0,0.0,0.42928588293373976,0.0,0.0,0.0,0.0,0.0,0.46931611256077643,0.0,0.0
497,312260,0.0,21.7296827466319,0.0,0.0,0.0,0.0,0.0,0.0,0.0,0.0,0.0
498,312352,0.0,0.0,0.0,0.0,0.0,0.0,0.0,0.0,13.509862199405566,0.0,0.0
499,312410,1.4245014245014245,0.0,0.0,0.0,0.0,0.0,0.0,0.0,1.6624274766013332,0.0,0.0
500,312420,0.0,4.031445273130418,0.0,4.086803710817769,4.117429077284144,4.149721968628102,0.0,0.0,0.0,0.0,0.0
501,312590,0.0,9.585889570552148,0.0,0.0,0.0,0.0,0.0,0.0,0.0,0.0,0.0
502,312600,0.0,0.0,0.0,13.871549452073797,0.0,0.0,0.0,0.0,0.0,0.0,0.0
503,312610,0.0,0.0,0.0,0.0,0.0,0.0,0.0,0.0,0.0,0.0,0.0
504,312660,19.2789666473877,0.0,0.0,0.0,0.0,0.0,0.0,0.0,0.0,0.0,0.0
505,312670,3.8195638058133765,0.0,0.0,0.0,0.0,0.0,0.0,0.0,0.0,0.0,0.0
506,312680,0.0,0.0,0.0,0.0,0.0,0.0,0.0,0.0,0.0,0.0,0.0
507,312707,0.0,0.0,0.0,0.0,0.0,0.0,0.0,0.0,0.0,0.0,15.470297029702971
508,312770,1.0764842025943269,0.35599730866034657,0.7151413298053028,0.3592431465388719,0.0,0.0,0.0,0.7548309178743962,1.5174852234876364,0.3798324179372061,0.38170707036006424
509,312800,0.0,0.0,2.9572674848440044,0.0,0.0,0.0,0.0,0.0,0.0,0.0,0.0
510,312900,0.0,0.0,11.437721605856114,0.0,0.0,0.0,0.0,0.0,0.0,0.0,0.0
511,312980,0.0,1.1269192844062543,0.0,1.7253972727220444,2.3265011748830933,0.0,0.6139979246870146,0.6213379892259993,0.6288279903915083,0.6351706703591256,1.9318694056281793
512,313005,0.0,0.0,0.0,0.0,0.0,0.0,0.0,0.0,0.0,0.0,0.0
513,313010,0.0,0.0,0.0,0.0,0.0,0.0,0.0,0.0,0.0,0.0,3.0333363666696997
514,313030,0.0,0.0,0.0,0.0,0.0,0.0,0.0,0.0,0.0,12.941633234114146,0.0
515,313065,0.0,0.0,0.0,0.0,13.28550551348479,0.0,0.0,0.0,40.944452026750376,90.34589571502323,0.0
516,313090,0.0,0.0,0.0,4.02657539762432,0.0,0.0,0.0,0.0,0.0,0.0,0.0
517,313120,0.0,5.066882853668423,0.0,0.0,0.0,0.0,0.0,0.0,0.0,0.0,0.0
518,313130,0.0,0.382843994900518,0.0,0.7771668382910102,0.0,0.0,0.0,0.0,1.2543012078920632,0.0,0.0
519,313170,0.0,0.0,0.0,0.0,0.0,0.8634311025151749,0.8967483903366393,0.9036443978565554,0.0,0.0,0.9142439202779302
520,313180,0.0,0.0,0.0,0.0,0.0,0.0,0.0,0.0,0.0,0.0,0.0
521,313190,0.0,0.0,0.0,0.0,0.0,0.0,2.1464294146686984,0.0,0.0,0.0,0.0
522,313210,0.0,0.0,0.0,0.0,0.0,0.0,0.0,0.0,5.63729635266926,5.476151360823613,0.0
523,313230,0.0,0.0,0.0,0.0,8.007046200656577,0.0,0.0,0.0,0.0,0.0,0.0
524,313270,0.0,4.230655328510386,4.235134677282737,0.0,0.0,0.0,0.0,0.0,0.0,4.276062601556487,0.0
525,313380,1.0803686217737494,0.0,0.0,0.0,0.0,0.0,0.0,0.0,0.0,0.0,0.0
526,313410,0.0,16.33986928104575,0.0,0.0,0.0,0.0,0.0,0.0,0.0,0.0,0.0
527,313420,0.0,0.0,0.0,0.0,0.0,0.0,0.0,1.0225785340314137,0.0,0.0,0.0
528,313440,0.0,0.0,0.0,2.6525198938992043,0.0,0.0,0.0,0.0,0.0,0.0,0.0
529,313460,0.0,0.0,0.0,0.0,5.3233963268565345,0.0,0.0,0.0,5.841462702260646,0.0,0.0
530,313510,0.0,0.0,0.0,0.0,0.0,0.0,0.0,0.0,1.4969387602353188,0.0,0.0
531,313520,0.0,0.0,0.0,2.9305317449851276,0.0,0.0,0.0,1.5242508307167026,1.5275571306366857,0.0,1.4879623843109246
532,313535,0.0,0.0,0.0,0.0,0.0,0.0,0.0,0.0,12.040939193257074,11.715089034676664,0.0
533,313540,20.108586366378443,0.0,0.0,0.0,0.0,0.0,0.0,0.0,0.0,0.0,0.0
534,313580,0.0,0.0,0.0,0.0,0.0,0.0,4.112349385203767,0.0,0.0,0.0,0.0
535,313640,0.0,0.0,0.0,0.0,0.0,0.0,0.0,0.0,0.0,0.0,0.0
536,313660,0.0,0.0,0.0,0.0,17.34304543877905,0.0,0.0,0.0,0.0,0.0,0.0
537,313720,0.0,0.0,0.0,0.0,0.0,0.0,0.0,0.0,4.3479206069697165,0.0,0.0
538,313760,1.5783077384428414,1.6193807488016583,0.0,1.6730801405387317,0.0,0.0,0.0,3.7282132537981174,1.9038190610364392,0.0,0.0
539,313867,0.0,0.0,0.0,31.210986267166042,0.0,0.0,0.0,0.0,0.0,0.0,0.0
540,313868,0.0,0.0,0.0,0.0,0.0,0.0,0.0,0.0,0.0,0.0,14.979029358897543
541,313920,0.0,0.0,0.0,0.0,0.0,0.0,0.0,0.0,10.645659232447969,5.500247511138001,0.0
542,313940,2.240745720175674,0.0,0.0,0.0,0.0,0.0,0.0,1.2417732522041474,1.2557292647705156,0.0,0.0
543,313960,0.0,0.0,0.0,0.0,0.0,0.0,0.0,0.0,0.0,0.0,0.0
544,314000,0.0,0.0,0.0,0.0,0.0,1.7349364145804056,0.0,0.0,0.0,0.0,0.0
545,314015,0.0,0.0,0.0,6.838074398249453,0.0,0.0,0.0,7.4649148999701405,0.0,0.0,0.0
546,314050,0.0,0.0,0.0,0.0,0.0,0.0,0.0,0.0,7.943442688061006,0.0,0.0
547,314053,0.0,0.0,12.38696890870804,0.0,0.0,0.0,0.0,0.0,0.0,14.892032762472079,0.0
548,314055,0.0,0.0,11.788282447247436,0.0,0.0,0.0,0.0,0.0,0.0,0.0,0.0
549,314060,0.0,0.0,21.593608291945586,0.0,0.0,0.0,0.0,0.0,0.0,0.0,0.0
550,314070,0.0,0.0,0.0,0.0,0.0,0.0,0.0,3.5535339895526104,0.0,0.0,3.755022342382937
551,314090,0.0,0.0,0.0,5.3438785870785015,0.0,0.0,0.0,0.0,0.0,5.876476464711759,0.0
552,314180,0.0,3.1241213408728794,0.0,0.0,0.0,0.0,0.0,0.0,0.0,0.0,0.0
553,314330,0.24703313208367508,0.0,0.0,0.0,0.0,1.0365433352854898,0.0,0.2731233015144687,0.8287956770017487,0.27530993015387073,0.5582366420949504
554,314345,0.0,0.0,0.0,0.0,0.0,12.656625743576763,0.0,0.0,0.0,0.0,0.0
555,314390,0.0,0.9213447948625814,0.0,0.9322879278036228,0.0,0.0,0.0,0.0,0.0,0.0,0.0
556,314400,0.0,0.0,0.0,0.0,0.0,0.0,0.0,0.0,0.0,0.0,7.378712414683639
557,314465,0.0,0.0,0.0,0.0,0.0,0.0,0.0,0.0,10.209290454313425,9.065361254645998,0.0
558,314530,0.0,0.0,0.0,0.0,0.0,0.0,0.0,3.2524556039810055,0.0,0.0,0.0
559,314610,1.351460929264535,0.0,0.0,0.0,0.0,0.0,0.0,0.0,0.0,0.0,0.0
560,314630,4.987033712347896,0.0,0.0,0.0,0.0,0.0,5.247415647793462,0.0,0.0,0.0,5.326515393629488
561,314650,0.0,0.0,0.0,11.974613818704347,12.006243246488173,0.0,12.426991425375917,0.0,0.0,0.0,0.0
562,314700,0.0,0.0,0.0,0.0,0.0,0.0,1.1607256856986987,0.0,0.0,0.0,0.0
563,314740,0.0,0.0,0.0,0.0,0.0,0.0,0.0,0.0,0.0,0.0,0.0
564,314750,0.0,0.0,0.0,0.0,0.0,0.0,0.0,0.0,0.0,54.794520547945204,0.0
565,314800,0.0,0.6627212660627066,0.0,0.0,0.0,0.0,0.0,0.0,0.0,0.0,0.0
566,314810,0.0,0.0,0.0,0.0,0.0,0.0,0.0,0.0,0.0,0.0,0.0
567,314870,0.0,0.0,0.0,4.05137138921525,0.0,0.0,0.0,4.1916418661189585,0.0,0.0,0.0
568,314880,0.0,0.0,0.0,0.0,0.0,0.0,0.0,0.0,0.0,26.80246582685607,0.0
569,314915,0.0,0.0,8.8519075860848,0.0,0.0,0.0,0.0,0.0,0.0,0.0,0.0
570,314930,0.0,0.0,0.0,0.0,0.0,0.0,0.0,0.0,0.0,0.0,0.0
571,314995,0.0,14.164305949008497,0.0,0.0,0.0,0.0,0.0,0.0,0.0,0.0,0.0
572,315080,0.0,5.580980020091528,0.0,0.0,0.0,0.0,0.0,0.0,0.0,0.0,0.0
573,315140,0.0,0.0,0.0,0.0,0.0,0.0,0.0,0.0,0.0,0.0,0.0
574,315150,0.0,0.0,0.0,0.0,0.0,2.9779630732578917,0.0,0.0,0.0,3.0693677102516883,0.0
575,315240,0.0,0.0,0.0,0.0,0.0,0.0,0.0,6.354855109303508,0.0,0.0,6.576351440220966
576,315390,0.0,0.0,0.0,0.0,0.0,0.0,0.0,0.0,6.516780710329098,0.0,0.0
577,315400,0.0,0.0,0.0,4.099368697220628,0.0,4.094501085042788,0.0,0.0,0.0,0.0,0.0
578,315430,22.991148407862973,11.289867344058708,0.0,5.657708628005658,0.0,0.0,0.0,0.0,0.0,0.0,0.0
579,315460,0.6041474723980124,0.30407059302887757,0.0,0.9297741578570565,0.0,0.6332741222029074,0.0,0.33363471669408035,0.0,0.286281122336512,0.0
580,315510,19.353590090961873,0.0,0.0,0.0,0.0,0.0,0.0,0.0,0.0,0.0,0.0
581,315520,0.0,0.0,0.0,0.0,0.0,0.0,0.0,0.0,0.0,14.863258026159333,0.0
582,315640,0.0,0.0,0.0,0.0,27.292576419213972,0.0,0.0,0.0,0.0,0.0,0.0
583,315650,0.0,14.729709824716453,0.0,0.0,0.0,0.0,0.0,0.0,0.0,0.0,12.048192771084336
584,315660,0.0,0.0,0.0,0.0,9.704968944099377,0.0,0.0,0.0,0.0,0.0,0.0
585,315670,0.0,0.7354671687455872,0.7396668540489364,2.232441844889941,1.4978131927386016,0.7539431225308363,0.0,0.0,0.0,0.7924244225207021,0.7981801492596879
586,315680,0.0,0.0,0.0,0.0,0.0,0.0,0.0,0.0,0.0,6.125199068969742,0.0
587,315690,0.0,3.8464497269020694,0.0,0.0,0.0,0.0,0.0,0.0,0.0,0.0,0.0
588,315700,0.0,0.0,0.0,0.0,0.0,0.0,2.5284450063211126,5.080397287067849,0.0,2.5780504782283638,0.0
589,315720,0.0,0.0,0.0,3.3146607444728033,0.0,0.0,0.0,0.0,0.0,0.0,0.0
590,315740,0.0,20.161290322580644,0.0,0.0,0.0,0.0,0.0,0.0,0.0,0.0,0.0
591,315750,22.53267237494367,0.0,0.0,0.0,0.0,0.0,0.0,0.0,0.0,0.0,0.0
592,315780,0.0,0.0,0.9190754101374017,0.46241919224615496,1.396453009356235,0.0,0.48622523897970493,0.4894115804568167,2.460823686904481,0.8635317585392497,0.8793605290232943
593,315790,0.0,0.0,0.0,0.0,0.0,0.0,0.0,0.0,0.0,0.0,0.0
594,315820,0.0,20.13963480128894,0.0,0.0,0.0,0.0,0.0,0.0,0.0,0.0,0.0
595,315895,0.0,3.0461800901669305,0.0,0.0,0.0,0.0,0.0,0.0,3.668647736444347,4.049402713099817,0.0
596,315950,0.0,0.0,17.485574401119077,0.0,0.0,0.0,0.0,0.0,0.0,0.0,0.0
597,316100,0.0,0.0,0.0,5.618608832453085,0.0,0.0,0.0,5.7683433317951085,0.0,0.0,0.0
598,316105,0.0,0.0,0.0,0.0,0.0,0.0,0.0,0.0,29.568302779420463,0.0,0.0
599,316110,0.0,0.0,0.0,1.7723268879712175,0.0,0.0,0.0,0.0,0.0,0.0,0.0
600,316160,124.53300124533001,0.0,0.0,0.0,0.0,22.872827081427264,0.0,0.0,0.0,0.0,0.0
601,316190,0.0,0.0,0.0,0.0,0.0,0.0,0.0,10.123506782749544,0.0,0.0,0.0
602,316210,0.0,0.0,0.0,2.9048656499636896,0.0,0.0,0.0,0.0,0.0,0.0,0.0
603,316270,0.0,0.0,0.0,0.0,4.2704018448135965,0.0,4.441088955011769,0.0,0.0,0.0,0.0
604,316292,0.0,3.315649867374005,0.0,0.0,0.0,0.0,0.0,0.0,0.0,0.0,0.0
605,316340,0.0,0.0,0.0,0.0,0.0,0.0,0.0,0.0,17.7430801987225,0.0,0.0
606,316410,0.0,0.0,0.0,0.0,0.0,0.0,18.20498816675769,0.0,0.0,0.0,0.0
607,316450,0.0,0.0,0.0,0.0,0.0,0.0,0.0,0.0,0.0,0.0,0.0
608,316553,0.0,3.221960885394851,0.0,0.0,0.0,0.0,0.0,0.0,0.0,0.0,0.0
609,316710,4.763492592769018,0.0,0.0,18.668035655948103,0.0,0.0,0.0,0.0,0.0,0.0,0.0
610,316720,0.0,0.0,0.0,0.0,0.0,0.0,0.0,0.0,0.46713473567180985,0.0,0.450929817283238
611,316760,0.0,0.0,5.1203277009728625,0.0,0.0,0.0,0.0,0.0,0.0,0.0,0.0
612,316800,0.0,0.0,0.0,0.0,0.0,0.0,0.0,0.0,3.236874474007898,6.383046628155619,0.0
613,316830,0.0,24.539877300613497,0.0,0.0,0.0,0.0,0.0,0.0,0.0,0.0,0.0
614,316840,0.0,0.0,0.0,6.815703380588877,0.0,0.0,0.0,0.0,0.0,0.0,0.0
615,316860,0.0,0.0,0.0,0.0,0.0,0.0,0.0,1.479793420838451,0.0,0.0,0.0
616,316900,0.0,0.0,0.0,0.0,0.0,0.0,0.0,0.0,0.0,0.0,6.138735420503377
617,316970,0.0,0.0,0.0,5.140331037318804,0.0,0.0,0.0,0.0,0.0,0.0,0.0
618,316990,0.0,0.0,0.8913768206371562,0.0,0.0,0.0,0.0,0.0,0.0,0.0,0.0
619,317010,0.0,0.30462543256811425,0.0,0.3104375306557062,0.0,0.0,0.0,0.3340448488614082,0.0,0.0,0.0
620,317020,0.0,0.0,0.0,0.0,0.15274614659658672,0.0,0.0,0.0,0.0,0.0,0.16065779728520455
621,317040,0.0,0.0,0.0,0.0,0.0,0.0,0.0,0.0,0.0,0.0,1.29143905053401
622,317070,0.0,0.0,0.0,0.0,0.0,0.0,0.7986710114369688,0.0,0.0,0.0,0.0
623,317080,2.5527786996145303,0.0,0.0,0.0,0.0,0.0,0.0,0.0,0.0,0.0,0.0
624,317090,0.0,0.0,0.0,0.0,0.0,0.0,0.0,0.0,0.0,0.0,5.068166844052507
625,317120,0.7976008167432364,0.8172271482858661,0.8298066550493736,0.0,0.0,0.0,0.0,0.0,0.0,0.0,0.0
626,317170,0.0,0.0,0.0,0.0,0.0,0.0,0.0,0.0,0.0,11.704119850187267,0.0
627,317180,0.0,0.0,0.0,0.0,0.0,0.0,0.0,0.0,0.0,0.0,0.0
628,317200,0.0,0.0,0.0,2.4282453499101546,0.0,0.0,0.0,0.0,0.0,0.0,0.0
629,320010,3.2552083333333335,0.0,3.0857530780386955,3.0812842792876074,0.0,0.0,3.2342572528218896,0.0,0.0,0.0,0.0
630,320030,0.0,6.6304203686513725,0.0,0.0,0.0,0.0,0.0,0.0,0.0,0.0,0.0
631,320080,0.0,0.0,0.0,0.0,0.0,0.0,0.0,0.0,3.438080176029705,0.0,0.0
632,320090,0.0,0.0,0.0,0.0,0.0,0.0,0.0,0.0,0.0,0.0,0.0
633,320100,0.0,0.0,6.49772579597141,0.0,0.0,0.0,0.0,0.0,0.0,0.0,0.0
634,320115,0.0,0.0,7.814331483941548,0.0,0.0,0.0,0.0,0.0,0.0,0.0,0.0
635,320130,0.0,0.516304909027075,0.0,0.0,0.0,0.0,0.0,0.0,0.0,0.0,0.5520637523221181
636,320180,0.0,0.0,0.0,0.0,0.0,0.0,0.0,0.0,22.1483942414175,0.0,0.0
637,320190,0.0,0.0,2.8910925438723294,0.0,0.0,0.0,0.0,0.0,6.284565108094519,3.081189339084887,0.0
638,320245,0.0,0.0,3.9112918997144757,0.0,0.0,0.0,0.0,0.0,0.0,0.0,0.0
639,320255,0.0,10.66894270777766,0.0,0.0,0.0,0.0,0.0,0.0,11.155734047300312,0.0,0.0
640,320265,0.0,0.0,0.0,0.0,0.0,0.0,0.0,0.0,0.0,0.0,0.0
641,320280,0.0,0.0,0.0,2.9178338001867417,0.0,0.0,0.0,0.0,0.0,0.0,0.0
642,320290,0.0,0.0,0.0,0.0,0.0,0.0,0.0,9.22509225092251,0.0,0.0,0.0
643,320316,0.0,0.0,0.0,0.0,0.0,0.0,9.250693802035153,0.0,0.0,0.0,8.987956138774042
644,320330,0.0,0.0,0.0,6.613319224918987,0.0,0.0,0.0,0.0,0.0,0.0,0.0
645,320334,0.0,0.0,0.0,0.0,0.0,6.37389253617184,0.0,0.0,0.0,0.0,0.0
646,320370,5.677624481916766,0.0,0.0,0.0,0.0,0.0,0.0,0.0,0.0,0.0,0.0
647,320400,0.0,0.0,0.0,0.0,0.0,0.0,0.0,0.0,4.646840148698884,0.0,0.0
648,320410,0.0,0.0,0.0,0.0,3.8009806530084767,3.842754486415863,0.0,0.0,0.0,0.0,0.0
649,320420,4.68099049758929,0.0,0.0,0.0,0.0,0.0,0.0,0.0,0.0,0.0,0.0
650,320455,0.0,7.513524343818873,0.0,0.0,2.6116479498563594,0.0,0.0,0.0,0.0,0.0,0.0
651,320460,0.0,0.0,0.0,0.0,0.0,0.0,0.0,0.0,4.584001833600734,0.0,0.0
652,320500,0.9850314619048933,0.19895825457902425,0.0,0.0,0.4197906084445079,0.21398704950376404,0.0,0.24036785897136978,0.24430524474499418,0.0,0.503491715043829
653,320501,0.0,0.0,0.0,0.0,0.0,0.0,0.0,0.0,0.0,0.0,0.0
654,320506,0.0,0.0,0.0,0.0,0.0,0.0,0.0,0.0,0.0,0.0,0.0
655,320510,0.0,0.0,0.0,0.0,0.0,0.0,0.0,0.0,0.0,1.6439527199197752,0.0
656,320520,0.0,0.0,0.20847926882150838,0.0,0.21473512422426935,0.0,0.0,0.0,0.4826021910139472,0.0,0.7360536239600175
657,320530,0.0,0.5507517761744781,0.2781215669369081,0.2809975412715139,0.0,0.0,0.0,0.0,0.0,0.0,0.0
658,330030,0.0,0.0,0.0,1.0323646311877355,0.0,0.0,0.0,0.0,0.0,0.0,0.0
659,330040,0.0,0.0,0.5551669386984666,0.0,0.0,0.0,0.0,0.0,0.0,0.0,0.0
660,330045,0.0,0.0,0.0,0.0,0.0,0.0,0.210705526384546,0.0,0.0,0.19938430127765458,0.0
661,330100,0.0,0.2039617530920602,0.0,0.0,0.0,0.0,0.0,0.0,0.0,0.0,0.0
662,330120,0.0,0.0,0.0,0.0,0.0,0.0,0.0,0.0,0.0,0.0,5.623031938821413
663,330160,0.0,0.0,0.0,8.991997122560921,0.0,0.0,0.0,0.0,0.0,0.0,0.0
664,330170,0.0,0.0,0.22550024410401426,0.0,0.11384309234268593,0.11442681890010653,0.2306626823532668,0.23224541837850896,0.11695277213155783,0.0,0.34706475765624856
665,330190,0.0,0.0,0.0,0.0,0.0,0.0,0.0,0.0,0.0,0.43668885046027006,0.0
666,330227,0.0,0.0,0.9944114078876712,0.0,0.0,0.0,0.0,0.0,0.0,0.0,0.0
667,330330,0.0,0.0,0.0,0.0,0.0,0.0,0.0,0.0,0.0,0.0,0.2092435427442709
668,330350,0.0,0.0,0.2508041407763642,0.0,0.0,0.12425215732808162,0.0,0.0,0.1257526294874826,0.11559504282218362,0.3506721215663355
669,330380,2.345765892563922,0.0,0.0,0.0,0.0,0.0,0.0,0.0,0.0,0.0,0.0
670,330414,0.6699494188188791,0.0,0.0,0.0,0.0,0.7054524419236277,0.0,0.0,0.0,0.0,0.0
671,330420,0.0,0.0,0.0,0.0,0.0,0.0,0.0,0.0,0.0,0.0,0.7826992165180843
672,330452,0.6849831151662111,0.0,0.0,0.0,0.0,0.0,0.0,0.0,0.0,0.0,0.0
673,330455,0.029900161864526258,0.06134719043670918,0.0615494741597612,0.0772006310070776,0.06198012235495954,0.07776142886936593,0.015648742075868232,0.0,0.0948911100789067,0.1293094391041442,0.09738604493684272
674,330475,0.0,2.427714792066228,0.0,0.0,0.0,0.0,0.0,0.0,0.0,0.0,0.0
675,330490,0.18558264134205943,0.0,0.0,0.0963315964746489,0.0,0.0,0.0,0.09919995238402286,0.0,0.0,0.0
676,330510,0.0,0.0,0.0,0.0,0.0,0.0,0.217362007729393,0.0,0.0,0.0,0.21353422633346786
677,330513,0.0,0.0,0.0,0.0,0.0,0.0,0.0,14.186409419775854,0.0,0.0,0.0
678,330555,0.0,0.0,0.0,0.0,0.0,0.0,0.0,0.0,0.0,1.2687296210304622,0.0
679,330580,0.0,0.0,0.0,0.0,0.0,0.0,0.0,0.6034420333582756,0.0,0.0,0.0
680,330615,0.0,0.0,0.0,0.0,0.0,0.0,0.0,0.0,0.0,0.0,0.0
681,330630,0.3676497621306039,0.0,0.0,0.0,0.0,0.0,0.0,0.0,0.0,0.0,0.38489517379941574
682,350020,0.0,27.70850651149903,0.0,0.0,0.0,0.0,0.0,0.0,0.0,0.0,0.0
683,350030,0.0,0.0,0.0,0.0,0.0,0.0,3.0539013589861046,0.0,0.0,0.0,0.0
684,350390,0.0,0.0,0.0,0.0,1.2099067161921815,0.0,0.0,0.0,0.0,0.0,0.0
685,350410,0.0,0.0,0.0,0.7289320416657555,0.7358622465874388,0.0,0.0,0.0,0.0,0.0,0.0
686,350460,0.0,0.0,0.0,0.0,0.0,0.0,0.0,0.0,6.846970215679562,0.0,0.0
687,350530,0.0,0.0,0.0,0.0,2.7536830510808206,0.0,0.0,0.0,0.0,0.0,0.0
688,350560,0.0,0.0,0.0,0.0,0.0,0.0,0.0,0.0,0.0,0.0,3.7154003343860302
689,350570,0.0,0.0,0.3774510729046747,0.0,0.0,0.7789496642726946,0.4070799342158827,0.4111132123564187,0.4155308822551692,0.0,0.3779018135508032
690,350635,0.0,1.6864259574683373,0.0,1.7681902572716823,0.0,0.0,0.0,0.0,0.0,0.0,0.0
691,350690,0.0,8.8999644001424,0.0,0.0,0.0,0.0,0.0,0.0,0.0,0.0,0.0
692,350760,0.0,0.0,0.0,0.0,0.6295009316613788,0.6369629606038408,0.0,0.0,0.0,0.0,0.0
693,350780,0.0,0.0,0.0,0.0,0.0,4.386542088871343,0.0,0.0,4.738213693437574,4.88162069807176,0.0
694,350800,0.0,0.0,0.0,0.0,0.0,0.0,0.0,0.0,0.0,0.0,0.0
695,350810,0.0,0.0,0.0,0.0,6.079396923825157,0.0,0.0,0.0,0.0,0.0,0.0
696,350860,0.0,0.0,0.0,0.0,0.0,0.0,0.0,0.0,0.0,0.0,2.941262978322892
697,350920,0.0,0.0,0.0,0.0,0.0,0.0,0.0,1.5351786180322082,0.0,0.0,1.5994369981766419
698,350950,0.0,0.16914334814183346,0.0,0.0,0.08660880621019784,0.1746935438506999,0.0,0.0,0.0,0.2817777168303013,0.09463925409125495
699,350960,0.0,1.211827435773146,0.0,0.0,0.0,0.0,0.0,0.0,0.0,0.0,0.0
700,351020,0.0,0.0,0.0,0.0,2.1053518042864963,0.0,0.0,0.0,0.0,0.0,0.0
701,351060,0.0,0.0,0.5070158315693407,0.0,0.25636227065190365,0.5157457167318226,0.8035183389668897,0.5383551097975247,0.8110124679650075,0.2546466650199516,0.7721371727425282
702,351300,0.0,0.0,0.0,0.0,0.0,0.45260952018864764,0.0,0.0,0.0,0.0,1.1166384715452602
703,351380,0.2375669344837908,0.0,0.0,0.0,0.0,0.4917412064378759,0.0,0.0,0.5180823699159929,0.0,0.0
704,351400,0.0,0.0,0.0,0.0,0.0,0.0,0.0,12.482836100362002,0.0,0.0,0.0
705,351440,2.148873990029225,0.0,0.0,0.0,0.0,0.0,0.0,0.0,0.0,0.0,0.0
706,351500,0.0,0.0,0.0,0.381998693564468,0.38602139330561697,0.0,0.0,0.8239607794668973,0.8333090284866691,0.0,0.0
707,351570,0.0,0.0,0.0,0.0,0.0,0.0,0.0,0.0,0.5942123715015747,0.0,0.0
708,351620,0.0,0.28798774324164766,0.0,0.0,0.0,0.0,0.0,0.3115148343364111,0.31369104568910083,0.0,0.0
709,351630,0.0,0.0,0.0,0.0,0.6005825650881355,0.607098192061584,0.0,0.0,0.0,0.6357521583785777,0.6442302736690202
710,351640,0.0,0.0,0.0,0.0,0.6953280905595305,0.0,0.0,0.7495858538157668,0.0,0.0,0.0
711,351820,0.0,0.0,0.0,0.0,0.0,0.0,0.0,0.0,3.2679738562091507,0.0,0.0
712,351860,0.0,0.0,0.0,0.0,0.0,2.6492171563303044,0.0,5.582849486377847,0.0,0.0,0.0
713,351870,0.0,0.31689393243187575,0.0,0.0,0.3236361164960565,0.0,0.0,0.0,0.0,0.0,0.0
714,351880,0.0,0.3706138774142715,0.0,0.0,0.22862420810289918,0.07696754047915373,0.0,0.0,0.0818091604989377,0.3848276318554157,0.23452120931643322
715,351907,0.0,0.0,0.0,0.0,0.0,0.47815089485939977,0.503124402539772,0.0,2.080894784757446,0.0,0.49739118324388587
716,351960,0.0,0.0,0.0,0.0,0.0,0.0,0.0,0.0,0.0,1.8815383457514865,0.0
717,352040,2.9126496373751203,0.0,0.0,0.0,0.0,0.0,3.412037668895865,0.0,0.0,0.0,0.0
718,352042,0.0,0.0,0.0,0.0,9.899029895070283,0.0,0.0,0.0,0.0,0.0,0.0
719,352220,0.0,0.0,0.5913555643601829,0.0,0.60486187978975,0.0,0.0,0.6477774754816226,0.0,0.0,0.0
720,352250,0.0,0.0,0.0,0.0,0.4540295119182747,0.0,0.0,0.0,0.0,0.48571747757199546,0.49506175895442955
721,352310,0.2728371516892712,0.0,0.0,0.0,0.0,0.0,0.3038183895194808,0.6144053477841471,0.6213997651108888,0.0,0.0
722,352390,0.0,0.0,0.5929685785950202,0.0,0.0,0.0,0.0,0.0,0.0,0.0,0.6432646969901645
723,352440,0.0,0.43506445479897843,0.0,0.0,0.0,0.0,0.0,0.0,0.0,0.0,0.0
724,352450,0.0,0.0,0.0,0.0,0.0,0.0,0.0,0.0,0.0,0.0,0.0
725,352460,0.0,0.0,0.0,0.0,0.0,0.0,0.0,0.0,0.0,6.126700159294204,0.0
726,352470,0.0,0.0,0.0,0.0,0.0,0.0,0.0,0.0,0.0,2.4326757000024326,0.0
727,352520,6.789788158609451,0.0,3.569898614879337,0.0,0.0,0.0,0.0,0.0,0.0,0.0,0.0
728,352530,0.0,0.6833495059383072,0.0,0.0,0.0,0.0,0.0,0.0,0.0,0.0,0.7492376506904225
729,352570,0.0,0.0,0.0,0.0,0.0,0.0,0.0,0.0,3.051199121254653,0.0,0.0
730,352590,0.0,0.0,0.24646325232907776,0.0,0.0,0.0,0.0,0.0,0.0,0.0,0.0
731,352650,0.0,0.0,0.0,0.0,0.0,0.0,0.0,0.0,0.0,0.0,11.049723756906078
732,352670,0.0,0.0,0.0,0.0,0.0,0.0,0.0,1.0799019449034026,0.0,0.0,0.0
733,352690,0.0,0.0,0.0,0.0,0.0,0.0,0.0,0.0,0.0,0.0,0.3587109363790283
734,352730,0.0,0.0,0.0,0.0,0.0,0.0,0.0,0.0,0.0,0.0,3.085848299697587
735,352930,0.0,0.0,0.0,0.0,2.4694406716878627,0.0,0.0,0.0,0.0,0.0,0.0
736,352940,0.0,0.0,0.0,0.0,0.0,0.0,0.0,0.0,0.23964666495718712,0.0,0.24227564669426996
737,353030,1.6854027269816123,1.7018379850238257,0.0,0.0,3.4849276877504796,3.5143208574942895,0.0,0.0,0.0,0.0,0.0
738,353130,0.0,0.0,0.0,0.0,0.0,0.0,0.0,4.266666666666667,0.0,0.0,0.0
739,353140,0.0,0.0,0.0,0.0,0.0,0.0,0.0,0.0,0.0,0.0,0.0
740,353180,0.0,0.0,0.0,0.0,0.0,0.0,0.0,2.0063802893200378,0.0,0.0,0.0
741,353190,0.0,0.0,0.0,0.0,0.0,0.0,0.0,0.0,0.0,0.0,3.810249571346923
742,353440,0.0,0.0,0.0,0.14391719580222323,0.0,0.14458137907502616,0.2990086368644758,0.0,0.3000889763814971,0.0,0.14023947292396496
743,353500,0.0,0.0,0.0,0.0,8.285004142502071,0.0,0.0,0.0,0.0,0.0,0.0
744,353510,0.0,0.0,0.0,0.0,0.0,0.0,0.0,0.0,0.0,0.0,0.0
745,353540,0.0,0.0,0.0,0.0,0.0,0.0,0.0,0.0,6.8479079641169625,0.0,0.0
746,353730,0.0,0.0,0.0,0.0,1.6200628584389076,0.0,0.0,0.0,0.0,0.0,0.0
747,353760,1.4804287321608338,0.0,0.0,0.0,0.0,0.0,0.0,0.0,0.0,0.0,0.0
748,353870,0.0,0.0,0.0,0.0,0.0,0.0,0.0,0.0,0.0,0.0,0.2736427320490368
749,353910,5.375188131584605,0.0,0.0,0.0,0.0,0.0,0.0,0.0,0.0,0.0,0.0
750,353950,0.0,0.0,2.593764589925818,0.0,0.0,0.0,0.0,2.8069387525964182,0.0,0.0,0.0
751,354020,0.0,0.0,0.0,0.0,2.2163611782176025,0.0,0.0,0.0,0.0,0.0,0.0
752,354085,0.0,0.0,0.0,28.192839018889202,0.0,0.0,0.0,0.0,0.0,0.0,0.0
753,354100,0.3133362160265208,0.0,0.0,0.0,0.3404892830998144,0.0,0.0,0.0,0.3834811653225652,0.0,0.4089427602818434
754,354330,0.0,0.0,0.0,0.0,0.0,0.0,0.0,0.8793064031092275,0.0,0.0,0.0
755,354340,0.0,0.0,0.0,0.0,0.0,0.0,0.0,0.0,0.0,0.17758614259812078,0.1791678013960755
756,354400,0.0,0.0,0.0,0.0,0.0,0.0,0.0,0.0,0.0,0.0,3.5668426309031247
757,354470,0.0,40.766408479412966,0.0,0.0,0.0,0.0,0.0,0.0,0.0,0.0,0.0
758,354580,0.0,0.0,0.0,0.0,0.0,0.0,0.0,0.0,0.0,0.527501279190602,0.5321753198373672
759,354680,0.0,0.0,0.0,0.0,0.0,0.0,0.0,0.0,0.0,0.0,0.0
760,354780,0.13964354588477454,0.13981496887019718,0.0,0.0,0.0,0.0,0.0,0.0,0.14838688616054868,0.44550309179145703,0.0
761,354850,0.0,0.4600429680132125,0.0,0.0,0.0,0.230865306254372,0.0,0.0,0.4764661458891692,0.23975180892739836,0.0
762,354870,0.0,0.12085512250479492,0.24323739239785855,0.0,0.24646051887333037,0.0,0.0,0.0,0.0,0.2466155103892949,0.0
763,354890,0.0,0.0,0.0,0.0,0.0,0.0,0.0,0.0,0.0,0.0,0.458547322083639
764,354980,0.0,0.0,0.0,0.0,0.0,0.0,0.24051817235051193,0.24267368155388813,0.0,0.0,0.0
765,354990,0.0,0.14220321123291604,0.0,0.0,0.0,0.0,0.0,0.1570164364805708,0.0,0.0,0.0
766,355030,0.07391064334616149,0.05781817340826569,0.11629669779680059,0.1253360573036454,0.13450020103576923,0.10150675785469865,0.18458804124400033,0.18557599120334456,0.21344016725171505,0.2808583356896744,0.24567232280178547
767,355070,3.4248139184437645,3.507213168416376,3.5589721688376397,0.0,0.0,0.0,0.0,0.0,0.0,0.0,0.0
768,355100,0.2753508658407976,0.27748487707419944,0.27933819195561876,0.0,0.5665080444142306,0.0,0.0,0.0,0.3008206387023801,0.0,0.0
769,355170,0.0,0.0,0.0,0.0,0.0,0.0,0.8896718000729531,1.7976396990751145,0.9083147128817192,0.0,0.0
770,355240,0.3589749112434532,0.7325819484482083,0.0,0.0,0.0,0.38676340908739304,0.40609631792468537,0.41159038524860064,0.0,0.4148052282050963,0.8434014379994518
771,355250,0.0,0.0,0.0,0.0,0.0,0.0,0.0,0.0,0.3808537217025685,0.0,0.0
772,355280,0.0,0.0,0.3623871164132373,0.0,0.0,0.3782835007868297,0.0,0.0,0.4086319411243099,0.8797279881060776,0.0
773,355410,0.0,0.0,0.0,0.0,0.0,0.0,0.3522379437757794,0.0,0.0,0.0,0.0
774,355620,0.0,0.0,0.0,0.0,0.8452228007302726,0.0,0.9058791557206268,0.0,0.0,0.0,0.0
775,355650,0.8293799555452344,0.0,0.0,0.0,0.0,0.0,0.0,0.0,0.0,0.0,0.0
776,355710,0.0,0.0,0.0,0.0,0.0,0.0,0.0,0.0,0.0,0.0,0.0
777,410270,0.0,0.0,0.0,35.44842254519674,0.0,0.0,0.0,0.0,0.0,0.0,0.0
778,410480,0.3081892035158224,0.0,0.0,0.0,0.0,0.0,0.0,0.0,0.0,0.0,0.0
779,410690,0.0,0.0,0.0,0.0,0.0,0.0,0.0,0.05667196171695642,0.0,0.0,0.0
780,410830,0.0,0.0,0.0,0.0,0.0,0.0,0.0,0.3907776475185619,0.0,0.0,0.0
781,410860,0.0,0.0,0.0,0.0,0.0,0.0,0.0,0.0,0.0,0.0,0.0
782,410980,0.0,0.0,0.0,0.0,0.0,0.0,0.0,0.0,0.0,2.104642842109694,0.0
783,411690,0.0,0.0,0.0,3.5860288316718067,0.0,0.0,0.0,0.0,0.0,0.0,0.0
784,411990,0.0,0.0,0.0,0.0,0.0,0.0,0.0,0.317946826572724,0.0,0.0,0.0
785,412030,0.0,0.0,0.0,0.0,0.0,0.0,0.0,0.0,24.87562189054726,0.0,0.0
786,412190,0.0,0.0,7.352400558782443,0.0,0.0,0.0,0.0,0.0,0.0,0.0,0.0
787,412410,0.0,0.0,2.1948114656950968,0.0,0.0,0.0,0.0,0.0,0.0,0.0,0.0
788,412690,17.908309455587393,0.0,0.0,0.0,0.0,0.0,0.0,0.0,0.0,0.0,0.0
789,412750,0.0,0.0,0.0,0.0,0.0,0.0,0.0,0.0,0.0,0.0,0.0
790,412820,0.0,0.0,0.0,0.0,0.0,0.0,0.0,0.0,1.8956267889977823,0.0,0.0
791,420010,0.0,0.0,0.0,0.0,0.0,0.0,0.0,0.0,0.0,0.0,0.0
792,420290,0.0,0.7762890279308792,0.0,0.8144980655670943,0.0,0.0,0.0,0.0,0.0,0.0,0.0
793,420420,0.0,0.0,0.0,0.0,0.0,0.5045714170383676,0.0,0.0,0.0,0.0,0.0
794,420770,0.0,0.0,0.0,0.0,0.0,0.0,0.0,0.0,0.0,13.513513513513514,0.0
795,421350,0.0,0.0,5.06482982171799,0.0,0.0,0.0,0.0,0.0,0.0,0.0,0.0
796,430192,0.0,0.0,0.0,0.0,0.0,0.0,0.0,0.0,0.0,0.0,0.0
797,430910,0.0,2.8533112677261965,0.0,0.0,0.0,0.0,0.0,0.0,0.0,0.0,0.0
798,431370,0.0,0.0,0.0,0.0,0.0,2.847380410022779,0.0,0.0,0.0,0.0,0.0
799,431490,0.0,0.0,0.0,0.0,0.0,0.0,0.0,0.0,0.0,0.0,0.0
800,431830,0.0,0.0,0.0,0.0,0.0,0.0,0.0,0.0,0.0,1.6852891113470516,0.0
801,431870,0.0,0.0,0.0,0.0,0.0,0.0,0.0,0.0,0.0,0.0,0.4758619048752052
802,432195,0.0,0.0,0.0,0.0,0.0,16.772895001677288,0.0,0.0,0.0,0.0,0.0
803,500320,0.0,0.9099263869552953,0.0,0.0,0.0,0.0,0.0,0.0,0.0,0.0,0.0
804,500325,0.0,0.0,0.0,0.0,0.0,0.0,0.0,0.0,0.0,0.0,0.0
805,500370,0.0,0.0,0.0,0.0,0.0,0.0,0.4981841188866581,0.0,0.5100271334434991,0.5269758961225114,0.0
806,500380,0.0,0.0,0.0,5.202913631633715,0.0,0.0,0.0,0.0,0.0,0.0,0.0
807,500630,0.0,0.0,0.0,0.0,0.0,0.0,0.0,0.0,0.0,2.48391663975757,0.0
808,500660,0.0,0.0,0.0,0.0,0.0,0.0,0.0,0.0,0.0,1.3168117354261861,0.0
809,500720,0.0,0.0,0.0,0.0,0.0,0.0,0.0,0.0,0.0,3.583844031107766,3.644979041370512
810,510267,0.0,0.0,0.0,0.0,0.0,0.0,0.0,0.0,3.1633556877135267,0.0,0.0
811,510320,0.0,0.0,3.1133250311332503,0.0,0.0,3.17309217832778,0.0,0.0,0.0,0.0,0.0
812,510675,0.0,0.0,0.0,2.312940904359894,0.0,0.0,0.0,0.0,0.0,0.0,0.0
813,510760,0.0,0.0,0.0,0.0,0.0,0.0,0.0,0.5026388539834129,0.0,0.0,0.0
814,510840,0.0,0.0,0.0,0.0,0.0,0.0,0.0,0.0,0.0,0.0,0.42030051486813075
815,520025,0.0,0.0,0.5221959383599915,0.0,0.0,0.0,0.0,0.0,0.0,0.0,0.0
816,520140,0.0,0.0,0.0,0.0,0.0,0.19975270614978657,0.0,0.0,0.0,0.0,0.0
817,520620,0.0,0.0,0.0,0.0,0.0,0.0,0.0,0.0,0.0,0.0,0.0
818,520640,0.0,0.0,0.0,0.0,0.0,0.0,6.279434850863422,0.0,0.0,0.0,0.0
819,520860,0.0,0.0,0.0,0.0,0.0,0.0,1.6361791943453647,0.0,0.0,0.0,0.0
820,520870,0.0,0.0,0.0,0.0,0.0,0.0,0.0,0.0,0.0,0.0,0.07902676952790988
821,520880,0.0,2.4290121207704827,0.0,0.0,0.0,0.0,0.0,0.0,0.0,0.0,0.0
822,521170,0.0,0.0,0.0,0.0,0.0,0.0,0.0,0.0,0.0,0.0,0.0
823,521250,0.0,0.0,0.0,0.0,0.0,0.0,0.0,0.5646559269109368,0.0,0.0,0.0
824,521523,0.0,0.9082982124691178,0.0,0.0,0.0,0.0,0.0,0.0,0.0,0.0,0.0
825,521560,0.0,0.0,0.0,0.0,3.2680806562305955,0.0,0.0,0.0,0.0,0.0,3.6457763680775823
826,521770,5.625246104517073,0.0,0.0,0.0,0.0,0.0,0.0,0.0,0.0,0.0,0.0
827,521850,0.0,0.0,0.0,0.0,0.0,2.1651113949812717,0.0,0.0,0.0,0.0,0.0
828,521960,0.0,0.0,0.0,0.0,0.0,25.490695895997963,0.0,0.0,0.0,0.0,0.0
829,522140,0.0,0.0,0.0,0.0,0.0,0.0,0.0,0.9411233248004819,0.0,0.0,0.0
830,522185,0.0,0.0,0.0,0.0,0.6666444451851605,0.0,0.0,0.0,0.0,0.0,0.0
831,530010,0.0,0.098702262650669,0.10076527870332552,0.24015122665815847,0.0701170815026932,0.14338145812490746,0.1510270595182539,0.03831420560475525,0.11705202142988408,0.23015975004651146,0.03910591367447768
